patient_id,primary_symptom_category,pain_level_self_reported,pain_onset,pain_duration,pain_location,pain_character,pain_radiating,symptom_trend,flag_shortness_of_breath,flag_chest_pain_sweating_nausea,flag_loss_of_consciousness,flag_confusion_altered_mental_state,flag_uncontrolled_bleeding,flag_severe_allergic_reaction,flag_stroke_signs,flag_vomiting_blood_or_blood_in_stool,flag_high_fever_stiff_neck_rash,flag_severe_dehydration,systolic_bp,diastolic_bp,heart_rate,respiratory_rate,temperature,spo2,pain_score_clinical,wbc,hemoglobin,platelet_count,sodium,potassium,creatinine,glucose,troponin,bnp,lactate,inr,diabetes_flag,hypertension_flag,cardiac_history_flag,copd_asthma_flag,ckd_flag,cancer_flag,immunocompromised_flag,chronic_condition_count,charlson_comorbidity_index,active_medication_count,on_anticoagulants_flag,on_insulin_flag,days_since_last_ed_visit,ed_visits_past_year,admissions_past_year,has_pcp_flag,age,gender,pqe_category,total_red_flags,avoidable_ed
PAT-00001,injury,8,gradual,1_week,unknown,dull,0,fluctuating,0,0,0,0,0,0,0,0,0,0,88,72,75,14,102.3,88,8,13.6,13.7,229198,132.4,3.2,0.88,164,1.014,593,1.2,3.0,0,0,0,0,0,0,0,0,2,7,0,1,8,0,2,1,39,male,standard,0,0
PAT-00002,headache,6,gradual,1_week,abdomen,burning,0,fluctuating,0,0,0,0,0,0,0,0,0,0,113,87,74,25,99.4,95,7,8.3,13.4,120429,135.9,5.3,1.98,173,0.497,436,4.2,2.1,1,0,0,1,0,0,0,0,0,8,0,0,178,6,2,1,33,unknown,standard,0,0
PAT-00003,shortness_of_breath,0,gradual,3_days,head,unknown,0,fluctuating,0,0,0,0,0,0,0,0,0,0,96,84,73,12,101.3,93,3,8.3,8.6,274339,134.7,3.2,2.46,142,0.104,511,1.1,2.4,0,0,0,0,0,0,0,3,3,0,0,0,114,4,0,1,60,male,standard,0,0
PAT-00004,injury,3,gradual,1_day,leg,throbbing,1,worsening,0,0,0,0,0,0,0,0,0,0,135,69,87,14,99.4,92,6,8.5,13.1,316028,139.7,3.3,3.11,108,0.949,189,3.5,1.3,1,1,0,0,0,0,0,3,0,10,0,1,211,4,2,1,39,unknown,standard,0,0
PAT-00005,chest_pain,3,chronic,1_hour,arm,pressure,1,improving,0,0,0,0,0,0,0,0,0,0,103,83,117,27,101.2,95,7,4.0,14.7,301418,130.7,3.7,0.77,81,0.028,618,1.4,2.9,0,0,0,0,0,0,0,4,0,11,0,0,291,3,3,1,31,male,standard,0,1
PAT-00006,other,8,chronic,1_week,arm,burning,0,improving,0,0,1,0,0,0,0,0,0,0,115,80,122,16,98.6,98,5,17.2,8.0,132665,135.0,4.9,1.98,256,0.721,558,2.2,1.1,0,0,0,1,0,0,0,3,6,1,1,0,299,6,2,1,66,female,standard,1,0
PAT-00007,shortness_of_breath,5,chronic,1_hour,back,sharp,0,improving,0,0,0,0,0,0,0,0,0,0,110,55,114,19,103.4,95,1,6.3,15.6,247822,130.1,4.8,2.68,269,0.845,249,1.8,3.2,0,1,0,0,0,0,0,3,5,9,0,0,231,7,0,1,32,female,standard,0,0
PAT-00008,shortness_of_breath,8,chronic,1_week,head,dull,0,worsening,1,0,0,0,0,0,0,0,0,1,90,71,73,18,97.7,90,7,5.8,16.1,273178,130.1,4.7,1.25,171,0.233,27,1.7,1.8,0,1,0,0,0,0,0,2,5,8,0,0,154,5,3,1,41,male,standard,2,0
PAT-00009,injury,5,sudden,2_hours,chest,aching,1,improving,0,0,0,0,0,0,0,0,0,0,113,93,82,27,100.4,90,2,11.5,9.1,147669,143.1,4.5,1.32,214,0.162,209,2.4,1.3,0,0,0,0,0,0,0,3,2,8,0,0,346,0,0,1,38,female,standard,0,0
PAT-00010,back_pain,5,chronic,1_hour,head,throbbing,0,stable,1,0,0,0,0,0,0,0,0,0,101,102,76,23,99.0,97,3,4.2,12.5,235848,142.0,3.7,2.07,132,0.141,391,1.5,2.3,0,1,0,1,0,0,0,3,6,4,0,0,68,5,1,1,44,female,standard,1,0
PAT-00011,chest_pain,4,gradual,2_hours,head,burning,1,worsening,0,0,0,0,0,0,0,1,0,0,104,56,105,24,101.0,94,3,15.6,8.9,347028,141.9,4.1,3.18,126,1.192,23,2.6,2.9,0,0,0,0,0,0,0,3,4,9,0,0,71,0,3,0,36,unknown,standard,1,0
PAT-00012,injury,4,chronic,1_hour,generalized,aching,0,stable,0,0,0,0,0,0,0,0,1,0,126,69,117,24,99.9,90,6,16.2,10.4,167106,135.7,4.3,1.82,196,0.907,73,1.5,1.8,0,1,0,0,0,0,0,4,4,10,0,0,185,2,1,1,35,female,standard,1,0
PAT-00013,chest_pain,1,sudden,1_day,generalized,throbbing,1,stable,0,0,0,0,0,0,0,1,0,0,131,76,116,22,99.1,96,7,9.3,13.3,184947,141.2,4.5,2.06,130,0.379,195,4.1,0.9,0,0,0,0,0,0,0,3,5,6,1,1,231,4,3,1,23,unknown,standard,1,0
PAT-00014,chest_pain,7,gradual,3_days,generalized,unknown,0,fluctuating,0,0,0,0,0,0,0,0,0,0,158,74,83,15,98.8,95,8,17.6,10.6,231105,134.1,3.7,2.48,156,0.406,472,1.5,2.9,0,0,0,0,0,0,0,1,5,3,0,0,247,2,1,1,37,female,standard,0,0
PAT-00015,other,7,chronic,1_month,leg,unknown,0,worsening,0,0,0,0,0,0,0,0,0,0,154,83,86,15,98.3,95,0,8.2,11.1,372877,135.0,4.9,1.57,77,0.78,848,3.4,2.2,0,0,1,0,0,0,0,1,0,5,0,0,94,6,3,1,21,unknown,standard,0,0
PAT-00016,shortness_of_breath,10,chronic,1_month,unknown,aching,0,improving,0,0,0,0,0,0,0,0,0,0,86,79,79,26,102.1,96,0,7.3,14.3,184262,139.0,3.9,3.13,215,0.552,165,2.3,1.1,0,0,1,1,0,0,0,3,2,9,0,1,296,6,0,1,34,female,standard,0,0
PAT-00017,headache,0,chronic,1_month,head,dull,0,stable,1,1,0,0,0,0,0,0,1,0,158,97,70,23,98.6,95,6,17.9,12.9,198620,141.2,4.7,3.39,170,0.329,268,0.7,3.0,0,0,0,0,0,0,0,1,3,10,0,0,345,3,3,0,70,unknown,standard,3,0
PAT-00018,other,7,gradual,2_hours,leg,burning,1,worsening,1,1,0,0,0,0,0,0,0,0,121,78,69,15,102.1,91,3,7.1,12.4,233795,134.3,4.4,2.52,137,0.073,640,1.1,2.7,0,0,0,0,1,0,0,2,6,0,0,0,180,1,2,1,65,unknown,standard,2,0
PAT-00019,other,4,gradual,1_week,arm,burning,0,improving,0,0,0,0,1,0,0,0,0,0,103,88,113,19,100.3,94,9,9.9,10.8,131095,140.9,4.6,2.49,207,0.942,805,3.9,2.1,0,0,0,0,0,0,0,4,6,10,0,0,117,7,1,1,28,unknown,standard,1,0
PAT-00020,chest_pain,1,sudden,1_month,generalized,unknown,0,fluctuating,0,0,0,0,0,0,0,0,0,0,125,97,102,19,97.7,93,7,12.4,14.0,342962,145.4,4.2,2.59,227,1.066,48,3.6,1.9,1,1,0,0,1,0,1,3,1,10,0,0,75,0,1,1,75,female,standard,0,0
PAT-00021,fever,1,gradual,1_day,arm,throbbing,0,worsening,0,0,1,0,0,0,0,0,0,0,100,75,72,13,98.2,88,4,8.2,11.6,143212,137.9,4.2,1.24,160,0.251,168,1.1,2.5,0,0,0,1,1,0,0,1,5,5,1,0,291,4,3,0,65,female,standard,1,0
PAT-00022,shortness_of_breath,5,gradual,1_month,generalized,aching,1,worsening,0,0,0,0,0,0,0,0,1,1,168,102,77,26,102.8,99,0,9.1,15.6,240190,136.5,5.2,2.75,189,0.081,506,0.8,1.7,0,0,0,1,0,0,0,2,2,9,0,0,211,6,3,1,18,unknown,standard,2,0
PAT-00023,back_pain,10,chronic,1_hour,abdomen,dull,0,worsening,0,0,0,0,0,1,0,0,0,0,144,56,109,18,101.0,92,1,14.0,13.1,381019,133.7,4.3,1.67,189,0.147,841,1.1,2.4,0,0,0,0,0,0,0,2,0,2,0,0,243,6,2,1,40,female,standard,1,0
PAT-00024,other,8,gradual,2_hours,leg,sharp,0,improving,1,0,0,0,0,0,0,1,0,0,141,70,96,23,98.4,89,9,14.0,12.6,381264,135.7,5.0,3.48,146,0.5,622,2.7,1.2,0,0,0,0,0,1,0,3,4,9,0,0,134,2,0,1,20,female,standard,2,0
PAT-00025,headache,0,chronic,1_hour,leg,burning,1,stable,0,0,0,0,0,0,0,0,0,1,148,94,57,22,101.6,96,2,15.2,14.8,338504,138.5,4.1,2.81,126,0.363,578,2.9,1.2,0,1,0,0,0,0,1,2,3,7,0,0,188,1,0,1,29,female,standard,1,0
PAT-00026,fever,5,chronic,1_hour,unknown,sharp,0,stable,0,1,0,0,0,0,0,0,0,0,89,75,106,25,102.4,98,1,12.1,12.1,405116,145.1,4.8,2.33,170,0.093,213,2.0,1.6,0,0,1,0,0,0,0,2,2,7,0,0,142,3,3,1,36,male,standard,1,0
PAT-00027,fever,8,gradual,1_hour,chest,dull,0,worsening,0,0,0,0,0,1,0,0,0,0,102,91,65,23,99.3,90,8,6.9,10.4,174056,134.2,3.7,3.25,79,0.549,735,1.6,2.9,0,1,0,0,0,0,0,3,5,10,0,0,120,7,1,0,25,female,standard,1,0
PAT-00028,back_pain,7,sudden,3_days,back,unknown,0,worsening,0,0,0,0,0,0,0,0,0,0,156,62,109,16,100.7,99,6,8.3,9.3,173707,133.7,5.3,3.42,174,0.249,99,1.3,2.9,0,1,1,0,0,0,0,1,4,6,1,0,50,4,3,0,21,unknown,standard,0,0
PAT-00029,other,10,sudden,3_days,head,burning,0,improving,0,0,0,0,0,0,0,0,0,0,97,68,79,13,99.0,99,1,16.6,12.8,339870,145.4,5.4,2.99,133,0.085,108,2.2,2.0,1,0,0,0,0,0,0,0,2,7,0,1,70,4,0,1,23,female,standard,0,0
PAT-00030,headache,5,gradual,1_week,chest,burning,1,fluctuating,0,0,0,0,0,1,0,0,0,1,158,100,95,24,97.7,94,6,14.1,11.6,147584,139.7,5.3,2.82,99,0.791,170,0.7,2.2,0,0,0,0,0,0,0,4,1,2,0,0,14,0,1,1,74,unknown,standard,2,0
PAT-00031,shortness_of_breath,2,sudden,2_hours,leg,aching,1,worsening,1,0,0,0,0,0,0,1,0,0,120,76,91,14,99.7,89,9,4.8,11.4,252650,141.8,4.0,0.87,154,0.689,804,0.6,2.3,1,0,0,0,0,0,0,3,2,11,1,0,191,0,1,1,44,unknown,standard,2,0
PAT-00032,abdominal_pain,7,chronic,1_day,chest,sharp,0,worsening,0,0,0,0,0,0,0,0,0,0,103,72,109,22,101.9,94,0,14.4,11.0,141060,143.3,3.8,2.68,162,0.993,528,3.5,1.8,0,0,0,0,0,0,1,1,5,0,0,0,336,2,2,1,78,unknown,standard,0,0
PAT-00033,headache,8,chronic,1_day,abdomen,unknown,0,fluctuating,0,0,0,0,0,0,0,0,1,0,115,59,63,18,100.1,91,4,8.3,13.7,350671,131.3,3.6,1.64,88,0.366,336,2.5,2.5,1,0,0,0,0,0,0,2,1,7,0,0,282,2,3,1,79,female,standard,1,0
PAT-00034,back_pain,0,gradual,1_day,back,aching,0,worsening,0,0,0,0,0,0,0,0,0,0,107,96,90,27,99.8,98,4,3.8,12.4,212052,137.8,5.2,3.3,279,0.167,199,3.4,2.3,1,1,0,0,0,0,0,0,3,4,0,0,109,3,1,1,75,unknown,standard,0,0
PAT-00035,fever,8,sudden,1_hour,unknown,pressure,0,stable,1,0,0,0,0,0,0,0,0,0,116,101,111,17,99.5,93,8,10.5,12.6,261472,132.2,3.5,2.41,126,0.435,573,1.0,1.7,1,0,1,0,0,0,0,2,0,10,1,0,25,1,2,1,38,female,standard,1,0
PAT-00036,shortness_of_breath,5,sudden,3_days,leg,sharp,0,worsening,1,0,1,0,0,0,0,0,0,0,95,99,117,17,100.1,96,3,16.3,10.6,292697,140.0,4.7,1.74,99,0.936,582,3.5,1.6,0,0,0,0,0,0,0,0,5,10,0,0,309,3,0,1,75,unknown,standard,2,0
PAT-00037,headache,5,chronic,2_hours,leg,sharp,1,stable,0,0,0,0,0,0,0,0,0,1,150,84,74,23,99.2,95,3,9.9,13.2,149570,145.3,4.0,1.65,146,0.294,769,3.9,3.2,0,0,0,0,0,0,0,0,6,2,1,1,96,6,3,0,26,unknown,standard,1,0
PAT-00038,abdominal_pain,3,gradual,1_hour,head,pressure,0,improving,0,1,0,0,0,0,0,0,0,0,89,85,101,27,101.1,96,5,17.8,11.4,333080,130.9,3.6,2.25,130,0.31,424,2.5,1.6,1,1,1,0,0,0,0,1,5,10,0,0,263,4,1,1,21,female,standard,1,0
PAT-00039,abdominal_pain,0,sudden,3_days,unknown,dull,0,improving,1,0,0,0,0,0,0,0,0,0,97,63,74,18,97.6,92,10,6.1,14.5,283509,134.4,3.6,2.08,111,0.181,204,1.0,1.3,0,0,0,1,1,0,0,3,0,10,1,0,201,2,2,1,75,unknown,standard,1,0
PAT-00040,chest_pain,9,gradual,3_days,unknown,dull,1,stable,0,0,0,0,0,0,0,0,0,0,170,85,60,17,102.3,92,1,8.6,12.5,132627,146.0,5.2,1.79,272,1.184,311,1.0,2.8,0,0,0,1,0,0,0,1,1,11,1,1,132,6,0,0,46,unknown,standard,0,0
PAT-00041,chest_pain,7,sudden,1_month,generalized,burning,1,stable,0,1,0,0,0,0,0,0,0,0,148,85,83,22,98.3,91,9,3.7,10.5,327918,130.1,5.2,1.28,208,1.161,789,1.3,2.8,0,0,0,0,0,0,0,3,3,7,0,0,187,5,2,1,61,unknown,standard,1,0
PAT-00042,injury,1,chronic,1_month,back,throbbing,0,fluctuating,0,0,0,0,0,0,0,0,1,0,119,95,103,13,101.2,96,5,4.2,9.3,215987,132.2,3.8,2.93,227,0.791,810,1.3,1.4,1,1,0,0,0,1,0,1,2,5,0,0,73,3,2,1,46,female,standard,1,0
PAT-00043,back_pain,0,chronic,2_hours,abdomen,aching,1,stable,0,0,0,1,0,0,0,0,0,0,167,63,60,19,100.0,97,6,8.6,13.9,224099,131.3,3.3,1.91,222,0.262,719,4.0,2.9,0,0,0,0,0,0,1,0,6,0,0,0,333,7,2,1,54,female,standard,1,0
PAT-00044,other,1,gradual,2_hours,arm,throbbing,0,stable,0,0,0,0,0,0,0,0,0,0,113,91,93,18,102.1,95,3,11.2,11.2,222178,142.2,5.2,0.98,97,0.921,507,3.5,3.0,0,0,0,1,0,0,0,1,2,11,0,0,130,3,3,0,23,unknown,standard,0,0
PAT-00045,headache,0,chronic,2_hours,chest,burning,0,worsening,0,0,0,0,0,0,0,0,0,0,107,60,86,17,102.4,93,9,6.9,8.6,284256,142.0,3.3,0.94,131,0.703,718,1.7,1.7,0,1,0,0,1,0,0,4,3,1,0,1,220,0,0,1,84,male,standard,0,0
PAT-00046,headache,0,sudden,1_hour,unknown,throbbing,0,fluctuating,0,0,0,0,0,0,0,0,0,0,167,96,103,27,98.5,97,8,5.9,15.8,278212,142.4,3.4,1.37,255,0.901,213,3.5,1.7,0,1,0,0,0,0,0,3,1,3,0,0,250,3,1,0,56,female,standard,0,0
PAT-00047,other,8,chronic,1_week,head,sharp,0,stable,0,0,0,0,0,0,0,0,0,0,164,80,97,16,101.5,93,4,9.6,11.3,208835,142.4,5.1,2.25,261,1.033,62,3.4,1.2,0,0,0,1,0,0,0,3,1,8,0,0,123,1,0,1,24,male,standard,0,0
PAT-00048,injury,0,gradual,2_hours,leg,sharp,0,stable,0,1,0,0,0,0,0,0,0,0,100,64,82,22,98.4,93,2,6.0,14.3,302471,143.4,5.1,1.11,192,0.386,462,1.9,2.3,0,1,0,0,1,0,0,1,0,8,0,0,257,3,1,0,64,female,standard,1,0
PAT-00049,fever,3,gradual,1_month,arm,pressure,1,stable,0,0,0,0,0,0,0,0,0,0,110,60,99,17,98.0,93,8,12.6,11.9,180874,142.4,3.7,1.3,155,1.097,221,0.7,2.5,0,0,0,0,0,0,0,0,5,9,1,0,259,1,3,0,72,female,standard,0,0
PAT-00050,fever,9,gradual,1_week,abdomen,pressure,1,worsening,0,0,0,0,0,0,0,0,0,0,87,87,119,25,103.1,94,0,17.4,15.6,367658,137.7,3.3,2.1,135,1.079,638,0.6,1.1,1,1,0,0,0,0,0,0,0,1,0,0,210,1,3,1,28,female,standard,0,0
PAT-00051,injury,5,sudden,1_hour,back,burning,0,worsening,0,0,0,0,0,0,0,0,0,0,107,99,104,14,98.2,93,7,15.2,8.2,327281,141.9,3.3,1.31,129,0.659,92,1.8,1.4,0,1,0,0,0,1,0,2,3,0,0,0,109,5,3,1,36,unknown,standard,0,0
PAT-00052,fever,6,sudden,1_week,unknown,burning,0,worsening,0,0,0,0,0,0,0,0,0,0,141,84,108,13,98.6,95,0,6.6,10.2,193353,139.6,4.2,3.1,154,0.823,240,0.8,1.5,0,0,0,0,0,0,0,1,2,0,1,0,55,6,3,1,36,male,standard,0,0
PAT-00053,chest_pain,1,sudden,1_day,chest,unknown,0,improving,1,0,0,0,0,0,0,0,0,0,93,94,105,20,98.0,94,9,17.3,12.6,263738,135.9,4.2,2.35,94,0.496,621,1.0,1.9,0,1,0,0,1,0,0,2,4,1,0,0,31,4,3,1,70,female,standard,1,0
PAT-00054,headache,5,sudden,1_week,unknown,burning,0,worsening,1,0,0,0,0,0,0,0,0,0,135,78,97,12,100.2,89,7,14.4,10.7,178173,143.4,3.6,0.94,77,0.788,651,1.5,2.8,0,1,0,0,0,1,0,0,1,9,0,0,91,3,1,1,37,male,standard,1,0
PAT-00055,injury,6,sudden,2_hours,head,sharp,1,stable,1,0,0,1,0,0,0,0,0,0,172,82,118,13,103.0,97,4,5.7,14.3,149843,142.6,5.3,1.09,139,0.661,695,1.2,1.4,0,0,1,0,0,0,0,2,6,3,0,0,106,2,3,1,75,female,standard,2,0
PAT-00056,headache,9,chronic,1_hour,unknown,throbbing,0,worsening,0,0,1,0,0,0,0,0,0,0,117,99,84,22,98.9,91,6,11.9,13.9,256991,132.8,4.5,1.25,111,0.391,847,1.1,2.8,0,1,1,0,0,0,0,3,3,8,0,0,328,4,2,1,26,unknown,standard,1,0
PAT-00057,other,9,sudden,2_hours,unknown,aching,0,worsening,0,1,0,0,0,0,1,0,0,0,162,92,96,21,100.6,98,7,17.5,8.2,174063,130.4,5.1,2.46,237,0.391,752,1.5,2.9,0,0,0,1,0,1,0,3,4,7,0,0,136,0,3,0,28,male,standard,2,0
PAT-00058,abdominal_pain,1,sudden,1_month,unknown,unknown,0,fluctuating,1,0,0,0,0,0,0,0,1,0,108,83,92,21,99.8,94,10,4.9,13.1,175472,135.1,3.4,1.0,198,0.784,407,3.3,1.4,0,0,0,0,0,0,0,4,6,11,0,1,115,3,0,1,60,female,standard,2,0
PAT-00059,chest_pain,1,chronic,1_day,leg,unknown,0,stable,0,0,0,1,1,0,0,0,0,0,134,98,120,12,99.3,89,0,7.4,15.1,141969,136.5,5.4,0.82,90,1.148,552,2.2,3.2,1,0,1,0,0,0,0,3,3,2,0,0,17,6,1,1,58,unknown,standard,2,0
PAT-00060,shortness_of_breath,9,sudden,1_month,leg,unknown,0,worsening,0,0,0,0,0,0,0,0,0,0,136,69,123,19,100.8,91,0,8.9,10.7,133081,132.8,5.1,2.74,186,0.246,628,3.0,2.1,0,0,1,0,0,0,0,4,2,11,1,0,164,7,1,1,53,female,standard,0,0
PAT-00061,chest_pain,6,gradual,2_hours,arm,burning,0,improving,0,0,0,0,0,0,0,0,0,0,155,62,69,15,100.7,89,6,5.2,9.2,291170,143.7,3.9,2.04,78,0.474,23,3.9,2.2,0,0,1,0,0,0,0,0,4,10,0,0,247,7,2,1,45,unknown,standard,0,0
PAT-00062,injury,0,sudden,2_hours,arm,burning,0,fluctuating,0,0,0,0,0,0,0,0,0,0,122,77,115,17,99.5,89,0,7.8,14.3,375259,130.5,3.2,3.08,77,0.968,407,0.6,2.3,0,1,0,0,0,0,0,4,1,0,0,1,73,4,0,1,60,male,standard,0,0
PAT-00063,shortness_of_breath,7,sudden,2_hours,chest,sharp,0,worsening,0,0,0,0,0,0,0,0,0,0,128,97,60,22,102.6,94,3,13.5,15.7,359424,137.7,3.6,2.92,182,0.152,180,4.0,2.7,0,0,0,0,0,0,0,1,3,5,1,0,64,0,2,1,82,female,standard,0,0
PAT-00064,abdominal_pain,10,gradual,3_days,back,aching,0,fluctuating,0,0,0,0,0,0,0,0,0,0,173,63,78,16,97.5,98,5,10.4,13.6,179801,130.9,4.2,1.47,91,1.193,673,1.6,2.4,0,0,1,0,0,0,0,1,6,9,0,1,108,6,1,1,75,unknown,standard,0,0
PAT-00065,injury,2,gradual,1_day,abdomen,sharp,0,fluctuating,0,0,0,0,0,0,0,0,0,0,140,65,68,19,97.7,89,1,9.6,15.2,359621,138.6,3.2,1.24,246,0.815,515,1.6,2.6,0,0,0,0,0,0,0,3,3,10,1,0,245,7,1,1,33,unknown,standard,0,0
PAT-00066,back_pain,10,gradual,2_hours,generalized,aching,1,improving,0,0,0,0,0,0,0,0,0,0,150,60,66,21,103.4,91,9,9.8,16.5,175737,137.4,3.3,2.15,265,1.093,107,2.9,1.9,0,1,0,0,0,0,1,4,0,6,1,0,22,5,3,0,39,female,standard,0,0
PAT-00067,headache,5,gradual,2_hours,back,sharp,1,improving,1,0,0,0,0,0,0,0,0,0,129,101,109,18,101.9,94,4,14.5,12.2,281837,142.5,3.4,0.92,172,1.006,209,1.9,2.3,0,0,0,0,0,0,0,1,2,1,0,1,268,4,0,1,71,male,standard,1,0
PAT-00068,abdominal_pain,8,sudden,1_month,back,throbbing,1,improving,0,0,0,0,0,0,0,0,1,0,136,103,122,12,102.3,93,9,17.9,15.9,178576,141.0,5.1,2.47,244,0.934,108,0.9,1.5,1,0,0,1,0,0,0,4,3,10,0,0,288,4,1,1,40,female,standard,1,0
PAT-00069,headache,5,gradual,1_month,back,burning,0,stable,0,0,0,0,0,0,0,0,0,0,85,66,98,19,101.0,91,9,12.0,10.9,325145,143.5,4.5,0.73,172,0.044,154,3.2,1.7,0,1,1,0,0,0,0,0,1,5,0,0,210,4,0,1,20,female,standard,0,0
PAT-00070,fever,8,gradual,2_hours,generalized,dull,0,fluctuating,1,0,0,0,0,0,0,0,0,0,171,88,105,27,99.8,96,10,14.4,14.3,197301,138.7,3.6,2.95,219,0.491,513,1.3,2.4,0,0,0,0,1,0,0,2,4,7,0,0,22,5,2,1,58,male,standard,1,0
PAT-00071,back_pain,6,chronic,1_hour,chest,dull,0,worsening,0,1,0,0,0,0,1,0,0,1,166,75,92,15,101.2,92,10,8.9,15.7,157950,143.2,3.8,3.19,98,0.246,280,3.9,1.0,0,0,1,0,0,1,1,1,0,0,0,0,267,6,3,1,70,female,standard,3,0
PAT-00072,back_pain,8,gradual,3_days,generalized,burning,1,improving,0,0,0,0,0,0,0,0,0,0,148,86,95,18,97.8,89,9,16.0,12.4,398866,141.5,4.7,3.49,239,1.046,32,4.2,2.2,1,1,0,0,0,0,0,4,5,7,0,0,214,1,2,1,74,male,standard,0,0
PAT-00073,abdominal_pain,1,gradual,1_month,chest,unknown,0,improving,0,0,0,0,0,0,0,0,0,0,92,90,98,14,102.0,94,10,9.6,13.3,185857,142.5,3.9,1.66,76,0.818,778,1.3,2.2,0,0,0,0,0,0,0,1,4,2,0,1,258,7,3,1,49,female,standard,0,0
PAT-00074,back_pain,7,chronic,1_hour,generalized,burning,0,fluctuating,0,0,0,1,0,0,0,0,0,0,127,79,70,26,100.6,97,5,17.1,16.2,140642,139.6,4.8,2.27,194,0.133,405,3.3,1.3,0,0,0,0,0,0,0,1,6,10,0,0,147,7,1,0,65,unknown,standard,1,0
PAT-00075,shortness_of_breath,7,chronic,3_days,abdomen,burning,0,fluctuating,1,1,0,0,0,0,0,0,0,0,92,89,104,13,103.2,99,4,14.3,10.1,136719,141.5,5.0,3.12,88,0.435,269,4.2,3.0,0,1,0,0,0,0,0,0,5,8,1,0,6,3,2,1,34,male,standard,2,0
PAT-00076,back_pain,1,sudden,2_hours,unknown,burning,0,fluctuating,0,0,0,0,0,0,0,0,0,0,113,88,92,12,101.2,89,9,13.8,11.0,315872,136.4,3.9,1.99,212,0.088,522,4.0,1.1,0,1,1,1,1,0,0,1,5,9,1,0,97,0,0,1,62,unknown,standard,0,0
PAT-00077,headache,3,chronic,1_day,back,unknown,0,worsening,1,0,0,0,0,0,0,0,0,0,97,73,59,21,98.2,95,7,7.7,14.6,305586,131.4,4.0,1.62,89,0.889,615,2.6,1.0,0,1,1,0,0,0,0,2,5,9,0,0,125,7,1,0,27,unknown,standard,1,0
PAT-00078,headache,10,sudden,1_week,unknown,aching,0,stable,0,1,0,0,0,0,0,0,0,0,85,91,63,16,100.2,94,10,15.0,10.9,313841,136.7,3.3,0.84,111,0.505,648,1.7,2.9,0,0,1,0,0,0,0,1,6,7,0,0,94,5,2,0,53,unknown,standard,1,0
PAT-00079,injury,6,chronic,1_week,chest,throbbing,1,stable,0,0,0,0,0,0,0,0,0,0,113,71,93,26,97.6,99,3,5.0,12.3,256343,132.8,5.1,1.8,132,0.285,110,0.6,2.8,0,0,0,0,0,0,0,0,4,1,0,0,281,7,0,0,23,male,standard,0,0
PAT-00080,headache,10,chronic,2_hours,generalized,dull,0,improving,0,0,0,0,0,0,0,0,0,0,134,70,81,27,101.9,96,7,11.3,8.4,236713,140.1,4.6,0.92,248,0.624,282,3.8,1.8,1,0,0,0,0,0,0,3,0,11,0,0,68,7,1,1,42,male,standard,0,0
PAT-00081,injury,3,sudden,1_month,abdomen,pressure,1,stable,0,0,0,0,0,0,0,0,1,0,121,70,86,22,100.4,93,10,14.2,12.8,194134,134.2,5.2,1.72,255,0.055,693,0.7,3.1,1,0,0,0,1,0,0,0,3,1,0,1,357,7,1,1,74,female,standard,1,0
PAT-00082,headache,3,chronic,1_hour,generalized,dull,0,worsening,0,0,0,0,0,1,0,1,0,0,85,98,118,25,99.5,94,2,16.3,13.3,245264,145.3,3.6,1.66,156,0.312,680,2.7,3.1,0,0,1,0,0,0,0,0,5,5,0,0,169,6,3,0,33,female,standard,2,0
PAT-00083,shortness_of_breath,5,sudden,1_day,unknown,dull,1,stable,0,0,0,0,0,0,0,0,0,0,153,58,87,14,103.3,97,6,11.8,8.7,333088,134.3,5.4,2.51,130,0.214,719,1.3,1.2,0,1,0,0,0,0,0,4,2,8,0,0,33,3,1,1,69,female,standard,0,0
PAT-00084,other,9,chronic,3_days,leg,unknown,0,worsening,0,0,0,0,0,0,0,0,1,0,132,103,72,22,103.1,96,4,7.2,10.1,368612,131.6,4.8,1.73,87,1.117,413,1.5,2.0,1,1,0,0,0,0,0,4,6,10,0,0,163,5,1,1,84,female,standard,1,0
PAT-00085,injury,5,gradual,2_hours,abdomen,sharp,0,improving,0,0,0,0,0,0,0,0,0,0,139,84,121,14,103.2,94,4,15.8,11.7,138787,144.1,3.7,1.78,237,0.456,441,0.7,1.0,0,0,0,0,0,0,0,3,2,2,1,0,43,4,3,1,60,unknown,standard,0,0
PAT-00086,chest_pain,9,chronic,1_day,back,burning,0,fluctuating,0,0,0,0,0,0,0,0,0,0,150,88,59,19,98.6,96,5,14.6,14.6,327287,136.6,4.3,1.5,238,0.703,205,0.7,1.7,0,1,0,0,0,0,0,2,5,1,0,0,131,7,2,0,70,male,standard,0,0
PAT-00087,fever,2,sudden,1_day,head,burning,0,worsening,0,0,0,0,0,0,0,0,0,0,147,59,113,12,101.8,95,4,5.7,8.2,159698,135.7,4.8,2.4,148,0.606,587,1.9,1.1,0,1,1,0,0,0,0,1,4,11,0,0,245,1,3,0,40,male,standard,0,0
PAT-00088,abdominal_pain,8,chronic,1_month,back,burning,0,fluctuating,0,0,0,0,0,0,0,0,0,0,106,87,58,24,103.2,92,0,16.1,10.8,383060,144.2,3.2,1.79,167,0.793,506,3.8,1.3,0,0,1,1,0,0,0,0,6,2,0,1,171,7,2,1,83,male,standard,0,0
PAT-00089,headache,9,sudden,3_days,head,sharp,0,improving,0,0,0,0,1,1,0,0,0,0,95,100,70,13,100.8,94,8,17.4,8.0,318738,140.5,5.0,3.36,236,0.339,232,2.6,3.0,1,0,0,1,0,1,0,3,4,5,0,1,220,2,1,1,75,unknown,standard,2,0
PAT-00090,back_pain,10,sudden,1_day,abdomen,unknown,0,worsening,1,0,0,0,0,0,0,0,0,0,113,63,102,12,98.5,99,10,11.3,12.4,412551,138.5,5.4,3.2,98,0.149,390,2.5,2.8,0,0,1,0,0,0,0,2,6,3,0,0,275,4,0,1,82,male,standard,1,0
PAT-00091,other,1,gradual,1_month,leg,throbbing,0,worsening,0,0,0,0,0,0,1,0,0,1,87,71,120,18,102.4,94,3,4.1,12.2,338521,135.2,3.4,1.36,255,0.102,467,2.8,2.9,1,0,0,0,0,0,0,1,2,1,0,0,316,2,3,1,32,unknown,standard,2,0
PAT-00092,headache,5,gradual,1_hour,unknown,throbbing,1,stable,0,0,0,0,0,1,1,0,0,0,129,66,62,15,102.7,88,4,16.8,14.4,243058,134.7,5.3,1.83,101,0.236,679,2.5,1.0,1,1,1,0,0,0,0,4,1,11,0,0,290,1,3,1,79,female,standard,2,0
PAT-00093,back_pain,6,sudden,1_month,leg,unknown,1,worsening,0,0,0,0,0,0,0,0,0,0,161,78,98,14,101.6,91,0,5.3,8.0,256763,139.3,4.3,2.48,275,0.582,837,1.7,2.2,0,0,0,1,0,0,0,3,5,4,1,0,285,1,0,1,78,male,standard,0,0
PAT-00094,fever,8,chronic,1_hour,chest,pressure,0,improving,0,0,0,0,1,0,0,0,0,0,87,66,75,14,99.0,92,2,12.7,14.4,413631,138.0,4.4,0.75,275,0.287,841,3.8,2.7,0,1,0,0,1,0,0,0,1,7,0,0,192,2,1,1,19,female,standard,1,0
PAT-00095,fever,2,sudden,1_hour,leg,throbbing,0,fluctuating,1,0,0,0,0,1,0,0,0,0,158,69,80,21,98.4,99,2,9.3,15.6,419213,134.4,5.1,1.34,148,0.524,59,2.3,2.5,1,1,0,0,0,0,0,3,4,4,1,0,51,1,3,1,22,male,standard,2,0
PAT-00096,fever,9,sudden,1_day,arm,unknown,1,worsening,0,0,0,1,0,0,0,0,0,0,152,70,89,22,101.1,93,7,17.9,10.7,133147,132.9,4.6,1.5,214,0.04,171,3.3,2.1,0,0,0,0,0,0,0,1,5,4,0,0,341,2,2,1,44,female,standard,1,0
PAT-00097,back_pain,2,chronic,1_month,abdomen,throbbing,0,improving,1,0,0,0,0,0,1,0,0,0,98,77,69,14,100.2,94,10,16.8,10.8,350009,143.1,4.0,1.83,217,0.755,514,3.9,1.2,0,1,0,0,0,0,0,0,5,5,0,1,188,1,3,1,74,male,standard,2,0
PAT-00098,headache,6,chronic,1_hour,unknown,burning,0,improving,0,0,0,0,0,0,0,0,0,0,171,72,94,13,101.4,92,7,14.9,8.0,419360,141.0,4.9,3.19,77,1.054,616,0.6,2.7,0,0,0,0,0,0,0,0,2,8,0,0,154,7,3,1,45,unknown,standard,0,0
PAT-00099,fever,3,chronic,3_days,unknown,aching,0,worsening,1,0,0,0,0,0,0,0,0,0,165,76,84,16,97.9,89,8,6.4,11.6,395078,145.9,3.5,0.97,102,0.062,639,2.3,2.9,0,0,0,1,0,0,0,2,5,0,0,0,265,2,3,1,48,female,standard,1,0
PAT-00100,shortness_of_breath,7,chronic,1_day,chest,unknown,0,stable,0,0,0,0,0,0,0,0,0,0,149,100,120,12,98.1,92,9,13.6,13.2,121723,138.3,4.7,0.88,83,0.266,333,2.8,1.5,0,0,1,0,0,0,0,0,0,1,0,0,300,2,3,0,76,female,standard,0,0
PAT-00101,injury,6,sudden,1_month,unknown,dull,0,worsening,0,0,1,0,0,0,0,0,0,0,141,98,67,16,99.5,92,6,11.8,9.0,376602,145.9,5.0,2.56,241,0.385,818,2.4,2.1,0,1,0,0,0,1,0,1,5,7,0,0,287,5,1,1,48,unknown,standard,1,0
PAT-00102,back_pain,4,sudden,1_month,leg,throbbing,0,worsening,0,0,0,0,0,0,0,0,0,0,99,85,55,21,98.8,94,5,5.5,13.6,247136,137.4,4.0,1.72,104,0.348,526,3.8,2.0,1,1,0,1,1,1,0,1,3,11,0,1,339,3,0,1,45,unknown,standard,0,0
PAT-00103,back_pain,6,gradual,1_week,abdomen,throbbing,0,stable,0,0,0,0,0,0,0,0,0,0,144,97,97,25,101.1,90,7,15.0,11.1,361592,138.6,5.4,1.2,131,0.053,649,4.0,2.6,1,1,0,0,0,0,0,1,0,11,0,0,320,7,3,0,34,female,standard,0,0
PAT-00104,headache,2,sudden,1_month,back,sharp,0,improving,0,0,0,0,0,0,0,0,0,0,138,69,82,27,99.5,88,2,4.8,13.7,381003,133.3,4.7,2.67,97,0.132,197,1.1,3.0,0,0,0,0,0,0,0,0,5,7,0,1,82,1,2,1,36,unknown,standard,0,0
PAT-00105,back_pain,1,chronic,1_day,leg,pressure,1,worsening,0,0,0,0,0,0,0,0,0,0,86,75,55,19,101.5,99,9,10.5,10.1,150500,132.4,3.4,1.38,232,1.095,157,1.7,1.9,0,1,0,0,0,0,0,4,5,4,0,0,83,7,0,1,22,female,standard,0,0
PAT-00106,back_pain,5,gradual,3_days,generalized,aching,0,stable,0,0,0,0,0,0,0,0,0,0,166,62,94,18,102.0,93,9,9.7,14.6,342466,145.0,5.4,2.28,138,0.855,103,1.5,2.0,1,1,0,0,0,0,0,3,6,4,0,0,176,3,2,1,72,female,standard,0,0
PAT-00107,fever,1,chronic,1_month,head,sharp,0,fluctuating,0,0,0,0,0,0,0,0,0,0,148,103,88,26,98.4,99,9,15.2,12.7,171865,145.7,4.9,1.84,218,1.15,801,2.4,1.4,0,0,1,0,1,0,0,1,5,5,0,0,287,6,2,1,72,female,standard,0,0
PAT-00108,headache,2,sudden,1_week,abdomen,burning,0,fluctuating,0,0,0,0,0,0,0,0,0,0,170,94,67,25,103.0,94,7,9.7,12.5,219943,138.8,4.8,1.71,194,0.531,38,2.0,1.3,0,0,1,0,0,0,0,2,5,7,0,1,313,6,2,0,79,female,standard,0,0
PAT-00109,fever,5,gradual,1_day,unknown,dull,0,stable,0,0,0,0,0,0,0,0,0,0,112,90,115,25,102.2,98,2,13.6,12.1,377144,134.4,3.8,2.72,238,1.055,49,1.9,1.0,0,0,0,1,0,0,0,2,5,3,0,0,265,3,3,0,82,unknown,standard,0,0
PAT-00110,injury,4,chronic,1_hour,chest,pressure,0,improving,0,0,0,0,0,0,0,0,0,0,161,96,120,27,101.1,97,1,10.4,15.2,190444,145.2,4.3,2.42,104,0.981,332,2.5,2.8,0,0,0,0,0,0,0,0,5,3,0,0,26,2,3,1,76,female,standard,0,0
PAT-00111,other,7,gradual,2_hours,back,sharp,0,stable,0,0,0,0,0,0,0,0,0,0,151,92,58,22,102.9,95,8,11.9,12.7,204613,142.7,5.3,2.14,120,1.051,291,2.4,1.8,1,0,0,0,0,0,0,0,1,11,0,0,43,4,2,1,60,unknown,standard,0,0
PAT-00112,injury,8,gradual,2_hours,arm,unknown,0,improving,1,0,0,0,0,0,0,0,0,0,87,60,67,26,98.9,94,0,7.0,9.4,218402,132.9,3.9,1.06,175,0.052,41,2.3,1.1,1,1,0,0,0,0,0,2,1,0,0,1,153,5,2,0,40,male,standard,1,0
PAT-00113,other,10,sudden,1_hour,back,throbbing,0,fluctuating,0,0,0,0,0,0,0,0,0,0,137,71,90,14,99.9,94,9,6.4,13.3,269234,134.8,4.2,2.34,154,0.785,329,1.0,2.2,0,1,0,0,0,1,0,0,1,9,0,1,317,5,2,0,48,female,standard,0,0
PAT-00114,fever,2,chronic,1_month,leg,throbbing,0,worsening,0,0,0,0,0,1,0,0,0,0,110,94,115,24,97.7,94,9,13.8,12.4,230310,130.1,3.8,2.64,166,0.682,103,2.5,1.7,0,0,0,0,0,0,0,2,6,10,1,0,121,2,1,1,59,male,standard,1,0
PAT-00115,injury,9,gradual,2_hours,head,pressure,0,stable,0,0,0,1,0,0,0,0,0,0,88,99,112,23,100.1,88,1,5.3,8.6,151457,139.3,3.7,2.98,192,0.657,640,0.8,3.1,0,0,0,0,0,0,0,3,4,0,0,0,305,6,0,1,55,unknown,standard,1,0
PAT-00116,headache,2,gradual,2_hours,back,throbbing,1,fluctuating,1,0,0,0,0,0,0,0,0,0,100,101,69,20,100.4,96,6,6.1,12.9,323189,138.4,3.3,1.54,222,0.608,756,2.8,1.9,0,1,0,1,0,0,0,4,4,6,0,0,179,1,3,1,38,female,standard,1,0
PAT-00117,abdominal_pain,2,chronic,1_hour,arm,unknown,0,worsening,0,0,0,0,0,0,0,0,0,0,156,90,66,22,101.1,96,0,17.1,8.7,392855,132.6,4.9,1.44,183,0.956,508,2.8,1.1,0,1,0,0,0,0,0,1,5,4,0,0,219,2,1,1,30,unknown,standard,0,0
PAT-00118,fever,5,gradual,1_month,generalized,sharp,0,fluctuating,0,0,0,0,0,0,0,0,0,0,138,82,123,21,97.6,94,4,7.2,14.2,175608,135.4,3.4,2.8,130,1.162,422,1.5,2.4,1,1,0,0,0,0,0,3,0,4,0,0,60,6,1,1,73,unknown,standard,0,0
PAT-00119,other,0,gradual,1_month,chest,sharp,0,stable,0,0,0,0,0,0,0,0,0,0,100,101,115,27,97.4,96,8,8.2,13.6,419242,145.0,4.4,2.01,111,0.996,536,1.1,2.7,0,1,1,0,0,0,0,0,0,11,0,0,73,0,1,1,35,female,standard,0,0
PAT-00120,shortness_of_breath,6,gradual,1_hour,abdomen,throbbing,0,stable,0,0,0,0,0,0,0,0,0,1,115,77,96,24,99.8,98,8,12.7,12.2,306184,140.4,3.3,1.84,264,1.045,602,3.5,2.2,0,0,1,0,0,0,0,3,6,0,0,0,294,1,3,0,26,female,standard,1,0
PAT-00121,other,0,chronic,1_month,head,throbbing,1,worsening,0,0,0,0,0,0,0,0,0,0,171,85,86,18,98.4,91,10,9.9,14.4,291090,143.8,5.5,1.15,267,0.583,501,3.4,2.7,0,1,0,0,0,0,0,4,0,1,0,0,161,4,1,1,78,unknown,standard,0,0
PAT-00122,shortness_of_breath,4,chronic,1_month,arm,burning,0,stable,0,1,0,0,0,1,0,0,0,0,86,100,56,12,102.0,94,3,11.6,10.4,187295,143.4,4.8,1.92,231,0.83,295,4.0,1.6,1,0,1,0,0,0,0,2,1,2,0,0,105,0,3,0,32,male,standard,2,0
PAT-00123,back_pain,9,chronic,1_day,unknown,dull,0,fluctuating,0,0,0,0,0,0,0,0,0,0,157,65,62,17,101.4,89,9,5.6,11.8,314900,144.7,4.6,2.73,200,0.502,418,2.2,2.1,0,1,0,0,0,0,0,2,6,4,0,0,167,2,0,1,53,unknown,standard,0,0
PAT-00124,injury,7,chronic,1_day,leg,pressure,0,worsening,1,0,0,0,0,0,0,0,0,0,129,74,108,15,99.3,93,1,13.2,8.1,334239,130.7,3.6,1.96,200,0.436,569,1.7,2.8,0,1,0,1,0,0,1,2,6,1,0,0,258,2,1,0,73,female,standard,1,0
PAT-00125,shortness_of_breath,3,sudden,1_hour,leg,sharp,0,worsening,0,1,0,0,0,0,0,0,0,0,138,86,62,17,97.5,89,8,5.8,16.4,217692,134.2,4.4,3.14,202,1.075,148,1.7,1.1,0,0,0,1,0,0,0,0,3,10,0,0,285,7,3,1,78,male,standard,1,0
PAT-00126,other,4,gradual,3_days,leg,pressure,0,fluctuating,0,0,0,0,0,0,0,1,0,0,143,71,67,25,98.3,97,10,14.3,8.5,399648,136.6,4.4,0.71,167,1.087,649,1.2,1.5,0,1,1,0,0,0,0,4,6,6,1,0,313,4,2,1,65,unknown,standard,1,0
PAT-00127,back_pain,3,chronic,2_hours,unknown,burning,0,improving,0,0,0,0,0,0,0,0,0,0,143,96,83,27,101.6,90,3,11.1,8.9,203760,140.2,4.0,1.2,157,0.82,24,1.9,2.3,0,0,1,1,1,0,0,4,3,5,0,0,72,2,0,0,64,unknown,standard,0,0
PAT-00128,abdominal_pain,3,gradual,1_day,unknown,sharp,0,worsening,0,0,0,0,0,0,0,1,0,0,106,92,67,26,103.4,98,2,15.3,12.2,214334,139.7,3.6,2.42,117,1.006,501,1.1,2.1,1,1,0,0,0,0,0,0,2,9,0,0,30,7,2,1,76,female,standard,1,0
PAT-00129,headache,7,gradual,2_hours,head,burning,1,improving,0,0,0,0,0,1,0,0,0,0,118,60,112,14,99.3,98,2,6.0,11.2,124995,133.9,4.0,2.58,276,0.436,457,3.7,2.7,1,1,0,0,0,0,0,1,2,7,0,1,256,4,1,1,80,male,standard,1,0
PAT-00130,headache,1,sudden,1_week,back,burning,0,fluctuating,0,0,0,0,0,0,0,0,0,0,157,55,117,16,102.3,88,6,9.0,12.5,217228,133.1,4.6,1.47,110,0.523,616,1.8,1.3,0,1,0,0,0,0,0,2,5,11,0,1,106,0,1,1,66,female,standard,0,0
PAT-00131,headache,0,chronic,1_hour,head,aching,0,fluctuating,0,1,0,0,0,0,0,0,0,0,140,91,101,14,102.7,94,1,15.8,15.1,195990,137.0,4.3,3.34,193,0.986,336,2.6,2.8,0,1,0,0,0,0,0,3,5,0,0,0,179,4,3,1,71,unknown,standard,1,0
PAT-00132,shortness_of_breath,2,chronic,3_days,leg,throbbing,1,worsening,0,1,0,0,0,0,0,0,0,0,118,58,92,18,97.5,99,4,15.1,9.3,237275,134.0,4.5,1.63,219,0.481,609,0.8,2.3,1,0,0,0,0,0,0,3,1,7,0,0,136,7,2,1,74,unknown,standard,1,0
PAT-00133,abdominal_pain,8,gradual,1_week,generalized,unknown,1,stable,1,0,0,0,0,0,0,0,0,0,110,85,123,26,103.0,89,1,17.5,13.4,139946,145.4,4.5,1.85,256,0.053,144,1.6,1.4,0,1,0,0,0,0,0,3,2,2,0,0,296,4,3,1,27,female,standard,1,0
PAT-00134,shortness_of_breath,3,chronic,1_week,arm,aching,0,worsening,0,0,0,0,1,0,0,0,0,0,155,65,123,16,100.1,90,6,6.7,8.2,142795,145.4,3.8,3.43,219,0.427,95,1.4,1.0,0,0,1,1,0,0,0,1,6,7,1,0,253,1,1,1,24,unknown,standard,1,0
PAT-00135,injury,9,gradual,1_month,abdomen,pressure,0,stable,0,0,0,0,0,0,0,0,0,0,129,71,94,15,103.3,99,6,11.3,14.7,156946,131.8,3.5,2.04,234,0.481,302,3.8,3.2,1,0,0,0,0,0,0,0,6,5,1,0,20,5,1,1,47,female,standard,0,0
PAT-00136,shortness_of_breath,4,gradual,1_week,abdomen,unknown,1,improving,0,0,0,0,0,0,0,0,1,0,160,61,55,26,100.6,88,2,3.8,14.9,312017,141.3,4.4,2.42,218,0.19,515,1.2,1.9,0,0,1,0,0,0,0,0,3,2,0,1,338,3,3,1,50,male,standard,1,0
PAT-00137,abdominal_pain,1,sudden,1_hour,head,pressure,0,stable,0,0,0,0,0,0,0,0,0,0,165,89,56,21,98.7,90,2,17.5,11.2,155805,133.7,5.3,2.21,125,0.416,812,3.5,1.5,0,0,1,1,0,0,1,2,4,1,0,0,152,1,1,1,21,female,standard,0,0
PAT-00138,abdominal_pain,3,sudden,1_day,leg,throbbing,0,worsening,0,0,0,0,0,0,0,0,1,0,105,56,83,18,103.3,98,7,6.0,9.5,265518,141.5,5.5,1.2,190,1.122,366,1.6,1.3,0,0,0,0,0,0,0,1,1,4,0,0,122,3,1,1,22,female,standard,1,0
PAT-00139,injury,1,sudden,1_hour,unknown,unknown,1,stable,0,0,0,0,0,0,0,0,0,1,127,94,61,18,98.7,91,6,16.6,14.9,401163,142.3,5.0,3.48,261,1.031,149,1.4,1.5,0,0,0,1,0,0,0,3,4,0,0,0,250,0,0,1,36,unknown,standard,1,0
PAT-00140,abdominal_pain,1,gradual,1_day,chest,aching,0,fluctuating,0,1,0,0,0,1,0,0,0,0,170,91,111,27,102.8,94,3,13.3,15.7,234843,130.8,3.7,0.87,97,0.538,681,0.6,2.0,0,0,0,1,0,0,0,0,2,2,0,0,279,0,2,0,74,unknown,standard,2,0
PAT-00141,other,3,chronic,1_week,generalized,pressure,0,improving,0,1,1,0,0,0,0,0,1,0,174,91,109,21,98.3,93,1,17.1,8.6,418186,141.1,4.6,3.45,218,0.853,371,1.6,2.9,1,0,0,0,0,0,0,1,4,3,0,0,57,2,0,1,28,male,standard,3,0
PAT-00142,abdominal_pain,5,sudden,1_week,head,aching,0,fluctuating,0,0,0,0,0,0,0,0,0,0,123,64,90,20,101.5,88,2,7.1,12.9,273761,144.3,3.7,2.01,106,0.186,841,0.9,1.4,0,0,0,0,0,0,0,4,0,5,1,1,96,5,1,1,73,male,standard,0,0
PAT-00143,headache,6,chronic,3_days,leg,throbbing,0,fluctuating,0,0,1,0,0,0,0,0,0,1,97,66,61,26,99.8,98,10,8.5,16.0,267156,133.5,4.5,1.23,140,0.904,164,1.9,1.7,1,1,1,0,0,0,0,1,1,7,0,0,137,6,0,1,51,unknown,standard,2,0
PAT-00144,other,9,sudden,1_day,back,unknown,1,fluctuating,0,1,0,0,1,0,0,0,0,1,126,71,64,14,103.3,91,10,5.9,13.5,396451,131.8,4.3,1.17,178,0.574,720,0.8,2.7,0,1,0,0,0,0,0,2,1,9,1,0,314,7,3,1,28,male,standard,3,0
PAT-00145,other,2,sudden,1_week,abdomen,unknown,0,fluctuating,0,0,0,0,0,1,0,0,0,0,129,100,93,22,98.4,96,10,9.6,15.0,275325,139.1,4.1,2.54,144,0.868,504,0.8,2.4,1,1,1,1,0,0,0,3,5,7,1,0,182,1,2,1,56,female,standard,1,0
PAT-00146,injury,2,gradual,1_month,abdomen,sharp,1,stable,0,0,0,0,0,0,0,0,0,0,171,80,112,22,99.8,90,2,17.2,10.0,359033,138.3,4.7,2.69,276,0.775,597,1.9,1.0,0,0,0,0,0,0,1,0,2,5,0,0,50,2,1,0,30,male,standard,0,0
PAT-00147,chest_pain,9,sudden,2_hours,generalized,burning,0,fluctuating,0,0,0,0,0,0,0,0,1,0,135,59,94,21,101.2,93,4,11.8,8.9,247649,144.2,5.2,3.22,264,0.283,264,2.2,1.5,0,1,0,0,0,0,0,0,3,3,0,0,297,2,2,1,39,unknown,standard,1,0
PAT-00148,chest_pain,5,sudden,3_days,abdomen,burning,0,stable,0,1,0,0,0,0,0,0,1,0,101,59,68,27,103.4,98,6,9.5,11.2,204712,137.2,4.0,1.36,232,1.002,263,1.8,1.2,0,0,0,0,1,0,0,4,4,7,0,0,19,3,2,1,32,male,standard,2,0
PAT-00149,abdominal_pain,2,gradual,1_hour,chest,aching,0,fluctuating,0,0,0,0,0,0,0,0,0,0,168,92,55,19,99.1,89,3,8.2,11.4,403164,136.6,4.3,1.91,189,0.689,138,0.7,1.0,0,1,1,0,0,0,0,4,4,9,0,0,363,1,1,1,52,unknown,standard,0,0
PAT-00150,other,1,chronic,3_days,leg,unknown,0,worsening,0,0,0,0,0,0,0,0,0,0,147,101,71,18,99.7,92,0,12.0,14.7,412556,141.4,4.2,3.42,238,0.942,685,1.2,3.1,0,1,0,0,0,0,0,4,5,0,0,1,315,7,3,1,48,male,standard,0,0
PAT-00151,chest_pain,7,sudden,2_hours,leg,pressure,1,fluctuating,0,0,0,0,0,0,0,0,0,0,91,81,103,20,100.1,96,2,14.0,11.5,347963,131.2,3.8,1.9,80,0.117,459,4.0,2.3,1,0,0,0,1,0,0,2,4,3,1,0,60,1,0,1,84,female,standard,0,0
PAT-00152,chest_pain,4,gradual,1_day,generalized,aching,0,worsening,0,1,0,0,0,0,0,0,0,0,139,59,70,13,98.8,99,2,9.4,10.0,159347,130.9,4.2,1.99,119,0.74,692,2.7,2.1,0,1,0,0,0,0,0,3,4,1,1,0,68,2,2,1,46,male,standard,1,0
PAT-00153,abdominal_pain,0,sudden,1_hour,leg,aching,0,stable,0,0,0,0,0,1,0,0,0,0,88,62,61,17,102.3,89,0,6.8,15.5,323105,138.1,3.2,1.51,107,0.354,532,3.7,2.9,1,0,1,0,0,0,0,4,2,11,0,0,80,2,2,1,55,unknown,standard,1,0
PAT-00154,chest_pain,2,gradual,1_hour,unknown,dull,0,improving,1,0,0,0,0,0,0,0,1,0,115,85,69,16,97.8,90,7,12.0,14.7,125586,131.4,4.4,3.14,79,1.034,571,0.8,2.3,0,0,0,0,0,0,0,3,4,9,0,0,269,2,3,0,83,male,standard,2,0
PAT-00155,shortness_of_breath,9,chronic,1_day,generalized,unknown,1,stable,0,0,0,0,0,0,0,0,0,0,140,87,75,14,101.6,99,3,8.8,13.7,375495,145.0,4.9,1.72,130,1.14,190,0.6,2.2,0,1,0,0,1,0,0,3,5,8,0,0,168,3,1,0,32,unknown,standard,0,0
PAT-00156,back_pain,7,chronic,3_days,leg,burning,0,improving,0,1,0,0,0,0,1,0,0,0,88,75,120,18,100.6,89,4,17.9,9.8,356380,140.5,4.0,2.48,102,0.072,319,3.4,1.4,0,1,0,0,0,0,0,4,5,4,0,0,137,7,3,0,33,female,standard,2,0
PAT-00157,injury,3,gradual,1_week,chest,unknown,0,improving,0,0,0,0,0,0,0,0,0,0,166,89,113,26,98.7,89,2,9.9,9.7,250154,142.1,4.9,1.21,209,0.871,209,2.0,2.3,1,1,1,0,0,0,0,3,0,5,0,0,161,5,3,1,56,unknown,standard,0,0
PAT-00158,back_pain,6,gradual,3_days,arm,throbbing,0,fluctuating,0,0,0,0,0,0,0,0,0,0,168,75,102,16,100.3,93,3,9.8,12.2,185383,133.7,4.9,2.42,133,0.128,311,1.9,2.4,0,1,1,0,1,0,0,0,5,9,0,0,228,3,3,1,77,unknown,standard,0,0
PAT-00159,abdominal_pain,9,gradual,2_hours,head,aching,0,improving,0,1,0,0,1,0,0,0,0,0,124,69,104,17,102.4,93,0,15.7,12.5,215835,137.9,5.5,3.32,221,1.03,826,1.5,2.9,0,0,0,0,1,0,1,3,5,2,0,0,130,7,3,0,71,unknown,standard,2,0
PAT-00160,headache,1,chronic,1_month,head,dull,0,stable,0,0,0,0,0,0,0,0,0,0,131,90,64,15,100.0,92,3,7.1,10.2,210195,132.1,4.5,2.88,136,0.154,657,1.2,1.9,1,0,0,1,0,0,0,3,4,7,0,1,199,4,3,1,62,male,standard,0,0
PAT-00161,injury,6,sudden,1_week,leg,dull,0,fluctuating,1,0,1,0,0,0,0,0,0,0,134,56,106,18,98.0,89,1,4.5,9.0,138841,133.2,4.1,0.89,117,0.238,799,3.6,1.4,1,0,1,0,0,0,0,0,0,11,1,0,285,6,1,1,21,male,standard,2,0
PAT-00162,abdominal_pain,4,chronic,3_days,back,burning,1,improving,1,1,0,0,0,0,0,0,0,1,107,84,122,24,97.5,88,9,15.9,11.1,205998,139.1,4.7,2.48,124,0.306,552,0.8,2.2,0,0,0,1,0,0,0,0,4,3,0,0,102,0,1,1,53,male,standard,3,0
PAT-00163,other,4,gradual,1_month,abdomen,burning,0,stable,1,0,0,0,0,0,0,0,0,0,135,82,84,24,102.1,90,5,12.0,11.6,124092,134.5,4.6,2.26,255,0.875,106,2.4,3.1,0,0,1,0,0,0,0,1,3,7,0,0,99,1,3,1,28,male,standard,1,0
PAT-00164,headache,5,gradual,1_month,chest,burning,0,improving,0,0,0,0,0,0,0,0,0,0,122,71,88,18,99.3,90,1,7.3,8.4,122080,144.7,5.5,1.65,194,0.355,421,1.9,1.1,1,1,0,0,0,0,0,1,5,3,1,1,217,6,3,1,18,unknown,standard,0,0
PAT-00165,back_pain,8,chronic,1_day,back,throbbing,0,improving,1,0,0,0,0,0,0,0,0,1,93,98,119,16,103.1,96,8,8.5,12.8,134157,145.9,4.8,3.06,176,0.717,800,1.6,0.9,0,1,0,1,0,0,0,4,6,2,1,0,112,1,0,1,33,female,standard,2,0
PAT-00166,abdominal_pain,5,gradual,2_hours,unknown,dull,0,fluctuating,0,0,0,0,0,0,0,0,0,0,145,74,114,26,101.1,91,1,9.7,8.0,416655,130.1,3.9,2.92,112,0.688,806,3.3,1.0,0,1,0,1,0,0,0,2,6,2,0,0,179,0,3,1,72,female,standard,0,0
PAT-00167,other,7,chronic,2_hours,back,pressure,1,fluctuating,0,0,0,0,0,0,0,0,0,0,164,94,62,18,99.9,96,3,13.4,9.3,206804,142.1,3.6,2.52,219,0.486,577,3.8,2.8,1,0,0,0,0,0,0,3,4,10,0,0,113,5,0,0,70,female,standard,0,0
PAT-00168,injury,6,gradual,2_hours,leg,throbbing,0,stable,0,0,0,0,0,0,0,0,0,1,105,83,119,18,100.8,98,3,10.3,9.2,347298,131.8,5.0,2.78,101,0.65,643,1.3,0.9,0,1,0,0,1,0,0,3,1,2,0,1,64,7,0,1,81,male,standard,1,0
PAT-00169,injury,8,sudden,1_week,chest,sharp,0,fluctuating,0,1,0,0,0,0,0,0,0,0,93,59,123,21,100.1,88,10,9.2,13.8,156017,139.2,3.6,1.24,239,0.146,204,0.9,1.4,0,0,0,0,0,0,0,2,5,2,0,0,14,6,2,0,41,male,standard,1,0
PAT-00170,fever,3,sudden,1_hour,head,aching,0,fluctuating,0,0,0,0,0,0,0,0,0,1,109,79,111,24,102.9,90,0,14.8,12.1,255551,133.7,4.6,3.28,201,1.052,519,2.0,3.2,1,1,0,0,0,0,0,4,4,10,0,0,166,2,3,1,80,female,standard,1,0
PAT-00171,other,1,gradual,1_week,abdomen,burning,0,worsening,0,0,0,0,0,0,0,0,0,0,120,64,99,19,100.1,88,10,4.5,15.1,242834,145.4,3.5,2.57,81,0.252,209,2.2,2.6,0,0,1,0,0,1,0,3,3,4,0,0,129,5,1,1,83,unknown,standard,0,0
PAT-00172,shortness_of_breath,6,chronic,3_days,head,dull,0,worsening,0,0,0,0,0,0,0,0,0,0,127,73,103,25,97.9,93,6,13.0,10.3,379973,144.0,4.9,2.01,112,1.057,587,0.8,1.4,0,0,0,1,0,0,0,1,6,7,0,0,345,5,1,1,69,male,standard,0,0
PAT-00173,chest_pain,5,sudden,1_month,back,aching,0,stable,1,0,0,0,0,0,0,1,0,0,162,95,116,22,101.0,88,0,10.0,9.8,370713,139.5,5.0,1.24,195,0.625,148,2.3,1.4,1,1,0,0,0,1,0,3,4,3,1,0,301,6,2,1,21,male,standard,2,0
PAT-00174,headache,0,chronic,1_month,unknown,unknown,0,fluctuating,0,0,0,0,0,0,0,0,0,0,165,102,93,12,101.1,89,7,8.4,14.8,231816,132.8,5.5,2.61,231,0.739,460,4.0,2.0,1,1,0,0,0,0,0,0,5,10,0,1,17,1,3,1,83,female,standard,0,0
PAT-00175,other,10,gradual,1_hour,abdomen,throbbing,1,stable,0,0,0,0,0,0,0,0,0,0,112,55,75,15,102.0,96,2,16.9,11.8,360012,142.5,5.4,0.97,125,0.312,129,2.0,1.1,0,0,0,0,1,1,0,3,5,8,0,1,256,1,1,1,57,male,standard,0,0
PAT-00176,fever,8,chronic,3_days,arm,sharp,0,worsening,0,0,0,0,0,0,0,0,0,0,148,101,107,22,103.1,98,7,14.8,10.3,257422,138.3,4.8,1.6,182,0.271,687,3.8,2.4,0,0,0,1,0,0,0,3,3,5,0,0,100,2,3,1,57,female,standard,0,0
PAT-00177,chest_pain,8,sudden,1_hour,back,unknown,0,worsening,1,0,0,0,0,0,0,1,0,0,129,88,99,12,100.0,88,7,6.7,11.6,289552,139.8,3.8,2.31,177,0.591,151,3.7,2.0,0,1,0,0,0,0,0,0,6,3,1,0,299,1,3,1,56,female,standard,2,0
PAT-00178,chest_pain,1,chronic,1_month,head,throbbing,1,worsening,0,0,0,0,0,0,0,0,0,1,140,68,82,14,99.4,91,9,13.0,11.6,122476,141.5,3.3,2.51,217,0.324,504,2.2,1.9,0,1,0,0,0,0,0,1,0,3,1,0,189,5,0,1,26,female,standard,1,0
PAT-00179,abdominal_pain,2,chronic,1_week,head,throbbing,0,stable,0,0,0,0,0,0,0,0,0,0,132,79,107,19,100.3,93,9,15.4,12.9,250736,136.7,4.5,0.75,218,0.511,218,3.1,2.0,0,1,0,0,0,0,0,0,2,9,0,0,94,6,1,1,61,female,standard,0,0
PAT-00180,chest_pain,4,gradual,2_hours,leg,pressure,0,fluctuating,1,0,0,0,0,0,0,0,0,0,92,80,63,24,102.9,89,4,17.8,8.3,199676,130.1,5.0,0.72,171,0.531,94,1.4,1.5,0,1,0,0,0,0,0,2,2,11,0,0,156,3,1,0,46,male,standard,1,0
PAT-00181,shortness_of_breath,4,gradual,1_month,head,aching,0,improving,0,0,0,0,0,0,0,0,0,0,98,75,115,23,103.4,88,2,13.6,10.1,382695,135.8,3.2,1.01,85,0.329,223,1.1,1.4,0,0,0,0,1,0,0,1,0,3,0,1,179,0,3,1,68,male,standard,0,0
PAT-00182,injury,0,gradual,1_day,chest,pressure,0,fluctuating,0,1,0,0,0,0,0,0,0,0,99,70,81,18,103.3,91,10,13.5,12.0,275760,136.6,4.4,2.85,235,0.354,72,0.6,1.1,0,0,0,1,0,0,0,3,5,3,0,0,315,3,1,0,22,unknown,standard,1,0
PAT-00183,fever,7,sudden,2_hours,back,throbbing,0,stable,0,0,0,0,0,0,0,0,0,0,123,64,76,14,98.6,90,10,12.4,12.6,378648,135.9,5.2,2.29,170,1.168,58,0.9,2.3,1,1,0,0,0,0,0,0,6,1,0,0,105,3,3,1,56,female,standard,0,0
PAT-00184,chest_pain,7,sudden,1_month,generalized,sharp,0,worsening,0,0,0,0,0,0,0,1,1,1,109,86,84,15,100.3,94,10,4.1,9.3,326347,143.3,4.7,2.4,166,0.707,310,2.9,2.0,0,1,0,0,1,0,0,0,4,5,0,0,16,7,3,1,61,male,standard,3,0
PAT-00185,abdominal_pain,3,gradual,1_week,generalized,dull,1,improving,0,0,0,0,0,0,0,0,0,0,147,98,69,13,98.8,94,8,12.0,9.6,246444,135.3,4.8,2.39,201,0.999,501,3.8,2.5,0,1,0,0,1,0,0,1,6,0,0,0,187,1,3,1,32,male,standard,0,0
PAT-00186,shortness_of_breath,6,gradual,1_hour,unknown,dull,0,stable,0,0,0,0,0,0,0,0,0,0,143,99,69,13,99.5,99,0,15.2,14.2,154813,136.7,4.3,0.8,222,0.06,357,4.1,3.0,1,1,0,0,0,0,0,0,1,10,0,0,112,3,0,1,79,unknown,standard,0,0
PAT-00187,back_pain,10,sudden,2_hours,abdomen,unknown,0,worsening,1,0,0,0,0,0,0,0,0,0,159,74,107,16,97.4,97,0,9.2,14.7,230311,131.0,5.4,1.18,103,0.007,413,2.3,3.2,1,0,0,0,0,0,0,2,1,9,0,1,78,4,3,1,57,male,standard,1,0
PAT-00188,injury,9,sudden,1_week,head,aching,0,stable,1,0,0,0,0,0,0,0,0,0,113,63,77,24,98.2,98,1,12.0,8.6,338478,141.5,4.1,2.74,90,0.625,70,1.1,1.4,1,0,0,0,0,0,0,4,3,2,0,0,178,3,3,1,44,female,standard,1,0
PAT-00189,injury,2,sudden,3_days,leg,burning,0,improving,0,0,0,0,0,0,0,0,0,0,87,88,124,13,99.7,94,9,16.9,16.4,316823,133.4,4.1,2.51,168,0.993,211,0.6,1.3,0,1,0,0,0,0,0,3,4,4,0,0,302,1,3,1,35,female,standard,0,0
PAT-00190,fever,5,sudden,1_day,leg,burning,0,worsening,0,0,0,0,0,0,0,0,0,0,123,85,70,27,99.5,96,5,6.0,11.7,414781,133.8,4.4,1.95,219,0.735,738,4.1,3.0,0,0,0,0,0,0,0,2,5,5,0,0,350,7,0,1,30,female,standard,0,0
PAT-00191,injury,9,gradual,2_hours,head,dull,0,fluctuating,1,0,0,0,0,0,0,0,0,0,106,73,119,22,99.0,96,1,7.6,13.0,229359,139.4,4.5,0.76,259,0.745,334,3.5,1.8,0,0,0,0,0,0,0,0,3,7,0,0,230,2,0,1,58,male,standard,1,0
PAT-00192,chest_pain,9,sudden,1_hour,chest,throbbing,0,stable,0,0,0,0,0,0,0,0,0,0,125,101,99,18,98.7,91,3,5.1,13.0,296699,145.7,4.4,1.87,111,0.172,813,2.5,2.7,1,1,0,0,0,0,0,4,4,3,0,0,89,2,3,0,69,male,standard,0,0
PAT-00193,abdominal_pain,8,gradual,3_days,leg,throbbing,1,improving,0,1,0,0,0,0,0,0,0,0,104,85,61,12,101.9,96,5,10.8,10.9,323509,136.6,5.1,1.39,151,1.174,132,1.5,1.2,0,1,0,0,0,1,0,3,4,11,0,0,309,5,3,1,75,female,standard,1,0
PAT-00194,injury,0,chronic,1_week,generalized,pressure,0,fluctuating,0,0,0,1,0,0,0,0,0,1,103,84,99,20,99.1,98,1,15.7,12.6,317845,135.2,5.1,2.65,92,0.638,134,2.5,1.6,1,1,1,0,0,0,0,2,4,3,0,1,342,1,3,1,51,female,standard,2,0
PAT-00195,injury,4,chronic,1_day,abdomen,aching,0,improving,0,0,0,0,0,0,0,0,0,0,97,101,93,26,101.7,94,3,9.8,13.0,392977,130.6,3.5,3.01,145,0.128,790,3.6,0.9,0,1,0,0,0,0,0,1,1,11,1,0,97,7,3,1,19,female,standard,0,0
PAT-00196,back_pain,3,sudden,1_hour,back,pressure,1,stable,0,0,0,0,0,0,0,0,0,0,103,78,104,21,99.5,93,6,4.5,14.5,169921,142.6,4.6,2.11,198,0.5,770,2.6,3.2,0,0,0,0,0,0,0,3,3,0,0,0,289,3,1,1,63,female,standard,0,0
PAT-00197,back_pain,7,chronic,1_week,arm,burning,0,improving,0,1,0,1,0,0,0,0,0,0,164,87,103,12,102.3,98,0,7.3,13.6,218048,134.2,5.5,1.83,251,0.091,36,4.2,0.9,0,0,0,0,1,0,0,1,0,10,1,0,167,0,2,1,25,male,standard,2,0
PAT-00198,headache,10,chronic,1_week,chest,dull,1,worsening,0,0,0,0,0,0,0,0,0,0,150,72,102,22,98.3,96,8,16.4,11.8,290613,142.3,4.6,1.46,213,0.505,225,1.0,1.3,0,0,0,1,0,0,0,3,0,9,0,0,247,3,1,1,79,female,standard,0,0
PAT-00199,shortness_of_breath,0,chronic,2_hours,unknown,unknown,1,improving,1,0,1,0,0,0,0,0,0,0,149,75,103,12,98.2,91,9,11.6,9.6,258047,134.5,4.8,0.96,259,0.855,276,4.1,2.2,0,0,0,0,0,0,0,0,2,7,0,0,280,6,0,0,36,male,standard,2,0
PAT-00200,chest_pain,8,sudden,2_hours,unknown,throbbing,0,stable,0,0,0,0,0,0,0,0,0,0,87,85,94,25,101.5,88,9,16.8,8.2,388823,130.5,5.2,1.74,93,0.392,107,2.7,2.9,0,1,1,0,0,0,0,2,1,1,0,0,269,3,2,1,33,unknown,standard,0,0
PAT-00201,injury,5,sudden,1_hour,leg,dull,1,worsening,0,0,0,0,0,0,0,0,0,0,108,93,93,27,103.0,93,6,15.6,13.5,154177,138.0,5.2,2.6,144,0.379,393,2.6,2.7,0,0,0,1,0,0,0,3,0,5,1,0,235,7,2,1,50,female,standard,0,0
PAT-00202,other,3,chronic,1_month,back,sharp,0,improving,1,0,0,0,0,0,0,0,0,0,122,96,111,20,98.1,88,8,9.5,12.1,354085,144.5,3.2,2.57,190,0.62,332,1.9,1.5,0,1,0,1,0,0,0,1,6,8,0,0,60,0,0,1,62,male,standard,1,0
PAT-00203,injury,8,gradual,1_month,arm,dull,0,improving,0,0,0,0,0,0,0,0,0,0,86,95,117,18,97.7,97,6,12.7,16.2,404635,133.4,3.8,1.86,127,0.601,542,0.7,2.9,0,1,0,1,0,0,0,3,0,5,0,0,330,3,2,1,68,unknown,standard,0,0
PAT-00204,abdominal_pain,10,chronic,1_week,unknown,sharp,1,worsening,0,0,0,0,0,0,0,0,0,0,140,97,110,25,103.1,96,10,13.1,8.8,317025,132.5,5.2,3.4,84,0.563,598,3.3,1.1,0,1,0,0,0,0,0,3,3,0,0,1,354,6,0,1,82,male,standard,0,0
PAT-00205,headache,4,sudden,2_hours,head,pressure,0,fluctuating,0,0,0,0,0,0,0,0,0,0,164,58,56,26,97.9,92,0,14.3,8.6,339447,133.0,4.7,3.33,75,0.623,224,1.6,1.7,0,0,0,0,0,0,0,3,2,4,0,0,8,7,1,1,36,unknown,standard,0,0
PAT-00206,shortness_of_breath,4,sudden,1_day,head,pressure,0,fluctuating,0,0,0,0,0,0,0,0,0,0,121,80,80,21,98.8,89,6,8.3,9.5,129675,141.0,4.7,3.15,75,0.062,842,1.9,1.5,0,0,1,0,0,0,0,0,6,10,0,0,9,3,0,1,40,female,standard,0,0
PAT-00207,other,4,sudden,1_day,abdomen,burning,0,worsening,0,0,0,0,0,0,0,0,0,0,88,87,77,23,103.1,99,10,7.7,11.2,136753,135.9,5.2,1.92,121,0.572,105,2.5,2.4,0,1,1,0,0,0,0,2,3,11,0,0,10,6,3,1,25,unknown,standard,0,0
PAT-00208,headache,0,chronic,1_week,arm,dull,1,improving,0,0,0,0,1,0,0,0,0,0,162,98,72,15,102.3,95,8,13.4,9.5,335044,134.1,5.1,2.79,229,1.19,60,0.8,1.0,0,1,1,0,0,0,1,4,6,7,0,0,165,4,0,1,23,unknown,standard,1,0
PAT-00209,fever,0,gradual,2_hours,head,dull,1,fluctuating,0,0,0,0,0,0,0,0,0,0,165,87,122,14,99.4,97,7,15.4,11.9,169260,135.4,4.9,3.3,227,0.918,636,0.6,2.9,1,1,0,1,0,0,0,3,1,11,0,1,202,4,0,1,58,unknown,standard,0,0
PAT-00210,shortness_of_breath,7,sudden,1_hour,unknown,sharp,0,worsening,1,0,1,0,0,0,0,0,0,0,128,103,114,23,103.2,98,3,9.5,10.9,154683,134.9,3.3,2.77,177,0.349,561,1.0,3.1,0,0,0,1,0,0,0,3,3,0,0,0,7,6,0,1,72,female,standard,2,0
PAT-00211,injury,7,sudden,1_hour,head,pressure,1,stable,0,0,0,0,0,0,0,0,0,0,129,74,56,16,100.8,93,4,8.2,16.5,396086,138.7,5.0,1.58,212,0.815,300,3.2,1.4,0,0,1,0,0,0,0,0,4,0,1,0,187,5,3,1,18,male,standard,0,0
PAT-00212,injury,5,chronic,1_hour,generalized,sharp,0,improving,0,0,0,1,0,0,0,0,0,0,165,95,103,13,97.7,90,2,15.5,16.2,139747,132.1,3.7,0.89,238,0.399,275,1.3,3.0,0,0,0,0,0,0,0,1,5,9,0,0,145,1,2,1,18,male,standard,1,0
PAT-00213,shortness_of_breath,10,gradual,1_day,leg,pressure,0,stable,0,1,0,0,0,0,1,0,1,0,168,62,92,17,101.6,98,9,13.5,11.1,341021,138.1,3.3,3.38,248,0.234,339,2.5,3.0,1,1,1,0,0,0,0,4,3,1,0,0,35,3,3,0,77,female,standard,3,0
PAT-00214,injury,3,chronic,2_hours,unknown,sharp,0,improving,0,0,0,0,0,0,0,0,0,0,131,90,85,17,100.6,89,9,8.5,14.7,260461,135.0,4.3,3.48,210,0.929,236,1.3,2.3,0,0,0,0,0,0,0,4,1,8,0,0,80,5,1,1,30,female,standard,0,0
PAT-00215,chest_pain,1,sudden,2_hours,unknown,pressure,1,fluctuating,0,0,0,1,0,0,0,0,0,0,110,62,94,27,100.8,97,1,11.2,10.1,128755,144.9,5.4,2.64,264,0.255,122,1.6,2.1,0,0,0,0,0,0,0,4,6,4,0,0,190,6,0,1,42,female,standard,1,0
PAT-00216,shortness_of_breath,1,gradual,1_day,unknown,sharp,0,stable,0,0,0,0,0,0,1,0,0,0,165,85,107,23,103.5,98,2,17.4,8.5,347261,136.7,5.2,1.58,231,1.031,428,0.7,2.7,0,1,0,0,0,0,0,0,2,3,0,1,245,2,0,1,33,female,standard,1,0
PAT-00217,headache,8,gradual,1_hour,abdomen,unknown,0,stable,0,1,1,0,0,0,0,0,0,0,160,76,118,12,98.2,91,6,14.4,8.3,242593,131.6,5.5,3.12,127,0.46,469,1.9,2.1,0,0,0,0,0,0,0,4,3,3,0,0,268,2,2,1,65,female,standard,2,0
PAT-00218,shortness_of_breath,4,sudden,1_hour,back,pressure,1,worsening,0,0,0,0,0,0,0,0,0,0,93,96,87,23,101.3,88,7,6.7,8.2,382787,144.9,3.8,3.37,180,0.909,693,1.1,2.6,1,0,1,0,0,0,0,1,0,4,0,0,70,1,2,1,32,female,standard,0,0
PAT-00219,other,3,gradual,1_week,unknown,aching,1,fluctuating,0,0,0,0,0,0,0,0,0,0,164,104,112,21,100.1,88,1,7.8,14.3,140663,145.0,4.8,2.12,78,0.315,717,2.6,1.1,0,0,0,0,1,0,0,2,6,0,1,0,267,4,0,1,52,female,standard,0,0
PAT-00220,injury,9,gradual,1_month,head,sharp,0,fluctuating,0,0,0,0,0,0,0,0,0,0,132,101,104,20,98.9,92,8,7.3,10.9,302741,132.8,3.3,1.57,123,0.785,275,3.6,1.6,0,0,1,0,0,0,0,4,1,3,0,0,55,1,0,0,56,male,standard,0,0
PAT-00221,chest_pain,0,chronic,3_days,generalized,dull,0,improving,1,0,0,0,1,0,0,0,0,0,115,73,118,12,101.6,97,3,15.8,15.0,352552,143.1,5.0,1.84,186,0.259,105,3.8,1.8,0,1,0,1,0,0,0,3,0,2,0,0,282,7,0,0,66,unknown,standard,2,0
PAT-00222,chest_pain,6,sudden,1_month,unknown,burning,1,worsening,0,1,0,0,0,0,0,0,1,0,139,74,57,17,101.4,96,1,12.8,15.4,177020,143.8,4.4,0.91,271,0.031,713,4.0,1.4,1,1,0,0,0,0,0,1,5,5,0,0,200,6,2,1,36,unknown,standard,2,0
PAT-00223,fever,2,sudden,2_hours,chest,aching,1,worsening,0,0,0,0,0,0,0,0,0,0,85,77,115,18,102.6,99,6,17.1,10.6,310102,135.7,5.5,2.28,244,0.978,648,1.0,1.4,0,0,0,1,0,0,0,1,3,10,0,0,305,1,3,1,21,female,standard,0,0
PAT-00224,headache,5,sudden,2_hours,chest,aching,0,improving,0,1,0,0,0,0,0,0,0,0,143,78,64,19,102.7,92,10,4.8,10.5,160317,132.6,3.8,1.76,192,1.028,266,2.5,2.7,1,0,0,0,0,0,1,4,5,9,1,0,129,2,1,1,67,unknown,standard,1,0
PAT-00225,back_pain,4,sudden,2_hours,back,sharp,1,stable,0,0,0,0,0,0,0,0,0,0,95,97,120,27,100.7,93,1,4.3,10.6,123184,142.8,5.0,3.18,149,1.057,677,1.0,1.3,0,0,0,1,0,0,0,3,2,6,0,0,250,6,0,1,73,female,standard,0,0
PAT-00226,back_pain,4,sudden,1_month,arm,burning,1,improving,0,0,0,0,0,0,0,0,1,0,86,78,105,13,99.3,97,6,13.3,12.0,218426,130.5,3.6,1.47,139,0.048,803,1.7,1.2,1,0,0,0,0,0,0,1,5,11,0,0,273,4,0,1,23,unknown,standard,1,0
PAT-00227,shortness_of_breath,10,gradual,3_days,abdomen,dull,1,improving,0,0,0,0,0,0,0,0,0,0,130,90,84,22,100.5,96,7,7.4,8.1,240828,139.9,3.9,0.72,279,0.914,203,1.4,1.5,1,0,0,0,1,0,0,0,2,0,0,0,291,4,0,0,19,unknown,standard,0,0
PAT-00228,fever,4,chronic,1_week,generalized,aching,1,improving,0,0,0,0,0,0,0,0,0,0,85,63,79,19,99.5,90,8,13.3,8.1,218845,135.5,3.9,2.76,158,1.004,733,0.6,1.3,0,0,0,0,0,0,0,4,3,0,0,0,133,3,3,1,64,unknown,standard,0,0
PAT-00229,abdominal_pain,0,sudden,1_month,leg,dull,0,worsening,0,0,0,0,0,0,0,0,0,0,154,94,97,22,98.9,99,10,14.0,14.3,214886,139.5,4.5,0.72,108,0.377,178,4.0,1.4,0,1,0,1,1,0,0,3,1,1,0,0,142,6,0,1,38,unknown,standard,0,0
PAT-00230,shortness_of_breath,0,chronic,3_days,generalized,pressure,0,improving,0,0,0,0,0,0,0,0,0,1,155,70,118,21,100.7,91,0,7.9,14.9,156815,142.6,4.0,2.23,171,0.567,522,3.4,2.7,0,1,1,0,0,1,0,2,6,10,0,0,88,1,2,1,23,male,standard,1,0
PAT-00231,fever,2,chronic,1_hour,chest,unknown,0,improving,0,1,0,0,0,0,0,0,0,0,150,81,113,25,101.3,89,1,17.3,9.7,197385,143.3,4.2,1.21,88,0.492,579,2.5,1.9,0,1,0,0,0,0,0,1,4,11,0,0,201,5,0,1,62,male,standard,1,0
PAT-00232,headache,9,gradual,1_hour,chest,burning,0,improving,0,1,0,0,0,0,0,0,0,0,86,99,116,26,100.9,91,1,14.7,13.0,296094,146.0,4.4,2.41,255,0.531,655,1.8,1.9,0,0,0,0,0,0,0,2,6,9,0,0,32,3,1,1,78,female,standard,1,0
PAT-00233,headache,3,sudden,2_hours,back,unknown,1,fluctuating,0,0,0,0,0,0,0,0,0,1,153,91,64,13,103.2,95,6,8.8,9.8,292923,140.2,3.3,1.25,150,1.017,693,2.1,2.1,0,1,0,0,1,0,0,3,3,11,1,0,192,0,1,1,29,unknown,standard,1,0
PAT-00234,headache,4,gradual,1_day,arm,throbbing,1,stable,0,0,0,0,0,0,0,0,0,0,97,67,118,13,99.1,89,5,9.5,14.2,293640,133.6,4.7,2.11,277,0.504,693,1.3,1.1,0,0,0,0,0,0,0,0,3,4,0,0,308,2,1,1,41,female,standard,0,0
PAT-00235,headache,1,sudden,2_hours,arm,pressure,0,stable,1,0,0,0,0,0,0,0,0,0,103,56,114,20,99.5,91,10,13.9,11.6,222819,134.4,4.7,1.64,75,0.366,253,4.1,3.2,0,0,1,0,0,0,0,3,2,11,1,0,123,0,3,1,26,male,standard,1,0
PAT-00236,headache,7,gradual,1_day,back,burning,0,stable,0,0,1,0,0,0,0,0,0,0,167,66,74,18,101.4,95,8,7.9,15.0,166802,137.0,5.4,1.21,82,0.161,395,1.6,2.8,0,0,0,0,0,0,0,2,3,8,0,0,364,0,3,0,73,female,standard,1,0
PAT-00237,fever,10,chronic,3_days,unknown,sharp,0,stable,0,0,1,0,0,0,0,0,0,0,131,95,103,19,101.0,94,2,7.8,16.1,202611,143.6,3.5,2.4,220,0.811,79,0.9,1.6,1,0,0,0,0,0,0,3,3,3,0,0,204,6,3,1,63,unknown,standard,1,0
PAT-00238,fever,10,sudden,1_hour,generalized,unknown,0,worsening,1,0,0,0,0,0,1,0,0,0,85,87,81,27,97.2,96,7,12.6,12.7,124612,135.9,3.3,0.93,207,0.106,607,2.6,1.0,0,1,0,0,0,1,0,3,2,3,0,1,249,0,1,1,47,male,standard,2,0
PAT-00239,chest_pain,1,chronic,1_month,chest,sharp,0,worsening,0,1,0,0,0,0,0,1,0,0,102,77,105,12,99.2,89,4,5.5,15.7,328715,141.0,3.5,3.34,201,0.078,440,3.3,2.3,1,0,0,0,0,0,0,1,2,8,0,0,46,5,3,1,67,male,standard,2,0
PAT-00240,other,8,chronic,1_day,generalized,dull,0,improving,0,0,0,0,0,0,0,0,0,0,116,68,111,21,98.8,91,4,17.9,8.3,154047,130.7,4.2,2.88,202,0.819,571,4.1,2.3,0,1,0,1,1,0,0,3,1,9,0,0,289,4,0,0,78,unknown,standard,0,0
PAT-00241,back_pain,1,gradual,3_days,generalized,aching,0,worsening,0,0,0,0,0,0,0,0,0,0,156,93,91,17,102.5,96,9,7.7,11.9,186451,136.9,3.7,3.26,141,0.835,676,2.8,1.6,0,1,1,0,0,0,0,0,0,0,0,0,177,6,0,1,24,male,standard,0,0
PAT-00242,injury,8,sudden,1_hour,abdomen,unknown,0,stable,0,0,0,0,0,0,0,0,1,1,95,103,57,12,102.7,93,10,9.0,12.3,314550,132.7,3.7,0.82,224,0.243,188,1.3,1.7,0,0,0,0,0,0,0,1,3,2,0,0,291,3,3,0,32,female,standard,2,0
PAT-00243,headache,6,chronic,1_month,chest,throbbing,0,fluctuating,0,0,0,0,0,0,0,1,0,0,104,84,83,16,99.0,96,4,6.8,11.5,337187,145.0,5.2,0.71,208,1.149,843,2.0,2.1,0,1,0,1,0,0,0,0,4,9,0,0,48,3,2,1,82,female,standard,1,0
PAT-00244,abdominal_pain,7,gradual,1_day,arm,sharp,1,improving,1,0,0,0,0,0,0,0,0,0,92,100,122,13,97.8,96,7,12.8,10.7,290995,142.7,3.9,1.7,162,0.946,193,1.7,2.9,0,0,0,0,0,0,1,2,4,6,0,0,41,1,2,1,32,unknown,standard,1,0
PAT-00245,injury,10,sudden,2_hours,leg,burning,0,improving,0,0,0,0,0,0,0,0,0,0,169,103,101,26,98.5,94,6,4.4,14.1,168493,132.2,4.2,2.43,229,0.825,91,0.7,1.2,0,0,1,0,0,0,0,3,3,11,0,0,76,1,1,1,35,female,standard,0,0
PAT-00246,fever,1,sudden,2_hours,generalized,unknown,0,stable,0,1,0,1,0,0,0,0,0,0,122,88,123,20,98.3,94,10,17.0,12.7,295486,136.4,4.8,1.38,111,0.906,158,2.0,2.1,0,0,1,0,0,0,0,4,3,11,0,0,324,7,0,1,38,male,standard,2,0
PAT-00247,abdominal_pain,6,chronic,2_hours,chest,unknown,0,stable,0,0,0,0,0,0,0,0,0,1,90,63,75,14,98.7,95,6,7.9,8.7,361988,131.3,4.0,2.24,195,0.497,571,3.5,1.9,0,0,0,0,0,1,0,3,5,5,0,0,252,1,3,1,64,female,standard,1,0
PAT-00248,abdominal_pain,5,sudden,3_days,generalized,aching,0,stable,0,0,0,0,0,0,0,0,0,0,86,69,96,27,98.7,89,3,16.9,16.1,248090,141.9,4.5,2.4,109,0.549,193,2.1,2.0,0,1,1,1,0,0,0,4,2,4,0,1,128,0,0,1,82,female,standard,0,0
PAT-00249,abdominal_pain,3,chronic,2_hours,abdomen,aching,1,worsening,0,0,0,0,0,0,0,0,0,0,158,78,75,21,100.2,97,5,7.2,15.5,300251,133.1,4.4,1.12,201,1.045,84,3.7,3.0,0,1,0,1,0,0,0,1,1,6,0,0,219,7,0,1,33,female,standard,0,0
PAT-00250,chest_pain,6,sudden,1_week,unknown,burning,0,improving,0,0,0,0,0,0,0,0,0,0,157,102,56,18,99.2,99,0,10.9,11.0,306411,142.9,3.8,2.85,110,0.035,51,3.3,2.2,0,0,0,0,0,0,0,2,6,1,0,0,115,7,3,1,51,male,standard,0,0
PAT-00251,fever,3,gradual,1_hour,head,aching,1,stable,0,0,0,0,0,0,0,0,0,0,139,95,123,26,100.7,94,5,13.6,10.1,412436,131.2,4.8,3.32,263,0.964,639,3.2,2.5,0,0,0,0,0,0,0,4,1,1,0,0,215,5,2,1,26,unknown,standard,0,0
PAT-00252,abdominal_pain,1,chronic,3_days,chest,sharp,0,fluctuating,0,0,0,1,0,0,0,0,0,0,87,79,61,13,99.4,93,4,12.4,13.3,182250,139.2,5.1,2.49,198,0.54,711,2.0,3.0,0,1,0,0,1,0,0,3,2,6,0,0,232,2,2,1,21,unknown,standard,1,0
PAT-00253,headache,9,chronic,1_month,back,burning,0,improving,0,0,0,0,0,0,0,0,0,0,150,90,89,21,102.3,94,0,10.9,8.4,271431,139.7,5.0,3.35,75,0.559,797,0.8,1.6,0,0,0,0,0,0,0,3,4,7,0,0,156,5,2,1,83,female,standard,0,0
PAT-00254,shortness_of_breath,6,sudden,2_hours,head,burning,0,improving,0,0,0,0,0,0,0,0,0,0,156,86,84,15,103.2,93,10,14.9,12.2,285236,135.3,4.1,1.39,250,0.394,383,3.8,1.7,1,1,0,0,0,0,0,3,0,1,0,0,118,2,0,1,77,unknown,standard,0,0
PAT-00255,abdominal_pain,7,sudden,1_hour,generalized,dull,0,worsening,0,0,0,0,0,0,0,0,0,0,157,101,98,21,99.7,98,0,10.3,13.7,197579,132.6,5.3,0.8,161,0.73,646,2.9,1.4,0,1,0,0,0,0,0,2,4,10,0,0,122,7,0,0,39,unknown,standard,0,0
PAT-00256,chest_pain,1,chronic,1_day,back,throbbing,0,improving,0,0,0,0,0,1,0,0,0,0,110,75,100,14,97.5,90,2,8.3,11.5,216552,135.2,5.3,1.39,165,0.812,462,0.9,2.4,0,1,0,0,0,0,0,4,4,0,0,0,38,2,2,1,23,female,standard,1,0
PAT-00257,injury,4,sudden,2_hours,back,unknown,1,stable,1,1,0,0,0,0,0,0,1,0,132,96,109,12,98.7,92,3,13.9,16.3,153835,137.9,3.8,2.51,141,0.197,150,0.9,1.5,0,1,0,0,0,0,0,4,0,10,0,1,259,3,1,0,46,female,standard,3,0
PAT-00258,fever,0,gradual,1_hour,back,dull,0,stable,0,0,0,0,0,0,0,0,0,0,92,93,55,21,97.8,90,0,17.1,14.1,296914,145.5,3.5,2.37,151,0.681,269,2.8,1.4,1,1,0,0,0,0,0,2,0,4,0,0,103,4,2,1,29,female,standard,0,0
PAT-00259,other,6,sudden,1_week,chest,throbbing,0,fluctuating,0,0,0,0,0,0,0,0,0,0,151,60,108,17,99.4,93,9,12.2,15.9,265211,137.2,5.3,1.45,241,0.561,156,2.1,3.2,0,1,1,0,0,0,0,0,1,0,0,0,239,5,0,0,35,male,standard,0,0
PAT-00260,chest_pain,7,gradual,1_day,arm,burning,1,improving,0,0,0,0,0,0,0,0,0,0,159,101,55,16,101.3,90,6,7.6,15.7,145498,133.0,4.9,1.84,77,0.939,155,1.3,2.5,0,0,0,1,1,0,0,1,0,9,0,0,145,2,0,1,83,female,standard,0,0
PAT-00261,abdominal_pain,5,gradual,1_week,generalized,unknown,1,improving,0,1,0,0,1,0,0,0,0,0,173,79,117,17,100.5,99,1,14.6,9.1,165254,130.4,3.9,1.73,100,0.657,530,1.5,2.8,1,0,1,0,0,0,0,2,2,10,0,0,323,7,0,1,40,unknown,standard,2,0
PAT-00262,fever,4,gradual,1_month,head,aching,0,worsening,0,0,0,0,0,1,0,0,0,1,153,56,109,25,98.7,89,10,14.5,13.7,389325,130.1,3.9,3.36,271,0.518,93,2.0,3.1,0,0,0,0,0,0,0,3,0,9,1,0,339,5,2,1,59,unknown,standard,2,0
PAT-00263,shortness_of_breath,5,gradual,1_hour,abdomen,throbbing,0,stable,0,0,1,0,0,1,0,0,0,1,160,85,81,12,102.0,98,3,7.4,13.1,355996,136.7,3.9,1.58,257,0.637,399,3.3,3.1,1,1,0,1,1,1,0,0,4,8,0,0,98,7,0,1,50,unknown,standard,3,0
PAT-00264,abdominal_pain,1,gradual,1_week,arm,burning,0,fluctuating,0,0,0,0,0,0,0,0,0,0,114,84,69,22,98.0,91,8,9.1,8.5,220225,134.7,5.2,1.24,77,0.591,539,1.3,1.7,0,1,1,0,0,0,0,4,2,4,0,0,199,2,2,1,81,female,standard,0,0
PAT-00265,chest_pain,0,sudden,1_month,generalized,burning,0,stable,1,1,0,0,0,0,0,0,0,0,111,69,63,27,98.6,96,7,5.5,10.7,189555,131.8,3.8,2.28,130,1.123,803,3.1,2.1,0,0,1,1,0,0,0,1,0,7,0,0,363,7,0,1,22,unknown,standard,2,0
PAT-00266,back_pain,6,gradual,1_hour,unknown,dull,1,improving,1,0,0,0,0,0,0,0,0,1,127,72,123,19,101.5,88,1,4.7,12.5,325067,132.8,4.7,1.05,102,0.378,798,1.2,3.0,0,0,0,0,0,0,0,3,1,3,0,0,31,4,3,1,48,male,standard,2,0
PAT-00267,headache,6,sudden,1_hour,unknown,dull,0,improving,0,0,0,0,0,0,0,0,0,0,89,86,113,15,98.4,95,10,15.2,12.7,402816,135.6,5.1,2.12,245,0.05,298,3.3,1.0,0,1,0,1,0,0,0,3,1,0,0,0,30,1,1,0,78,female,standard,0,0
PAT-00268,other,9,gradual,1_week,chest,aching,0,fluctuating,0,1,0,0,0,0,0,0,1,0,104,68,77,18,101.5,92,10,8.9,14.9,179835,141.0,4.1,2.62,104,0.796,843,3.8,3.0,0,0,1,0,0,0,0,3,6,8,0,0,179,3,2,1,31,unknown,standard,2,0
PAT-00269,injury,10,chronic,1_hour,back,pressure,1,improving,1,0,0,0,0,1,0,0,0,0,136,72,65,19,103.4,89,8,7.6,13.0,313593,139.8,3.3,3.34,161,0.727,681,2.2,2.9,1,0,0,0,0,0,0,2,4,10,0,0,32,5,1,1,69,female,standard,2,0
PAT-00270,chest_pain,9,gradual,2_hours,abdomen,sharp,1,fluctuating,0,0,0,0,0,0,0,0,1,0,105,89,78,14,102.4,96,0,7.2,12.0,125084,131.3,4.9,3.2,220,1.092,421,2.9,2.0,0,1,1,0,1,0,0,4,6,3,0,0,68,7,0,1,22,unknown,standard,1,0
PAT-00271,fever,1,chronic,1_hour,generalized,pressure,0,fluctuating,0,0,0,0,0,0,0,0,0,0,87,76,108,25,98.2,89,5,4.6,14.4,128489,132.3,3.2,3.06,79,0.145,826,1.6,2.1,1,1,0,0,0,0,0,0,3,10,0,0,218,6,3,1,39,male,standard,0,0
PAT-00272,other,1,gradual,3_days,head,pressure,1,stable,0,0,0,0,0,0,0,0,0,0,125,68,85,15,100.5,98,2,17.8,12.9,390848,144.5,5.1,1.8,160,0.63,667,3.9,1.0,0,0,0,0,0,0,0,1,4,2,0,0,118,6,0,1,39,male,standard,0,0
PAT-00273,other,0,gradual,1_month,generalized,unknown,0,fluctuating,0,0,0,1,0,0,0,0,0,0,148,92,76,20,99.9,98,0,8.8,15.5,209493,131.1,4.0,3.2,183,0.185,664,2.1,2.2,0,1,0,0,0,0,0,3,0,1,1,0,230,3,3,1,45,male,standard,1,0
PAT-00274,other,9,gradual,1_hour,arm,unknown,0,improving,0,1,0,0,0,1,0,0,0,0,152,68,68,26,103.4,90,7,5.9,15.7,246279,133.2,5.0,2.71,135,0.55,366,2.4,1.2,1,0,0,0,0,0,0,2,4,0,0,0,38,4,3,1,78,unknown,standard,2,0
PAT-00275,abdominal_pain,7,chronic,3_days,unknown,aching,1,worsening,1,0,0,0,0,0,0,0,0,0,172,88,59,23,103.3,88,5,16.0,13.1,301132,135.1,4.5,1.94,75,0.96,792,1.5,1.5,0,0,0,0,0,0,0,2,2,8,0,0,78,0,0,1,26,unknown,standard,1,0
PAT-00276,headache,7,chronic,1_hour,leg,unknown,0,worsening,1,0,0,0,0,0,0,0,0,1,155,76,71,20,98.0,88,3,14.0,12.8,224485,133.7,4.0,2.28,138,1.03,550,1.3,2.7,1,0,0,1,0,0,0,1,5,0,1,0,160,7,3,1,84,unknown,standard,2,0
PAT-00277,abdominal_pain,0,gradual,1_hour,arm,throbbing,0,improving,0,0,0,0,0,0,0,0,0,0,108,70,98,27,102.9,89,2,13.1,14.0,284659,134.7,5.3,1.92,216,1.001,400,1.4,2.1,0,0,0,0,1,0,0,0,4,3,0,0,198,3,2,1,56,male,standard,0,0
PAT-00278,fever,10,sudden,1_week,generalized,aching,0,worsening,0,1,0,0,0,0,0,0,0,0,136,102,103,18,98.4,89,9,7.8,14.2,402092,141.6,5.0,1.25,115,0.659,80,2.3,2.6,0,0,1,0,0,0,0,2,6,1,1,0,130,0,2,1,82,unknown,standard,1,0
PAT-00279,abdominal_pain,7,gradual,2_hours,abdomen,aching,0,worsening,0,0,0,0,0,0,0,0,0,0,159,103,119,14,99.2,93,1,9.5,14.2,328362,131.5,3.4,1.96,147,0.763,833,1.1,3.0,0,1,0,0,0,0,0,2,1,11,0,0,236,1,1,1,27,unknown,standard,0,0
PAT-00280,back_pain,8,chronic,1_month,generalized,burning,0,fluctuating,0,0,0,0,0,0,0,0,0,0,86,70,58,25,99.4,98,4,15.7,13.3,305340,135.6,5.3,2.96,270,0.664,677,2.0,1.3,0,1,0,0,1,0,0,4,2,7,0,0,36,6,3,1,48,female,standard,0,0
PAT-00281,headache,3,gradual,2_hours,generalized,burning,0,worsening,0,0,0,0,0,0,0,0,0,0,128,70,63,22,99.0,95,7,12.8,14.5,208661,139.8,4.3,1.45,255,0.676,207,2.0,1.5,0,1,1,0,0,0,0,4,6,4,0,0,268,6,0,0,65,male,standard,0,0
PAT-00282,headache,0,chronic,1_day,chest,burning,0,worsening,0,0,0,0,0,0,0,0,0,0,125,94,90,15,102.6,99,7,8.5,9.2,271101,130.8,3.5,2.49,233,1.063,405,2.2,2.3,0,0,1,0,0,0,0,0,5,10,0,0,30,5,3,1,66,unknown,standard,0,0
PAT-00283,fever,0,chronic,1_week,head,sharp,0,worsening,0,0,0,0,0,0,0,0,0,1,154,92,105,18,99.3,91,2,5.1,15.0,120258,130.7,5.0,2.25,196,0.255,522,2.1,3.1,0,1,0,0,0,0,0,1,1,2,0,0,152,7,1,1,54,unknown,standard,1,0
PAT-00284,injury,2,chronic,1_week,abdomen,throbbing,0,stable,0,0,1,0,0,0,0,0,0,0,91,72,86,24,102.3,90,8,16.6,10.6,261392,138.0,4.4,3.28,133,0.529,197,1.6,2.7,0,1,0,0,0,0,0,3,5,11,0,1,237,7,0,1,21,female,standard,1,0
PAT-00285,back_pain,4,gradual,2_hours,generalized,throbbing,1,improving,1,0,0,0,0,0,0,0,0,0,122,77,72,17,103.5,89,9,17.4,15.5,164925,144.4,4.7,2.79,268,0.734,346,1.9,2.4,0,1,0,0,0,0,0,2,6,3,0,1,84,3,0,1,53,male,standard,1,0
PAT-00286,chest_pain,4,chronic,1_week,back,burning,0,fluctuating,1,0,0,0,0,0,0,0,1,0,166,100,69,17,102.5,88,4,13.9,9.1,287373,137.1,4.8,1.71,111,0.92,196,3.8,2.5,1,0,1,0,0,0,0,3,4,2,0,0,152,3,2,1,51,male,standard,2,0
PAT-00287,abdominal_pain,8,chronic,2_hours,head,pressure,0,worsening,0,0,1,0,0,0,0,1,0,0,129,102,74,22,99.4,95,6,13.5,8.0,339603,136.5,3.7,2.27,124,0.915,133,0.7,1.9,0,1,0,0,0,0,0,3,0,9,1,0,320,1,3,0,25,male,standard,2,0
PAT-00288,shortness_of_breath,9,gradual,1_week,arm,sharp,0,improving,0,0,1,0,0,0,0,0,1,0,93,94,112,15,101.7,94,10,11.3,8.1,212525,130.2,5.4,3.25,268,0.145,227,0.9,1.8,0,0,0,0,0,0,0,3,4,1,0,0,164,2,2,1,53,female,standard,2,0
PAT-00289,abdominal_pain,1,chronic,1_hour,abdomen,pressure,0,worsening,0,0,0,0,0,0,0,0,1,0,137,72,94,21,100.6,98,8,17.6,9.8,395550,141.7,3.4,1.33,88,0.27,474,3.9,3.2,1,1,0,0,0,0,0,0,2,5,0,0,196,7,0,1,47,female,standard,1,0
PAT-00290,other,1,gradual,2_hours,arm,dull,1,stable,0,0,0,0,0,0,0,0,0,0,112,100,120,27,102.2,89,6,13.6,9.0,168414,132.6,4.6,2.03,217,1.094,549,1.6,2.9,0,1,0,1,0,0,0,1,1,5,1,0,128,2,0,1,54,male,standard,0,0
PAT-00291,abdominal_pain,5,chronic,2_hours,unknown,throbbing,0,stable,1,0,0,0,0,0,0,0,0,0,103,103,67,19,98.2,99,9,4.6,12.7,181097,141.2,3.5,1.32,99,0.432,621,1.7,2.7,0,1,0,0,0,0,0,1,6,2,0,0,260,5,0,1,42,unknown,standard,1,0
PAT-00292,chest_pain,8,sudden,3_days,generalized,throbbing,0,worsening,0,0,0,0,0,0,0,0,0,1,152,76,67,20,101.2,94,2,4.8,11.8,125689,135.6,5.2,1.87,276,0.008,752,1.8,2.6,0,0,0,0,0,0,0,4,4,4,0,0,18,1,3,1,50,female,standard,1,0
PAT-00293,abdominal_pain,0,sudden,1_week,arm,pressure,0,worsening,0,0,0,0,0,0,0,0,0,0,88,94,116,21,102.1,99,1,17.5,13.2,185183,130.7,3.6,0.86,166,0.244,163,1.0,2.2,0,0,0,0,1,0,0,3,0,11,0,0,50,7,3,1,45,female,standard,0,0
PAT-00294,back_pain,8,chronic,1_week,arm,sharp,0,worsening,0,0,0,0,0,0,1,0,0,0,97,84,82,18,102.0,93,6,17.2,9.6,368042,135.2,4.2,3.15,82,1.164,577,3.4,1.7,0,0,0,0,0,0,0,3,0,8,1,1,227,7,1,1,23,female,standard,1,0
PAT-00295,back_pain,8,sudden,2_hours,chest,throbbing,0,stable,0,0,0,0,0,1,0,0,1,0,95,102,100,19,103.3,95,9,11.6,14.4,282266,140.6,3.4,3.44,260,0.375,122,1.2,1.9,0,1,0,0,0,0,0,2,3,9,0,0,334,4,1,1,76,female,standard,2,0
PAT-00296,headache,8,gradual,1_hour,arm,pressure,1,stable,0,0,0,0,0,0,0,0,0,0,86,96,69,21,97.6,93,7,6.6,13.2,285714,142.3,4.2,2.29,196,0.738,625,3.1,1.0,1,0,0,0,0,0,0,0,5,0,0,1,31,0,3,1,41,unknown,standard,0,0
PAT-00297,fever,4,sudden,1_hour,back,aching,0,improving,0,0,0,0,0,0,0,0,0,0,154,96,98,13,99.4,91,3,12.0,9.9,211006,140.2,3.2,2.25,258,0.873,83,1.4,1.1,0,0,0,0,0,0,0,3,5,6,0,0,95,4,1,1,33,unknown,standard,0,0
PAT-00298,injury,8,chronic,1_month,back,aching,0,fluctuating,0,0,0,0,0,0,0,0,0,0,96,72,77,15,100.2,95,0,14.6,11.4,186492,141.4,4.2,3.38,216,0.778,673,3.1,1.8,0,0,0,0,0,0,0,0,0,0,0,0,313,4,3,1,69,unknown,standard,0,0
PAT-00299,shortness_of_breath,10,chronic,1_hour,head,unknown,0,fluctuating,0,0,0,0,0,1,0,0,0,0,121,72,121,14,99.2,88,5,3.6,14.1,223835,133.8,4.8,1.8,158,0.456,297,4.1,1.2,0,0,0,1,0,0,0,4,4,5,0,0,123,5,2,1,78,male,standard,1,0
PAT-00300,other,3,gradual,1_week,generalized,sharp,0,stable,0,0,0,0,0,0,0,0,0,0,140,95,120,17,99.2,97,8,15.4,13.8,419401,145.4,3.6,2.44,116,0.519,97,2.4,1.8,1,1,0,1,0,0,0,0,0,4,0,0,254,3,0,0,68,female,standard,0,0
PAT-00301,abdominal_pain,1,chronic,3_days,leg,pressure,0,fluctuating,0,0,0,0,0,0,0,0,0,0,172,55,104,13,98.3,88,3,10.2,12.8,174174,133.6,4.5,3.04,87,1.006,622,1.7,1.4,0,1,0,0,0,0,0,1,0,3,0,1,201,7,1,1,22,unknown,standard,0,0
PAT-00302,abdominal_pain,5,gradual,2_hours,unknown,unknown,0,worsening,1,0,0,0,0,0,0,0,0,0,136,102,67,18,102.3,91,2,10.2,16.3,384201,132.7,4.3,2.12,93,0.797,54,2.0,1.7,0,0,0,0,0,0,0,0,2,2,0,0,291,0,1,1,58,unknown,standard,1,0
PAT-00303,chest_pain,3,sudden,1_day,arm,aching,0,improving,0,1,0,0,0,1,0,0,0,0,157,96,56,19,102.9,88,5,9.8,9.1,138761,134.0,4.0,1.32,108,0.033,635,2.0,1.8,0,1,0,0,1,0,0,3,0,9,0,0,214,7,3,1,76,female,standard,2,0
PAT-00304,fever,5,sudden,3_days,arm,sharp,0,stable,0,0,0,0,0,0,0,0,0,0,174,69,88,15,97.7,92,5,13.5,12.2,230427,145.6,4.7,2.98,175,0.248,607,1.1,2.7,1,0,0,0,0,0,0,3,6,3,0,0,38,7,1,1,77,male,standard,0,0
PAT-00305,back_pain,2,gradual,1_day,abdomen,unknown,0,stable,0,0,0,1,0,0,0,0,1,0,88,59,94,19,98.2,98,3,6.5,13.3,342363,131.0,5.5,1.46,248,0.347,446,3.5,2.5,1,1,0,1,0,0,0,3,4,11,0,0,186,6,2,1,22,unknown,standard,2,0
PAT-00306,shortness_of_breath,5,gradual,3_days,chest,burning,0,fluctuating,0,0,0,0,0,0,0,0,0,0,88,81,123,19,98.6,96,6,12.3,16.4,202449,142.4,5.4,3.06,191,0.442,350,2.0,2.8,0,0,1,0,0,0,0,3,0,10,0,0,80,4,2,0,82,male,standard,0,0
PAT-00307,headache,1,chronic,1_hour,leg,sharp,0,worsening,0,1,0,0,0,1,0,0,0,0,133,71,115,14,100.4,96,10,4.1,12.6,180339,131.7,5.4,3.34,129,0.694,150,3.2,1.7,0,0,1,0,0,0,0,0,1,0,1,0,259,2,2,0,57,male,standard,2,0
PAT-00308,back_pain,1,sudden,1_week,head,dull,0,improving,0,1,0,0,0,0,0,0,0,0,136,95,79,12,102.2,96,1,15.3,11.8,233563,142.4,3.2,2.23,266,0.443,476,1.6,2.8,0,0,1,0,0,0,0,3,3,4,0,0,348,4,1,1,59,female,standard,1,0
PAT-00309,other,8,gradual,1_day,unknown,burning,1,fluctuating,0,0,0,0,0,0,0,0,1,0,118,86,117,22,97.7,93,0,15.3,15.8,246235,134.4,3.8,0.84,259,0.991,126,1.9,3.1,0,0,0,1,0,0,0,1,3,8,1,0,172,7,2,1,58,female,standard,1,0
PAT-00310,fever,6,sudden,3_days,leg,unknown,1,stable,0,0,0,0,0,0,0,0,0,0,106,92,82,14,101.2,99,10,8.0,12.3,380365,141.6,5.3,3.38,274,0.571,458,3.8,1.5,0,0,0,0,0,0,0,2,2,5,0,0,268,2,2,1,80,male,standard,0,0
PAT-00311,other,2,gradual,1_week,arm,pressure,0,stable,0,0,0,0,0,0,0,0,0,0,97,80,110,27,98.1,88,5,5.0,16.0,136647,130.8,3.3,3.03,266,0.605,294,2.1,2.6,0,0,0,0,0,0,0,3,4,9,0,0,33,2,0,1,45,male,standard,0,0
PAT-00312,injury,10,sudden,1_day,abdomen,burning,0,fluctuating,0,0,0,0,0,0,0,1,0,0,147,56,80,21,103.3,97,2,14.3,14.4,317085,135.4,4.0,1.03,171,0.516,298,1.9,1.0,0,1,1,0,0,0,0,4,5,9,0,0,117,0,1,1,60,female,standard,1,0
PAT-00313,headache,0,chronic,2_hours,generalized,burning,0,worsening,1,0,0,0,0,0,0,0,1,0,99,82,81,26,102.9,92,2,10.3,9.4,347529,137.4,4.7,2.46,207,0.376,739,1.7,2.1,0,1,0,0,0,0,0,2,4,3,0,0,30,3,0,1,42,unknown,standard,2,0
PAT-00314,injury,7,sudden,3_days,chest,unknown,0,improving,0,0,0,0,0,0,0,0,0,0,124,99,80,23,103.2,97,0,16.9,9.4,245064,130.3,5.5,1.58,117,0.871,279,3.8,1.3,0,1,0,0,1,0,0,0,2,4,0,0,351,2,2,1,73,male,standard,0,0
PAT-00315,chest_pain,5,sudden,2_hours,generalized,pressure,1,improving,0,1,0,0,0,0,0,0,0,0,122,77,69,25,97.9,89,1,8.6,10.7,406782,132.9,3.8,1.62,178,0.279,627,2.1,2.8,0,0,0,0,0,0,0,1,3,0,0,0,319,5,2,1,24,female,standard,1,0
PAT-00316,other,6,sudden,1_hour,head,pressure,0,improving,1,0,0,0,0,0,0,0,0,0,139,104,104,26,100.3,99,2,15.7,8.6,149607,132.7,5.0,2.32,91,0.829,23,3.8,1.9,1,0,0,0,1,0,0,1,1,3,0,0,145,5,0,0,66,unknown,standard,1,0
PAT-00317,chest_pain,8,sudden,2_hours,leg,aching,1,improving,0,0,1,0,0,0,0,0,0,0,128,74,60,24,98.2,88,0,3.9,12.6,156940,137.7,4.7,2.69,163,0.638,206,1.7,2.3,0,0,0,0,0,0,0,4,3,3,0,1,249,1,3,1,78,male,standard,1,0
PAT-00318,abdominal_pain,4,sudden,2_hours,head,dull,0,worsening,0,0,0,1,0,0,0,0,0,1,150,90,122,12,101.0,92,7,14.7,15.3,334935,132.1,4.6,0.73,248,0.127,237,4.1,2.2,0,0,0,0,0,0,1,3,3,8,0,0,142,3,2,1,36,female,standard,2,0
PAT-00319,injury,0,chronic,1_month,arm,pressure,0,stable,0,0,0,0,0,0,0,0,0,1,150,96,58,23,98.7,92,5,13.3,11.4,373382,145.6,4.9,1.13,235,0.026,654,2.4,1.1,0,0,1,0,0,0,0,4,1,4,0,0,13,1,1,1,60,female,standard,1,0
PAT-00320,fever,9,gradual,3_days,head,throbbing,0,stable,1,0,0,0,0,0,0,0,0,0,127,76,84,25,102.1,88,8,11.1,13.5,400588,144.2,3.8,3.23,143,0.207,305,1.2,1.1,0,0,0,0,0,0,0,3,3,2,0,0,341,5,1,1,71,unknown,standard,1,0
PAT-00321,other,6,sudden,1_hour,generalized,throbbing,1,improving,0,0,0,0,0,0,0,0,0,0,156,65,63,13,101.3,94,0,16.7,16.3,282181,133.6,4.0,2.09,89,0.914,377,2.1,2.2,0,0,0,1,0,1,0,3,0,9,0,0,358,6,2,1,42,unknown,standard,0,0
PAT-00322,shortness_of_breath,4,chronic,2_hours,abdomen,dull,0,improving,1,0,0,0,0,0,0,0,0,0,122,82,96,19,100.8,90,10,17.2,9.6,269170,133.7,4.5,2.08,116,0.465,180,3.1,1.6,0,1,0,1,0,0,0,1,6,7,0,0,218,2,3,1,41,unknown,standard,1,0
PAT-00323,headache,2,sudden,1_week,head,sharp,0,improving,0,0,0,0,0,0,0,0,0,0,166,99,68,15,102.4,98,3,17.0,11.0,396283,145.2,4.2,3.05,217,0.967,227,3.8,1.2,0,1,1,0,0,0,0,1,4,9,0,0,222,2,1,1,62,female,standard,0,0
PAT-00324,back_pain,8,sudden,1_day,back,unknown,0,fluctuating,0,1,0,0,0,0,0,0,0,0,113,76,94,25,100.4,93,3,12.2,8.2,205519,134.8,4.9,1.06,267,0.605,436,1.1,1.6,0,1,1,0,0,0,0,3,3,9,0,0,266,0,1,0,81,unknown,standard,1,0
PAT-00325,fever,0,gradual,2_hours,abdomen,sharp,1,fluctuating,0,0,0,0,0,0,0,1,0,1,159,71,57,24,98.9,89,4,11.0,10.0,248757,136.8,5.0,2.7,265,0.044,551,2.6,1.3,0,0,0,0,0,0,0,1,1,6,0,0,126,7,2,0,79,male,standard,2,0
PAT-00326,fever,0,sudden,1_hour,leg,throbbing,0,stable,0,0,0,0,0,0,0,0,0,0,140,85,95,20,101.1,96,10,7.4,14.6,308883,141.2,4.4,2.12,130,1.016,67,2.5,1.0,0,0,0,0,0,0,0,1,4,7,0,0,290,1,2,1,26,unknown,standard,0,0
PAT-00327,chest_pain,0,chronic,2_hours,chest,pressure,0,stable,0,0,0,0,0,1,0,0,0,0,90,65,87,18,103.2,89,1,5.9,13.6,180095,135.5,4.1,2.78,245,1.124,558,1.8,1.8,0,1,1,0,0,0,0,1,4,3,0,0,6,6,1,1,31,male,standard,1,0
PAT-00328,injury,2,chronic,1_day,chest,dull,0,improving,0,0,0,0,0,0,0,0,0,0,93,90,114,14,101.0,89,0,11.6,14.7,206356,144.4,5.3,2.6,156,0.094,691,2.1,2.5,1,0,1,1,1,0,0,3,3,6,0,0,151,7,3,0,38,unknown,standard,0,0
PAT-00329,other,5,gradual,1_hour,arm,sharp,1,fluctuating,0,0,0,0,0,0,1,0,0,0,106,68,118,25,101.2,88,8,5.7,11.6,336118,139.4,4.9,2.57,272,0.254,489,1.7,1.2,0,0,0,0,0,0,0,3,3,10,0,0,61,4,2,1,53,male,standard,1,0
PAT-00330,other,9,sudden,3_days,arm,sharp,1,worsening,0,0,0,0,0,0,0,0,0,1,130,89,116,12,103.1,88,4,6.0,14.3,148060,139.1,4.7,3.1,108,0.86,174,1.7,2.2,0,1,0,1,0,0,1,2,6,3,0,0,192,4,0,0,33,unknown,standard,1,0
PAT-00331,abdominal_pain,10,chronic,1_hour,back,unknown,0,fluctuating,0,0,0,0,0,0,0,0,0,0,173,77,61,26,100.4,99,7,8.7,13.1,291341,138.9,3.3,2.24,268,1.197,812,2.5,1.2,0,0,0,0,0,0,0,1,3,8,0,0,66,3,2,1,47,male,standard,0,0
PAT-00332,abdominal_pain,2,sudden,3_days,leg,burning,0,stable,0,0,1,0,0,0,0,0,0,0,115,83,104,24,103.5,91,2,6.2,10.8,134523,131.8,4.4,1.84,192,1.052,85,0.8,1.1,1,0,0,0,0,0,0,3,2,4,0,1,97,3,3,0,41,unknown,standard,1,0
PAT-00333,headache,7,sudden,1_hour,generalized,throbbing,0,fluctuating,0,1,0,0,0,0,0,0,0,0,105,77,93,12,98.2,94,3,10.8,11.5,215752,142.6,3.5,1.26,143,0.123,249,2.3,1.1,0,0,0,0,0,0,0,1,4,4,0,0,306,5,3,1,26,unknown,standard,1,0
PAT-00334,chest_pain,9,sudden,1_day,chest,pressure,0,stable,0,0,0,0,0,0,0,0,0,0,122,98,101,25,100.6,91,3,13.1,12.6,278725,139.2,4.7,1.66,94,0.731,234,1.8,1.4,0,0,0,0,0,0,0,2,2,3,0,0,242,2,3,1,19,male,standard,0,0
PAT-00335,fever,1,gradual,1_day,chest,dull,0,improving,0,0,0,0,0,0,0,0,0,0,136,90,124,12,98.5,92,5,13.6,16.1,289372,130.9,3.9,3.14,216,0.8,775,2.3,2.0,0,0,0,0,0,0,0,2,3,4,0,0,186,1,2,1,70,unknown,standard,0,0
PAT-00336,other,8,sudden,1_hour,chest,sharp,0,worsening,1,0,0,0,0,0,0,0,0,0,103,70,80,21,100.1,93,3,11.2,15.9,361297,143.6,4.9,1.64,278,0.759,31,4.1,1.9,1,0,0,0,1,1,0,0,1,0,0,0,270,0,0,1,60,female,standard,1,0
PAT-00337,shortness_of_breath,2,chronic,2_hours,generalized,unknown,0,improving,0,0,0,0,0,0,0,0,0,0,94,93,112,14,98.3,92,4,11.1,16.4,267735,141.7,5.0,3.46,142,0.684,632,3.3,2.0,0,0,0,1,0,0,0,3,6,10,0,0,347,0,3,1,83,unknown,standard,0,0
PAT-00338,chest_pain,4,sudden,1_day,chest,burning,0,improving,0,0,0,0,0,0,0,0,0,1,130,74,105,27,98.6,92,4,10.4,8.1,248227,134.6,3.9,2.4,115,0.354,705,3.7,1.8,0,0,0,0,0,0,0,2,3,11,1,0,107,3,2,0,22,female,standard,1,0
PAT-00339,headache,9,chronic,3_days,head,throbbing,1,worsening,0,0,0,0,0,0,1,0,0,0,160,79,106,16,98.5,91,7,7.1,14.1,143828,134.6,5.4,2.98,261,0.804,248,1.9,2.9,0,0,0,1,0,0,0,3,3,0,0,0,222,6,1,1,78,unknown,standard,1,0
PAT-00340,headache,7,sudden,3_days,leg,throbbing,0,worsening,0,0,0,0,0,0,1,0,0,0,167,73,70,19,99.2,96,8,13.0,15.6,315901,138.1,4.4,2.08,124,0.875,261,3.1,2.9,0,0,0,1,0,0,0,3,5,8,1,0,128,4,1,1,77,female,standard,1,0
PAT-00341,chest_pain,1,chronic,1_week,abdomen,unknown,0,worsening,0,0,0,0,0,0,0,0,0,0,150,80,102,19,98.0,92,10,13.0,14.3,336022,130.1,3.7,2.53,276,0.693,529,2.3,2.4,0,1,0,0,0,1,0,1,0,1,0,0,353,2,3,1,76,unknown,standard,0,0
PAT-00342,headache,5,chronic,1_month,abdomen,dull,0,stable,0,0,0,0,0,0,0,0,0,0,163,86,81,13,102.3,96,7,7.2,11.5,144922,143.0,5.0,3.47,241,0.599,835,2.7,1.6,1,1,0,0,0,0,0,3,0,7,0,1,189,2,1,1,77,unknown,standard,0,0
PAT-00343,chest_pain,4,sudden,1_month,back,sharp,0,improving,1,0,0,0,0,0,0,0,0,0,122,104,87,20,98.6,91,4,13.7,14.2,376473,145.1,4.9,2.1,232,0.267,232,2.2,1.3,0,0,0,0,0,0,0,1,4,10,1,0,246,5,2,1,56,unknown,standard,1,0
PAT-00344,back_pain,9,sudden,1_month,head,dull,0,stable,0,0,0,0,0,0,0,0,0,0,146,75,77,20,99.8,96,5,15.9,11.8,268852,137.1,4.2,1.44,239,0.656,131,1.1,2.5,0,0,1,1,0,0,0,1,4,1,0,0,91,6,1,1,42,female,standard,0,0
PAT-00345,chest_pain,8,chronic,3_days,chest,unknown,1,worsening,0,0,0,0,0,1,0,0,0,0,156,63,99,18,97.3,92,3,12.1,14.1,131573,138.6,4.7,2.52,121,0.158,222,4.0,3.2,0,1,0,0,0,0,0,1,4,8,1,0,272,4,2,1,24,unknown,standard,1,0
PAT-00346,injury,4,gradual,1_week,chest,unknown,0,stable,0,0,0,0,0,0,0,0,0,0,130,97,76,27,97.9,95,1,5.2,14.6,394602,143.0,3.2,3.27,200,0.092,360,3.1,2.8,1,1,0,0,1,0,0,4,6,1,0,0,88,1,1,1,21,female,standard,0,0
PAT-00347,chest_pain,1,sudden,1_month,arm,dull,0,worsening,0,0,0,0,0,0,0,0,0,0,119,73,96,23,102.8,88,10,8.2,15.2,371768,134.4,3.9,0.75,247,0.935,56,2.8,1.7,0,0,0,0,1,0,0,3,2,0,0,1,329,4,3,1,31,male,standard,0,0
PAT-00348,headache,4,gradual,1_month,arm,aching,0,fluctuating,0,0,0,0,0,0,0,0,0,0,127,103,87,21,102.5,91,10,4.8,14.2,142407,137.9,5.2,3.48,131,0.813,663,2.6,1.3,0,0,0,0,0,0,0,2,4,7,0,0,341,3,3,1,47,unknown,standard,0,0
PAT-00349,other,3,sudden,1_hour,back,burning,0,worsening,0,0,0,0,0,0,0,0,0,0,114,75,64,16,102.5,91,4,7.9,9.4,123734,131.8,3.7,2.22,206,0.781,109,3.2,2.8,1,0,0,0,1,0,0,3,5,2,0,0,65,5,3,1,24,male,standard,0,0
PAT-00350,injury,10,sudden,1_hour,chest,throbbing,0,improving,0,1,0,0,0,0,0,0,0,0,157,72,101,16,99.8,89,0,6.6,16.0,130479,141.2,5.3,2.94,80,1.114,743,2.5,1.8,0,1,0,0,1,0,0,0,6,6,0,0,285,6,1,1,76,male,standard,1,0
PAT-00351,headache,6,sudden,1_hour,back,aching,0,improving,0,0,0,0,0,0,0,0,0,0,147,60,93,19,98.1,90,0,11.5,9.8,262968,142.7,4.5,1.03,217,0.46,464,1.4,2.2,1,0,0,0,1,0,0,3,0,4,0,0,8,7,1,1,64,unknown,standard,0,0
PAT-00352,abdominal_pain,5,sudden,2_hours,head,pressure,0,improving,0,0,0,0,0,0,0,0,0,0,114,89,100,26,97.9,95,0,9.6,11.0,201622,131.1,5.3,1.52,183,0.483,346,0.6,1.0,0,0,1,1,0,0,0,4,4,6,0,0,214,4,0,1,19,male,standard,0,0
PAT-00353,abdominal_pain,1,gradual,1_month,abdomen,throbbing,0,stable,0,0,0,1,0,0,0,0,0,1,167,68,105,19,101.0,99,3,14.0,11.6,137191,144.1,3.5,3.44,247,0.499,121,2.0,2.8,1,0,0,0,1,0,0,0,6,7,0,0,33,2,2,1,28,unknown,standard,2,0
PAT-00354,other,10,sudden,2_hours,chest,throbbing,0,improving,0,0,0,0,0,0,0,0,0,0,113,63,79,16,102.4,95,4,8.8,14.1,358743,136.0,4.3,1.51,156,0.561,494,2.6,1.4,1,1,1,0,0,0,0,0,5,2,0,0,323,0,2,1,26,unknown,standard,0,0
PAT-00355,other,10,chronic,1_week,leg,burning,0,worsening,0,0,0,0,0,0,0,0,0,0,150,89,69,17,102.9,88,3,5.7,14.0,220993,144.8,3.9,1.85,155,0.618,578,1.9,2.7,0,0,0,0,0,0,1,1,6,4,0,0,296,1,3,1,23,female,standard,0,0
PAT-00356,injury,4,chronic,3_days,generalized,pressure,0,fluctuating,0,0,0,0,0,0,0,0,0,0,156,56,112,17,99.0,89,5,6.9,16.2,207290,144.4,5.2,1.49,262,0.935,651,2.5,2.4,0,0,1,0,0,0,0,2,3,4,0,0,305,7,3,1,39,unknown,standard,0,0
PAT-00357,back_pain,6,gradual,1_month,head,sharp,0,improving,0,0,0,0,0,0,0,0,0,0,173,60,113,17,99.2,91,1,11.4,9.6,351683,142.7,4.0,2.01,174,0.265,548,3.0,1.8,0,0,0,0,0,1,0,0,0,6,0,0,137,3,2,0,31,unknown,standard,0,0
PAT-00358,other,10,sudden,3_days,chest,pressure,1,stable,0,0,0,0,0,1,0,0,1,1,158,89,80,16,97.8,98,4,10.0,11.8,142844,143.3,4.6,1.15,181,0.524,819,3.5,2.1,0,1,0,0,0,0,0,4,2,10,0,0,274,0,3,0,33,female,standard,3,0
PAT-00359,abdominal_pain,6,chronic,1_hour,generalized,sharp,0,fluctuating,0,0,1,1,0,0,0,0,0,1,106,79,95,20,102.1,93,5,4.1,9.7,211494,134.6,5.1,2.12,163,0.609,197,1.7,2.1,0,0,0,0,0,0,0,2,5,1,0,1,132,4,1,1,23,female,standard,3,0
PAT-00360,chest_pain,4,gradual,1_month,leg,pressure,1,improving,1,0,1,0,0,0,0,0,0,0,119,63,98,25,98.9,90,4,6.5,13.7,142865,135.9,3.7,1.54,189,0.207,805,2.9,1.4,0,1,1,0,0,0,0,3,2,7,0,0,156,0,1,1,20,female,standard,2,0
PAT-00361,headache,8,sudden,1_day,arm,dull,0,improving,0,0,0,0,0,0,0,0,0,0,126,104,76,12,100.2,94,5,7.8,9.8,166734,133.8,3.3,2.98,230,0.844,725,3.8,1.2,1,1,1,1,0,0,0,4,5,6,0,0,340,1,0,1,69,unknown,standard,0,0
PAT-00362,abdominal_pain,3,chronic,2_hours,back,unknown,1,fluctuating,0,0,0,0,0,0,0,0,1,1,108,85,91,26,103.1,90,7,14.0,15.4,287657,135.7,4.3,1.79,151,0.072,438,1.1,2.8,0,0,1,0,0,0,0,2,6,11,0,0,284,1,1,1,70,female,standard,2,0
PAT-00363,abdominal_pain,10,chronic,2_hours,arm,pressure,0,improving,0,1,0,0,0,0,0,0,0,0,110,61,68,21,101.9,95,1,14.1,16.4,353187,139.0,4.8,2.92,106,0.705,537,3.1,2.5,1,1,1,0,0,0,0,4,6,9,0,0,17,5,1,1,52,male,standard,1,0
PAT-00364,back_pain,2,gradual,1_month,abdomen,aching,0,stable,0,0,0,0,0,0,0,0,0,0,115,82,58,14,97.5,93,6,13.6,10.7,161731,143.8,4.9,2.5,250,0.247,534,3.9,2.3,0,0,0,0,0,0,0,0,6,6,0,0,66,1,3,1,51,female,standard,0,0
PAT-00365,injury,3,sudden,1_hour,arm,aching,0,worsening,0,0,0,0,0,0,0,0,0,0,171,56,78,18,97.3,95,5,15.4,14.3,152273,138.8,4.2,3.26,221,0.015,730,3.0,1.5,1,0,0,0,1,0,1,1,4,4,0,0,84,6,1,1,32,male,standard,0,0
PAT-00366,injury,4,sudden,2_hours,chest,burning,0,worsening,0,0,0,0,0,0,0,0,0,0,86,55,120,24,102.2,94,9,16.2,12.5,411447,141.1,3.4,2.97,105,0.382,54,0.9,1.8,0,0,1,0,0,0,0,1,6,7,0,0,166,5,3,1,78,male,standard,0,0
PAT-00367,fever,5,chronic,1_hour,leg,unknown,1,fluctuating,0,0,0,0,0,0,0,0,0,0,123,91,117,20,100.7,99,7,4.5,11.1,203445,132.2,4.1,3.22,262,0.518,258,1.6,1.2,0,1,0,0,0,0,0,2,2,0,0,0,33,5,2,0,30,unknown,standard,0,0
PAT-00368,back_pain,2,chronic,1_week,arm,unknown,0,worsening,0,0,0,0,1,0,0,0,0,1,172,78,119,13,101.7,92,8,10.6,9.6,410387,145.0,3.5,2.17,118,0.982,608,1.3,2.6,1,0,0,0,0,0,0,1,2,11,1,0,273,2,1,1,81,unknown,standard,2,0
PAT-00369,chest_pain,1,chronic,3_days,chest,sharp,1,improving,0,1,0,0,0,0,0,0,0,0,96,89,120,24,98.2,92,7,5.7,14.1,347817,139.3,3.4,3.26,225,0.492,633,3.9,0.9,0,0,0,1,0,0,0,0,0,6,0,0,141,7,1,1,64,unknown,standard,1,0
PAT-00370,injury,3,sudden,1_day,abdomen,throbbing,0,improving,0,0,0,0,0,0,0,0,0,0,157,61,67,22,102.7,90,4,8.6,9.3,413588,142.4,3.9,1.13,101,1.099,469,4.2,0.9,0,0,0,0,0,0,0,4,6,10,0,0,349,1,2,1,29,female,standard,0,0
PAT-00371,headache,4,gradual,3_days,generalized,burning,0,stable,0,0,0,0,0,0,0,0,0,0,128,92,81,24,102.1,91,3,13.1,10.4,374400,146.0,5.0,0.94,203,1.012,597,2.2,2.1,1,1,0,1,0,0,1,1,4,8,0,0,7,6,1,1,50,female,standard,0,0
PAT-00372,other,3,gradual,3_days,leg,aching,0,worsening,1,0,0,0,0,0,0,0,0,0,127,83,71,25,102.8,95,2,12.2,15.8,232097,143.8,5.0,2.17,224,0.235,70,3.8,1.7,0,1,1,0,0,0,0,0,6,7,0,0,63,3,1,1,76,male,standard,1,0
PAT-00373,back_pain,10,sudden,1_week,arm,aching,0,fluctuating,0,0,0,0,0,1,0,1,0,0,151,55,123,15,99.3,92,9,5.4,12.3,411144,138.1,4.6,3.01,210,0.191,655,1.1,1.2,0,1,0,0,0,0,0,4,5,3,0,0,8,4,0,1,61,female,standard,2,0
PAT-00374,other,2,gradual,2_hours,back,sharp,1,improving,0,0,0,0,0,0,1,0,0,0,171,84,111,19,98.9,96,8,14.5,15.3,302848,143.9,5.1,1.29,143,0.296,731,0.6,2.6,0,1,1,1,0,0,0,0,6,7,0,0,118,3,1,1,63,female,standard,1,0
PAT-00375,abdominal_pain,7,chronic,1_day,back,aching,0,fluctuating,0,0,0,0,0,0,0,0,0,0,172,100,72,16,98.2,90,6,14.9,14.5,350938,140.5,4.4,3.41,98,0.435,92,2.6,3.0,0,0,0,0,0,0,0,2,4,11,0,0,332,4,2,0,76,male,standard,0,0
PAT-00376,headache,9,gradual,2_hours,leg,aching,0,improving,1,0,0,0,0,0,0,0,0,0,122,86,70,23,103.1,97,0,5.5,11.2,275342,141.7,3.8,1.22,198,0.702,693,4.2,1.5,1,0,0,0,0,0,0,4,3,11,1,0,170,6,1,1,23,female,standard,1,0
PAT-00377,headache,3,gradual,1_month,back,sharp,1,improving,1,1,1,1,1,0,0,0,0,0,150,64,105,22,98.3,90,2,12.4,9.9,327802,140.2,4.5,2.68,107,0.153,186,2.6,2.3,0,1,0,0,0,0,0,4,4,7,0,0,52,2,0,1,57,male,standard,5,0
PAT-00378,abdominal_pain,1,gradual,3_days,arm,aching,0,stable,0,0,0,0,0,0,0,0,0,0,124,88,94,19,98.0,95,2,17.2,8.8,319915,134.6,5.3,3.26,214,0.641,836,4.1,2.6,0,1,0,1,0,0,0,0,4,0,1,0,305,6,1,1,74,male,standard,0,0
PAT-00379,back_pain,1,chronic,1_month,arm,throbbing,0,worsening,0,0,0,0,0,0,0,0,0,0,106,65,93,23,98.4,95,5,4.9,16.2,337137,135.4,3.3,3.4,78,0.699,194,2.2,2.3,0,1,0,0,0,0,0,1,0,0,0,0,80,2,2,1,22,male,standard,0,0
PAT-00380,abdominal_pain,0,sudden,1_hour,leg,dull,0,stable,0,0,0,0,0,1,0,0,0,0,159,102,110,22,102.1,99,1,5.9,10.8,266397,138.9,5.4,2.55,138,0.795,311,2.0,1.8,1,0,0,0,0,0,0,2,3,10,1,0,105,3,2,1,37,unknown,standard,1,0
PAT-00381,other,3,chronic,3_days,arm,burning,0,worsening,0,0,0,0,0,0,1,0,0,0,147,103,108,13,102.8,94,3,14.6,13.7,221228,144.0,4.9,2.31,134,0.662,41,3.9,2.2,0,1,0,0,1,0,0,1,3,8,0,0,194,6,1,0,60,unknown,standard,1,0
PAT-00382,fever,9,sudden,2_hours,generalized,throbbing,0,fluctuating,1,0,0,0,0,0,0,0,1,0,143,91,98,23,102.3,93,1,8.4,14.2,269224,137.2,4.8,0.95,211,0.991,758,0.8,2.6,1,0,0,1,1,0,0,3,6,0,0,0,318,1,2,1,79,unknown,standard,2,0
PAT-00383,headache,8,sudden,3_days,chest,throbbing,0,worsening,0,0,0,0,0,0,0,0,1,0,160,81,100,19,100.7,94,4,17.4,9.7,161048,138.6,4.6,0.76,116,0.772,191,1.8,3.1,0,1,0,0,0,0,0,2,4,9,0,0,190,6,2,1,31,unknown,standard,1,0
PAT-00384,shortness_of_breath,10,sudden,1_hour,abdomen,dull,0,fluctuating,0,0,0,0,0,0,0,0,0,0,103,104,86,27,103.5,94,3,12.6,13.9,311478,135.9,3.8,3.46,127,1.11,726,2.2,2.7,0,0,0,0,0,1,0,2,6,2,0,0,208,2,3,0,84,male,standard,0,0
PAT-00385,shortness_of_breath,6,gradual,1_week,generalized,unknown,0,improving,0,0,0,0,0,0,0,0,0,0,104,102,102,17,97.6,93,3,10.5,8.1,123687,130.3,5.2,1.47,279,0.843,208,0.9,1.6,1,1,0,0,0,0,0,0,1,2,0,0,357,4,1,1,50,female,standard,0,0
PAT-00386,other,9,gradual,1_month,generalized,burning,0,fluctuating,0,0,0,1,0,1,0,0,0,1,157,64,115,16,102.7,96,3,8.4,11.6,267053,140.3,5.4,0.9,276,0.526,264,2.5,2.4,1,1,0,0,0,0,0,0,3,3,0,0,131,5,1,1,49,unknown,standard,3,0
PAT-00387,chest_pain,6,sudden,1_month,back,throbbing,1,fluctuating,0,0,1,0,0,0,0,0,0,0,127,92,120,24,99.9,92,3,7.0,11.0,152887,139.1,5.3,2.21,134,0.256,518,2.0,3.0,0,0,0,0,0,0,0,2,4,11,0,0,130,4,0,1,67,male,standard,1,0
PAT-00388,injury,6,sudden,2_hours,chest,aching,0,improving,0,0,0,0,0,0,0,0,0,0,142,76,92,13,100.1,92,4,12.9,15.9,193815,145.7,3.5,1.58,180,0.018,156,2.2,2.1,1,0,0,0,0,0,0,2,4,2,0,0,46,5,3,1,25,female,standard,0,0
PAT-00389,abdominal_pain,7,gradual,3_days,leg,dull,0,fluctuating,0,0,0,0,0,0,0,1,0,0,166,78,97,18,98.0,93,1,12.1,16.4,227674,138.1,4.9,1.7,216,0.113,323,3.1,1.1,1,1,0,0,1,0,0,4,0,2,0,0,311,3,2,1,37,unknown,standard,1,0
PAT-00390,abdominal_pain,0,chronic,2_hours,unknown,unknown,0,fluctuating,1,0,0,0,0,1,0,0,0,0,138,62,58,12,97.4,97,5,8.7,10.4,170063,138.6,4.5,1.69,125,0.232,293,0.9,2.4,1,0,0,0,0,0,0,1,6,4,1,0,224,3,0,1,41,unknown,standard,2,0
PAT-00391,chest_pain,9,sudden,1_week,back,burning,0,improving,0,0,0,0,0,0,0,0,0,0,166,60,59,25,99.2,98,0,16.8,13.2,362024,134.5,5.0,1.4,195,0.264,109,4.1,2.3,0,0,0,0,0,0,0,0,5,4,0,0,115,7,2,1,57,male,standard,0,0
PAT-00392,chest_pain,9,chronic,3_days,chest,pressure,0,improving,0,0,1,0,0,1,0,0,0,0,124,58,112,17,98.3,91,9,14.5,14.3,357492,131.6,4.0,3.41,139,0.892,401,2.5,1.2,0,0,0,0,0,0,0,4,3,7,0,0,245,6,2,1,35,unknown,standard,2,0
PAT-00393,other,7,gradual,3_days,arm,sharp,1,improving,0,0,0,0,0,0,0,0,0,1,111,59,91,14,100.2,97,1,7.3,9.6,223095,141.3,5.4,1.44,229,0.466,176,3.6,1.5,1,1,0,0,0,0,0,3,6,6,0,0,222,1,3,1,34,female,standard,1,0
PAT-00394,other,3,sudden,2_hours,leg,aching,1,worsening,0,0,0,0,0,0,0,0,0,0,97,60,80,17,98.1,97,2,17.2,13.8,186270,142.9,3.9,2.26,96,0.393,671,1.7,2.4,1,1,0,0,1,0,0,2,3,11,0,0,63,7,3,1,50,unknown,standard,0,0
PAT-00395,chest_pain,3,chronic,2_hours,unknown,dull,0,improving,0,0,0,0,0,0,0,0,0,1,131,101,63,12,98.1,96,1,14.5,10.2,265090,143.9,4.9,1.37,96,0.068,186,1.7,3.1,0,1,0,1,0,0,0,0,1,8,1,0,155,1,3,1,34,unknown,standard,1,0
PAT-00396,headache,3,chronic,1_hour,leg,sharp,0,improving,0,1,0,0,0,0,0,0,1,1,156,86,69,12,102.7,99,2,16.5,9.4,373443,136.5,4.4,2.83,266,0.649,426,3.9,1.3,0,0,0,0,0,0,0,2,4,11,1,0,48,3,3,0,40,female,standard,3,0
PAT-00397,other,5,chronic,1_week,unknown,unknown,0,fluctuating,0,0,0,0,0,0,0,0,0,0,107,92,80,13,103.0,89,7,5.5,15.2,156764,141.3,4.6,1.34,201,0.737,806,1.0,2.3,0,0,0,0,0,0,0,4,6,4,0,0,109,0,1,0,22,female,standard,0,0
PAT-00398,fever,6,gradual,1_hour,unknown,unknown,0,stable,0,1,0,0,0,0,0,1,0,0,143,74,117,21,103.3,98,2,4.0,12.3,367724,134.2,3.5,2.42,98,1.054,43,1.0,2.0,1,0,0,0,0,0,0,2,3,3,0,0,234,7,3,1,24,female,standard,2,0
PAT-00399,other,5,gradual,1_month,back,pressure,0,stable,0,0,0,0,0,0,0,0,1,0,161,94,124,26,101.5,99,10,10.6,10.5,157736,134.0,4.6,3.04,104,0.606,319,3.1,1.7,0,0,0,0,0,1,0,2,6,11,0,0,361,0,2,1,82,male,standard,1,0
PAT-00400,abdominal_pain,0,chronic,3_days,arm,throbbing,1,worsening,0,1,0,1,0,0,0,0,0,0,91,99,81,18,102.1,90,9,10.0,11.4,283348,145.9,4.5,1.46,114,0.014,114,2.3,3.0,0,0,0,0,0,0,0,4,5,3,0,1,135,6,3,1,25,male,standard,2,0
PAT-00401,other,7,chronic,2_hours,back,throbbing,0,worsening,0,0,0,0,0,0,0,0,0,0,134,90,108,23,102.5,96,0,16.1,11.5,262133,143.6,4.9,2.95,155,0.083,742,3.2,3.1,0,0,0,0,0,0,1,1,2,1,0,0,79,4,1,0,63,female,standard,0,0
PAT-00402,headache,9,gradual,3_days,unknown,burning,1,stable,1,0,0,0,0,1,0,0,0,0,150,103,85,25,101.4,88,10,6.0,14.5,133555,134.1,3.9,0.96,225,0.329,488,2.2,1.3,1,0,0,0,0,0,0,4,3,8,0,0,307,1,2,1,60,male,standard,2,0
PAT-00403,chest_pain,10,chronic,3_days,unknown,dull,0,stable,0,1,0,0,0,0,0,0,0,0,87,68,86,23,99.3,92,7,3.8,15.5,223037,136.9,5.1,1.03,212,0.171,836,1.4,2.5,0,1,0,0,0,0,0,2,4,6,0,0,352,0,1,1,30,male,standard,1,0
PAT-00404,abdominal_pain,6,chronic,1_day,head,dull,0,improving,0,0,0,0,0,0,0,0,0,0,123,104,56,15,98.2,90,7,11.2,12.0,313388,139.0,5.4,1.82,107,0.926,642,3.2,2.7,0,0,1,0,0,0,0,1,2,10,0,0,90,7,2,1,67,unknown,standard,0,0
PAT-00405,other,5,gradual,1_month,chest,unknown,0,fluctuating,0,0,0,0,0,0,0,0,0,0,171,101,72,15,98.7,90,6,6.1,10.7,128904,130.2,5.2,1.84,146,0.134,477,0.7,3.0,1,1,0,0,1,0,0,4,1,1,0,0,275,1,0,1,68,male,standard,0,0
PAT-00406,headache,5,chronic,1_day,head,burning,0,improving,0,0,0,0,0,0,0,0,0,0,91,73,82,15,102.5,88,3,4.2,14.2,230643,145.3,4.1,2.15,79,0.197,535,2.2,1.1,0,1,0,0,0,0,0,4,2,9,1,0,66,7,2,0,62,unknown,standard,0,0
PAT-00407,fever,4,chronic,3_days,chest,sharp,0,worsening,0,0,0,1,0,0,1,0,1,0,152,65,79,16,101.6,95,4,3.8,15.7,215474,131.7,5.0,0.77,229,0.802,593,2.3,3.0,0,1,0,0,0,0,0,0,0,7,1,1,294,4,0,0,45,unknown,standard,3,0
PAT-00408,other,5,chronic,2_hours,abdomen,throbbing,0,stable,0,0,0,0,0,0,0,0,0,1,139,93,93,26,100.1,90,10,5.6,9.0,224146,143.1,4.0,1.03,136,0.291,549,0.9,1.5,0,0,0,0,0,0,0,4,2,1,1,0,164,2,0,1,53,unknown,standard,1,0
PAT-00409,headache,8,gradual,3_days,generalized,throbbing,0,worsening,0,0,0,0,0,0,0,0,1,0,92,55,103,13,97.4,91,9,8.9,14.8,217936,145.6,5.2,0.73,227,1.163,463,1.5,2.9,0,0,1,0,0,0,0,2,6,1,0,1,196,3,1,0,31,unknown,standard,1,0
PAT-00410,fever,9,chronic,1_month,leg,unknown,0,improving,0,0,0,0,0,0,0,0,0,0,116,89,58,22,98.9,92,5,16.3,12.7,213739,141.3,4.1,3.37,268,1.037,640,1.5,2.8,0,0,0,0,0,0,0,0,2,3,0,0,263,6,1,1,46,female,standard,0,0
PAT-00411,chest_pain,8,gradual,1_day,back,dull,0,worsening,1,0,0,0,0,0,0,0,1,1,103,73,106,18,101.8,92,5,14.5,15.4,411479,145.5,3.6,1.58,94,0.895,657,3.8,2.7,0,1,0,0,0,0,0,1,2,6,1,0,206,1,1,1,21,male,standard,3,0
PAT-00412,other,9,gradual,2_hours,abdomen,unknown,1,worsening,0,1,0,0,0,0,0,0,0,0,96,87,122,14,100.4,99,6,11.2,12.4,258352,130.3,4.3,2.63,193,0.415,339,2.4,1.6,0,0,0,1,0,0,0,0,5,9,0,0,252,4,2,1,37,female,standard,1,0
PAT-00413,fever,7,sudden,3_days,abdomen,dull,0,fluctuating,0,0,0,0,1,0,0,0,0,0,141,86,111,22,99.9,89,3,9.7,15.3,261281,135.7,3.5,2.4,194,0.073,632,3.0,2.6,0,1,0,1,0,0,0,3,4,8,0,0,326,0,2,1,56,male,standard,1,0
PAT-00414,abdominal_pain,9,sudden,1_week,leg,burning,0,worsening,0,0,0,1,0,0,0,0,0,0,94,90,67,14,99.2,94,7,10.1,12.7,314906,137.6,4.5,2.73,117,0.407,423,0.8,1.5,0,0,0,1,0,0,0,1,1,4,0,0,218,4,0,1,50,male,standard,1,0
PAT-00415,chest_pain,8,chronic,1_month,leg,pressure,0,improving,0,0,0,0,0,0,0,0,0,0,162,78,119,22,101.0,93,1,16.3,9.2,184796,142.5,4.5,3.17,141,0.455,711,1.0,1.6,0,1,0,0,0,0,0,3,2,2,0,0,242,7,2,1,34,male,standard,0,0
PAT-00416,abdominal_pain,9,gradual,1_month,chest,sharp,0,fluctuating,1,1,0,0,0,0,0,0,0,1,105,97,117,24,103.3,98,8,14.0,8.0,392696,140.5,4.3,1.35,260,0.157,311,2.6,2.8,0,1,0,0,0,0,0,2,0,5,0,0,257,7,2,1,63,unknown,standard,3,0
PAT-00417,shortness_of_breath,7,sudden,1_week,head,aching,0,worsening,0,0,0,0,0,0,0,0,0,0,104,61,79,26,102.9,94,5,6.0,13.3,301445,141.8,4.6,1.89,243,0.149,721,3.6,2.2,0,0,0,1,0,0,0,1,3,8,1,0,47,7,2,1,44,unknown,standard,0,0
PAT-00418,back_pain,7,chronic,3_days,arm,pressure,0,improving,0,0,0,0,0,0,0,0,0,0,88,61,77,13,97.4,97,0,17.1,13.0,381586,132.3,5.4,1.62,138,0.803,323,0.8,1.6,1,1,0,0,0,0,0,1,5,1,0,0,69,1,0,1,52,unknown,standard,0,0
PAT-00419,other,0,sudden,1_month,chest,pressure,0,stable,0,0,0,0,0,0,0,0,0,0,103,100,84,17,100.2,97,0,14.7,9.8,379569,143.5,4.1,0.93,176,0.283,264,4.1,2.5,0,0,0,0,0,0,0,0,2,6,0,0,87,6,1,1,23,female,standard,0,0
PAT-00420,fever,9,sudden,2_hours,arm,dull,0,fluctuating,0,0,0,0,0,0,0,0,0,0,113,101,115,15,99.3,90,7,4.0,15.2,337549,143.2,4.2,0.79,120,0.815,588,3.8,2.9,0,1,0,0,0,1,1,3,3,9,0,0,32,6,0,1,55,male,standard,0,0
PAT-00421,back_pain,10,gradual,3_days,abdomen,dull,0,worsening,0,0,0,0,0,0,0,0,0,0,155,59,61,15,100.4,95,9,10.8,15.4,231455,142.3,3.8,2.84,262,0.66,588,3.7,2.2,0,0,0,0,0,0,0,3,3,10,1,0,276,4,2,0,74,male,standard,0,0
PAT-00422,back_pain,4,gradual,3_days,arm,dull,0,worsening,0,0,0,0,0,0,0,0,0,0,148,68,108,26,101.0,93,9,13.0,14.8,323134,143.1,3.6,1.06,217,1.082,263,0.6,1.4,1,0,0,0,1,0,0,0,3,9,1,0,54,3,0,1,82,female,standard,0,0
PAT-00423,fever,3,sudden,1_day,head,pressure,0,fluctuating,1,0,0,0,0,0,0,0,0,0,156,99,71,19,98.5,94,6,4.4,16.0,313730,133.4,3.9,0.74,101,0.958,444,2.1,2.2,0,0,0,0,1,0,0,0,5,3,0,0,173,5,0,1,49,female,standard,1,0
PAT-00424,chest_pain,1,sudden,1_month,chest,unknown,0,improving,0,0,0,0,0,0,0,0,0,0,95,80,114,23,102.1,96,2,8.6,12.3,287343,132.2,3.7,1.93,260,0.186,752,3.5,2.2,1,1,0,0,0,0,0,0,2,5,0,0,36,4,1,1,25,unknown,standard,0,0
PAT-00425,other,7,gradual,1_month,unknown,sharp,0,worsening,0,0,1,0,0,0,0,0,0,0,117,104,120,26,100.2,95,7,12.9,14.0,146606,144.3,4.2,1.6,226,0.734,840,3.3,2.4,1,0,0,0,0,0,0,0,4,3,0,0,69,5,1,1,78,female,standard,1,0
PAT-00426,shortness_of_breath,2,chronic,1_week,leg,unknown,0,improving,0,0,0,1,0,0,0,1,0,0,109,55,92,27,103.4,95,7,15.3,15.7,314670,145.3,3.7,0.89,237,0.785,107,1.8,2.7,1,1,0,0,0,0,0,4,2,1,0,0,70,5,1,1,39,unknown,standard,2,0
PAT-00427,abdominal_pain,3,gradual,1_day,unknown,dull,1,fluctuating,0,0,0,0,0,0,0,0,0,0,117,67,67,13,97.4,90,6,17.7,11.9,274212,136.8,4.4,0.84,97,1.035,81,3.8,3.2,0,1,0,1,0,0,0,0,5,4,0,0,117,4,3,0,30,female,standard,0,0
PAT-00428,headache,6,sudden,1_day,head,throbbing,0,worsening,0,0,0,0,0,0,0,0,0,0,110,77,106,18,98.4,88,4,5.3,13.3,289627,137.2,3.9,3.26,82,0.771,432,2.9,1.2,0,0,0,0,0,0,0,0,2,2,0,0,320,3,2,0,75,female,standard,0,0
PAT-00429,abdominal_pain,9,chronic,1_month,generalized,unknown,0,stable,0,0,0,0,1,1,0,0,0,0,120,74,106,13,101.5,99,7,12.7,12.4,262101,141.9,4.2,3.33,198,0.173,570,4.2,1.3,0,0,0,0,0,0,0,0,4,9,1,0,163,5,0,1,72,male,standard,2,0
PAT-00430,headache,8,sudden,3_days,head,sharp,0,stable,0,0,0,0,0,0,0,0,0,0,95,61,86,17,101.6,88,4,16.4,16.4,195766,137.9,3.5,2.05,218,0.314,613,1.8,2.8,0,0,0,0,0,0,0,4,1,2,0,1,150,4,2,0,76,female,standard,0,0
PAT-00431,abdominal_pain,1,chronic,1_day,generalized,throbbing,0,stable,0,0,0,0,0,0,0,0,0,0,114,60,63,24,100.9,97,0,13.9,11.7,326571,135.0,3.6,3.08,272,0.767,29,2.9,2.1,0,1,0,0,0,0,0,2,5,9,0,0,149,1,1,1,56,female,standard,0,0
PAT-00432,fever,2,sudden,1_week,chest,sharp,0,fluctuating,0,1,0,0,0,0,0,0,0,0,141,63,71,16,103.3,89,7,12.7,10.7,283455,133.0,4.6,2.94,263,1.095,464,2.1,2.6,1,0,0,0,0,0,0,2,5,2,1,0,116,6,2,1,38,female,standard,1,0
PAT-00433,shortness_of_breath,3,chronic,1_day,leg,dull,0,worsening,1,0,1,0,0,0,0,0,0,0,94,82,94,19,99.8,95,6,6.6,13.4,280095,130.4,4.5,2.32,183,1.07,75,2.9,1.9,0,1,0,0,0,1,1,0,5,1,1,1,268,5,0,1,60,male,standard,2,0
PAT-00434,other,9,chronic,1_week,head,unknown,0,fluctuating,0,0,0,0,0,0,0,0,0,0,109,64,108,17,99.8,97,6,15.3,10.4,265530,139.4,3.6,2.8,260,0.434,284,1.5,2.8,1,1,0,0,0,0,0,1,5,3,0,0,270,0,2,1,84,unknown,standard,0,0
PAT-00435,headache,0,sudden,1_day,unknown,aching,0,worsening,0,0,0,0,0,0,0,0,0,0,152,89,108,23,102.9,93,1,11.7,15.3,350076,132.3,3.9,3.31,231,0.998,709,2.0,1.9,0,0,0,0,0,0,0,4,4,6,0,0,192,0,0,0,67,female,standard,0,0
PAT-00436,other,6,chronic,1_week,generalized,burning,0,stable,0,0,0,0,0,0,0,0,0,0,141,61,82,18,100.6,93,10,5.1,15.6,126991,143.7,3.7,2.29,137,0.616,287,4.0,3.1,0,1,0,0,0,1,0,0,5,1,0,0,59,0,3,1,74,unknown,standard,0,0
PAT-00437,other,1,gradual,1_day,leg,dull,1,stable,0,0,0,0,0,0,0,1,0,1,118,79,104,17,99.4,88,2,17.1,10.9,391297,145.7,5.0,2.13,228,0.56,405,1.6,1.8,1,0,0,0,1,0,1,4,2,3,0,0,357,3,2,1,22,unknown,standard,2,0
PAT-00438,other,4,sudden,1_day,back,pressure,0,improving,0,0,0,0,0,0,0,0,0,0,170,84,72,19,101.7,89,2,17.8,11.0,140816,137.3,4.0,0.71,211,0.424,493,2.8,1.5,0,0,0,0,0,0,0,4,5,4,0,0,64,3,2,1,70,female,standard,0,0
PAT-00439,injury,0,gradual,2_hours,back,aching,0,fluctuating,0,0,0,0,0,0,0,0,0,0,161,97,67,13,101.1,92,10,11.3,8.7,402416,131.8,4.1,2.22,221,0.815,604,3.9,1.1,0,1,0,0,0,0,0,2,5,9,0,0,239,5,1,1,18,unknown,standard,0,0
PAT-00440,chest_pain,2,sudden,1_week,back,pressure,0,fluctuating,0,0,0,0,0,0,0,0,0,0,138,80,87,23,99.1,90,9,14.8,10.2,344002,139.3,4.7,2.99,145,0.722,36,2.3,2.9,0,0,0,0,0,0,0,3,2,2,1,0,84,6,2,1,23,unknown,standard,0,0
PAT-00441,abdominal_pain,1,chronic,1_week,arm,sharp,0,improving,0,0,0,0,1,0,0,0,0,0,135,98,69,18,99.1,89,5,12.0,8.6,411684,139.2,3.9,2.83,186,0.453,54,3.1,3.1,0,0,0,0,0,0,0,3,4,4,0,1,243,5,3,1,84,male,standard,1,0
PAT-00442,other,0,chronic,1_week,head,pressure,0,stable,0,0,0,0,0,0,0,0,0,0,90,66,92,16,99.7,96,5,9.6,14.4,176550,132.1,4.1,2.51,99,0.917,726,3.3,3.0,0,0,0,0,0,0,0,3,5,11,0,0,243,5,0,0,34,unknown,standard,0,0
PAT-00443,abdominal_pain,6,chronic,1_hour,chest,aching,0,stable,0,0,0,0,0,0,0,0,0,0,143,67,60,25,97.7,97,2,9.4,9.5,166747,140.4,5.0,0.77,98,0.458,729,2.6,2.6,0,1,1,1,1,0,0,0,0,4,0,0,116,5,2,1,57,male,standard,0,0
PAT-00444,other,4,sudden,1_day,unknown,aching,0,fluctuating,0,0,1,0,0,0,0,0,0,0,138,94,99,23,103.1,94,10,17.5,8.7,154664,135.1,5.0,3.29,113,0.703,822,2.0,1.9,0,1,0,0,0,1,0,3,6,1,1,0,9,6,0,1,18,male,standard,1,0
PAT-00445,headache,0,gradual,1_week,chest,dull,1,worsening,1,0,0,0,0,0,0,0,0,0,101,58,113,24,98.4,88,4,8.8,9.4,317757,143.5,4.6,1.9,249,0.474,482,3.5,1.6,0,1,0,0,0,0,0,0,4,0,0,0,221,3,0,0,30,unknown,standard,1,0
PAT-00446,chest_pain,5,gradual,1_month,arm,throbbing,1,stable,0,0,0,0,0,0,0,0,0,0,110,55,102,26,98.4,98,8,10.6,11.2,406183,139.4,4.5,2.3,263,0.145,219,2.6,1.6,0,0,1,0,0,0,0,1,6,1,0,0,247,1,3,1,62,unknown,standard,0,0
PAT-00447,chest_pain,4,sudden,1_hour,chest,dull,0,improving,1,1,0,0,0,0,0,0,0,0,172,60,95,20,101.3,88,6,7.1,11.6,126791,136.9,3.6,1.81,175,0.198,309,1.0,2.6,0,1,0,0,0,0,0,2,3,11,0,1,80,5,2,1,74,female,standard,2,0
PAT-00448,fever,2,sudden,2_hours,generalized,sharp,1,improving,1,0,0,0,0,0,1,0,0,0,93,56,109,26,101.8,90,8,7.2,15.6,319955,145.4,4.3,1.68,231,0.79,30,3.7,1.7,0,1,0,0,0,1,0,1,4,4,0,0,168,2,0,1,32,male,standard,2,0
PAT-00449,injury,6,gradual,1_week,back,pressure,0,improving,0,1,0,0,0,0,0,0,0,0,86,100,115,27,101.8,97,1,8.7,10.4,165117,137.9,3.8,2.13,172,0.974,752,1.7,2.7,0,0,0,0,0,0,0,0,0,7,1,0,248,5,2,1,46,unknown,standard,1,0
PAT-00450,fever,10,gradual,1_week,unknown,throbbing,0,fluctuating,0,0,0,0,0,0,0,0,0,0,104,81,56,22,99.6,93,9,16.9,14.1,374122,144.2,4.9,2.09,94,0.565,29,2.4,3.2,0,0,0,0,0,0,0,1,5,0,0,0,241,1,2,1,65,male,standard,0,0
PAT-00451,fever,9,gradual,1_hour,head,unknown,0,fluctuating,1,0,0,0,0,1,0,0,1,0,90,72,56,20,102.7,89,9,9.2,15.6,344870,134.2,4.6,1.7,79,0.394,101,1.4,1.3,0,0,0,0,0,0,0,3,3,5,0,0,87,7,0,1,78,female,standard,3,0
PAT-00452,fever,8,gradual,1_day,chest,burning,0,fluctuating,0,1,0,0,0,0,0,0,0,0,172,96,64,19,100.6,98,0,11.5,15.3,337208,137.1,4.1,2.95,238,0.407,357,2.4,1.2,0,0,0,1,0,0,0,1,6,2,0,0,28,5,2,1,40,male,standard,1,0
PAT-00453,fever,8,sudden,1_month,chest,aching,0,fluctuating,0,0,0,0,0,0,0,0,0,0,163,83,93,19,100.0,95,1,11.4,9.7,148373,131.3,4.4,0.84,197,0.719,799,1.1,1.2,0,1,0,0,0,0,0,4,2,4,0,1,79,0,3,0,67,female,standard,0,0
PAT-00454,fever,8,sudden,2_hours,abdomen,throbbing,1,improving,0,0,1,0,0,0,0,0,0,0,139,87,56,25,102.3,99,5,12.0,10.4,275646,136.8,4.2,1.03,264,0.564,494,2.6,1.0,0,1,0,0,0,0,0,4,1,9,0,0,198,6,3,1,69,female,standard,1,0
PAT-00455,shortness_of_breath,1,chronic,1_week,abdomen,unknown,0,improving,0,1,0,0,0,0,0,0,0,0,132,57,119,15,98.7,91,9,15.4,8.5,356035,144.3,3.5,0.93,252,0.006,198,2.5,2.5,0,0,1,0,0,0,0,2,4,10,0,0,146,0,1,1,74,male,standard,1,0
PAT-00456,chest_pain,2,gradual,1_day,abdomen,throbbing,0,fluctuating,0,0,0,0,0,0,0,0,0,0,142,74,120,23,102.6,95,6,16.6,12.1,220552,143.3,5.0,2.28,94,0.927,614,3.5,2.3,0,0,0,0,0,0,0,1,4,0,1,0,44,2,1,1,57,unknown,standard,0,0
PAT-00457,fever,6,chronic,1_month,head,dull,1,fluctuating,0,0,0,0,0,0,0,0,0,0,126,58,106,19,100.6,99,7,6.5,11.4,187685,145.6,5.3,1.86,213,0.175,764,2.6,2.2,0,1,0,0,0,0,0,0,4,4,0,0,243,5,3,1,39,female,standard,0,0
PAT-00458,other,4,sudden,1_month,back,unknown,0,improving,0,1,0,0,0,0,0,0,0,0,158,72,98,13,102.9,94,10,16.0,12.6,270512,142.0,5.3,1.97,199,0.811,372,2.1,2.2,0,0,0,0,0,0,0,2,4,9,1,0,256,6,0,1,49,unknown,standard,1,0
PAT-00459,chest_pain,1,sudden,2_hours,leg,burning,0,fluctuating,0,0,0,1,0,0,0,0,0,0,105,62,88,22,98.5,89,5,11.4,11.9,330341,134.3,5.0,2.31,222,0.416,108,2.3,1.1,0,0,0,0,0,0,0,3,0,1,1,1,110,5,1,0,54,unknown,standard,1,0
PAT-00460,chest_pain,2,chronic,3_days,back,aching,0,fluctuating,0,0,0,0,0,0,0,0,0,0,90,76,99,16,103.1,96,5,16.9,14.3,217813,132.6,5.1,1.61,80,0.696,639,2.8,1.6,1,1,1,0,0,0,0,3,6,8,1,0,82,3,3,1,83,unknown,standard,0,0
PAT-00461,back_pain,9,gradual,1_month,unknown,sharp,0,fluctuating,0,0,0,0,0,0,1,0,0,0,114,95,86,15,101.5,92,2,16.8,13.7,135718,132.9,3.3,1.21,247,1.027,206,3.6,1.5,1,0,1,0,0,0,0,4,3,2,0,1,242,0,0,1,78,unknown,standard,1,0
PAT-00462,shortness_of_breath,5,gradual,3_days,back,sharp,0,fluctuating,1,0,0,0,0,0,0,0,1,0,107,76,59,16,101.1,93,8,9.1,11.6,384340,140.6,5.0,1.56,100,0.189,533,0.8,2.0,0,0,0,0,0,1,0,2,0,10,0,0,133,5,1,1,58,female,standard,2,0
PAT-00463,fever,6,gradual,1_month,head,throbbing,0,stable,0,0,0,0,0,0,0,0,0,0,120,73,117,16,99.9,89,10,13.0,8.3,308912,136.1,3.9,3.48,225,0.934,789,3.9,2.9,0,0,0,0,0,1,0,3,1,9,0,0,27,7,3,1,44,unknown,standard,0,0
PAT-00464,abdominal_pain,8,gradual,2_hours,generalized,unknown,0,fluctuating,0,0,0,0,0,0,0,0,0,0,87,82,123,27,103.2,90,1,16.1,10.9,197190,136.6,3.5,3.37,207,0.051,152,0.9,3.1,0,0,0,1,0,0,1,1,5,10,0,0,261,1,0,0,60,male,standard,0,0
PAT-00465,headache,0,chronic,1_hour,generalized,throbbing,1,improving,1,0,0,0,0,0,0,0,0,0,174,56,108,16,100.0,97,10,9.1,10.8,137133,143.8,4.4,3.38,227,1.106,681,1.8,2.3,1,1,0,0,0,0,0,2,0,10,0,0,48,4,2,1,35,female,standard,1,0
PAT-00466,injury,10,chronic,2_hours,head,pressure,1,improving,0,0,0,0,0,0,0,0,0,0,118,63,92,18,100.3,99,4,4.1,8.8,304326,141.6,4.5,0.78,78,0.246,523,1.8,1.5,0,0,0,0,0,0,0,1,4,9,0,0,179,2,1,1,46,male,standard,0,0
PAT-00467,other,6,sudden,2_hours,abdomen,burning,0,improving,0,1,0,1,0,0,0,1,0,0,114,89,63,12,102.1,95,2,8.7,10.6,175253,133.3,4.3,0.95,165,0.954,511,2.5,1.8,0,1,1,0,0,0,0,1,1,4,1,0,32,4,2,1,46,female,standard,3,0
PAT-00468,abdominal_pain,7,gradual,1_hour,chest,aching,0,improving,1,0,0,0,0,0,0,0,0,1,166,76,115,24,99.0,98,0,8.8,16.4,249356,132.7,4.7,0.83,212,0.085,344,1.9,1.6,0,1,0,0,0,0,0,1,6,4,1,0,131,7,0,0,32,male,standard,2,0
PAT-00469,shortness_of_breath,2,gradual,1_hour,arm,throbbing,0,fluctuating,1,0,0,0,1,0,0,0,0,0,165,80,75,13,99.0,92,1,15.2,15.0,153814,143.2,4.8,2.98,236,0.396,687,1.4,1.4,0,0,0,1,0,0,0,2,1,2,0,0,126,2,1,1,84,male,standard,2,0
PAT-00470,headache,3,gradual,1_day,arm,pressure,1,stable,0,0,0,0,0,0,0,0,0,0,126,88,90,18,102.1,97,5,8.0,14.8,142617,145.3,3.5,3.48,165,0.762,461,1.5,3.2,0,0,0,1,0,0,0,2,1,9,0,0,91,2,2,0,20,male,standard,0,0
PAT-00471,shortness_of_breath,9,chronic,1_month,leg,unknown,0,worsening,0,0,0,0,0,0,0,0,0,0,105,61,55,12,98.0,88,9,16.5,15.2,254673,133.0,4.6,2.22,260,0.792,673,4.1,1.2,0,0,0,0,0,0,0,4,2,4,0,0,359,1,0,1,54,female,standard,0,0
PAT-00472,other,5,gradual,1_day,chest,burning,0,worsening,1,1,0,0,0,0,0,0,0,0,172,84,76,27,102.4,96,0,11.5,15.4,175156,145.2,3.3,2.66,82,0.84,635,3.6,2.2,0,1,0,0,0,0,0,2,0,4,0,0,32,0,1,1,36,male,standard,2,0
PAT-00473,chest_pain,9,chronic,1_hour,leg,aching,0,worsening,0,0,1,0,0,0,0,0,0,0,88,103,69,20,101.1,98,10,12.0,10.8,216838,136.9,4.2,1.69,200,0.424,126,3.5,2.7,0,1,0,0,1,0,0,0,1,7,1,0,152,3,2,1,56,female,standard,1,0
PAT-00474,headache,6,gradual,3_days,abdomen,sharp,1,worsening,0,0,0,0,0,0,0,1,0,0,133,79,100,23,100.6,99,1,15.2,10.7,392436,144.5,3.4,2.84,254,0.801,581,2.1,3.1,1,0,0,0,0,0,0,2,6,7,0,0,184,6,2,1,60,unknown,standard,1,0
PAT-00475,chest_pain,3,gradual,3_days,leg,pressure,0,improving,0,0,0,0,1,0,0,0,0,0,132,103,119,14,98.6,88,9,5.5,10.9,124799,142.0,4.2,2.54,190,0.517,733,4.0,1.4,0,1,0,0,0,0,0,4,3,5,0,0,21,0,0,0,37,unknown,standard,1,0
PAT-00476,other,7,sudden,2_hours,chest,unknown,0,fluctuating,0,0,0,0,0,0,0,0,0,0,173,63,60,22,102.2,96,4,3.8,15.0,337229,144.5,3.6,2.94,173,0.681,188,0.8,1.3,0,1,0,0,0,0,0,2,5,1,0,0,196,4,0,1,57,male,standard,0,0
PAT-00477,abdominal_pain,4,gradual,1_week,unknown,burning,0,fluctuating,0,0,0,0,0,0,0,0,0,0,135,81,94,17,102.3,97,0,4.3,14.8,300985,140.3,4.9,2.1,102,0.659,674,1.1,2.0,1,1,0,0,1,0,0,0,6,8,1,0,137,0,2,1,36,male,standard,0,0
PAT-00478,other,0,gradual,2_hours,chest,pressure,0,worsening,0,0,0,0,0,0,0,0,1,0,108,55,89,15,100.2,93,10,3.9,8.1,247008,132.5,5.3,1.24,211,0.206,343,1.5,1.8,1,1,0,0,0,0,0,2,1,5,0,0,192,4,2,1,41,male,standard,1,0
PAT-00479,abdominal_pain,3,sudden,2_hours,arm,throbbing,0,worsening,0,0,0,0,0,0,0,0,0,1,130,87,115,27,99.7,94,10,13.6,16.1,352111,131.0,3.6,2.03,236,1.017,830,2.9,1.5,1,0,0,0,0,0,0,4,3,6,0,0,189,5,2,1,77,unknown,standard,1,0
PAT-00480,headache,2,chronic,1_week,generalized,dull,0,stable,0,0,0,0,0,0,0,0,0,0,111,62,77,14,98.8,88,9,7.1,10.4,172774,140.0,4.9,1.57,261,1.041,836,1.2,1.1,0,1,0,0,0,1,0,0,5,10,0,0,201,5,3,1,24,female,standard,0,0
PAT-00481,headache,8,chronic,1_month,abdomen,sharp,0,stable,0,0,0,0,0,1,0,0,0,0,135,103,74,19,102.0,97,3,15.9,13.3,416313,130.9,3.5,2.64,219,0.248,528,1.8,1.7,1,1,1,0,0,0,0,4,0,6,0,0,54,3,0,1,18,female,standard,1,0
PAT-00482,fever,7,gradual,1_hour,unknown,throbbing,0,stable,0,0,0,0,0,0,0,0,0,1,104,86,82,27,101.2,98,4,16.3,13.4,323987,133.8,4.2,1.08,198,0.503,165,1.2,1.5,0,0,0,0,0,0,0,3,3,10,0,0,133,7,3,1,77,female,standard,1,0
PAT-00483,shortness_of_breath,0,chronic,3_days,head,throbbing,0,improving,0,0,0,0,0,0,1,0,0,0,164,94,91,24,98.5,88,4,8.7,9.0,266283,133.3,4.6,1.63,107,0.561,114,3.5,1.3,0,0,0,0,1,0,0,1,5,4,0,0,17,3,2,0,83,female,standard,1,0
PAT-00484,fever,10,gradual,2_hours,unknown,unknown,0,fluctuating,1,0,0,0,0,0,0,0,0,0,155,73,61,13,102.2,92,4,6.3,13.9,195924,136.8,4.4,0.72,130,0.661,428,3.9,1.7,0,1,0,0,1,0,0,4,0,9,0,0,139,5,2,1,65,male,standard,1,0
PAT-00485,shortness_of_breath,5,sudden,1_week,unknown,unknown,0,improving,0,0,0,0,0,0,0,0,0,0,102,90,103,24,102.8,89,9,10.7,12.5,254220,139.6,3.3,2.98,135,0.032,415,3.7,1.1,0,1,0,0,0,0,0,3,5,3,0,0,227,2,0,1,66,male,standard,0,0
PAT-00486,fever,8,sudden,1_day,leg,burning,1,improving,0,1,0,0,0,0,0,0,0,0,92,104,78,14,97.6,98,8,15.3,13.2,190157,144.6,4.0,1.84,187,0.912,834,0.7,3.0,0,0,1,0,0,0,0,2,6,6,0,0,164,0,2,1,24,unknown,standard,1,0
PAT-00487,chest_pain,6,gradual,2_hours,arm,unknown,0,fluctuating,0,0,0,0,0,0,0,0,0,0,111,99,67,19,102.1,97,8,13.4,11.8,325365,145.0,4.3,2.87,111,1.035,615,1.7,2.3,0,0,1,0,0,0,0,0,0,5,0,1,198,1,0,1,65,unknown,standard,0,0
PAT-00488,headache,3,sudden,3_days,leg,pressure,0,stable,0,0,0,0,0,0,0,0,0,0,98,76,61,27,102.6,99,4,3.9,14.8,351164,145.7,4.1,0.97,87,0.175,624,2.9,2.0,0,0,0,0,0,0,0,4,4,6,1,0,303,5,3,0,48,female,standard,0,0
PAT-00489,abdominal_pain,0,sudden,1_hour,leg,sharp,0,fluctuating,1,0,0,0,0,0,0,0,0,0,102,93,69,14,103.4,92,5,3.6,13.4,162959,142.2,4.7,1.24,231,1.076,86,0.6,1.2,0,0,0,0,0,0,0,0,6,3,0,0,243,1,0,1,68,female,standard,1,0
PAT-00490,shortness_of_breath,1,gradual,2_hours,head,throbbing,0,worsening,0,0,0,0,0,0,0,0,0,0,149,80,77,19,98.7,92,7,5.2,9.6,153713,144.7,5.2,3.08,114,1.022,730,3.3,2.7,0,0,0,0,0,0,0,3,4,1,1,0,169,7,0,1,77,female,standard,0,0
PAT-00491,other,4,gradual,2_hours,abdomen,burning,0,stable,0,0,0,0,0,0,0,0,0,0,115,57,123,18,99.5,93,6,8.4,14.4,302266,142.7,4.7,2.37,177,0.653,591,3.7,1.1,0,0,0,1,0,0,1,4,2,9,0,0,309,3,2,0,77,male,standard,0,0
PAT-00492,shortness_of_breath,10,sudden,1_month,chest,sharp,1,fluctuating,0,0,0,0,0,0,0,0,0,0,104,100,114,13,103.3,96,5,11.3,12.3,160616,144.6,4.6,0.72,129,0.333,237,0.9,3.2,0,0,1,0,0,0,0,2,5,8,0,0,72,3,2,1,84,female,standard,0,0
PAT-00493,abdominal_pain,4,chronic,1_week,back,unknown,0,improving,0,0,0,0,0,0,0,0,0,0,154,63,64,27,97.8,93,3,15.4,8.3,348443,131.7,3.5,3.23,88,0.253,231,2.2,2.8,0,0,0,0,0,0,0,2,4,6,0,0,258,6,2,0,74,male,standard,0,0
PAT-00494,fever,7,chronic,1_day,leg,unknown,0,fluctuating,0,0,0,0,0,0,0,0,0,1,129,89,105,12,100.5,97,2,5.6,11.4,411456,145.4,4.0,3.45,82,0.59,440,1.7,2.0,0,1,0,0,0,0,0,2,3,3,1,0,307,4,2,0,41,female,standard,1,0
PAT-00495,shortness_of_breath,5,gradual,1_day,back,pressure,0,stable,0,0,0,0,0,0,0,0,0,0,85,61,118,12,100.4,98,3,5.7,11.4,194235,133.8,4.5,2.55,234,0.611,179,4.0,2.4,1,0,0,0,0,0,0,1,6,1,0,0,332,0,1,0,40,male,standard,0,0
PAT-00496,injury,7,gradual,1_hour,abdomen,unknown,0,worsening,1,0,0,0,0,0,0,0,0,1,103,69,110,13,101.0,88,2,16.0,14.8,206145,139.1,5.3,2.74,213,0.784,502,1.8,1.1,1,0,1,0,0,0,0,2,1,7,1,0,209,5,1,1,49,female,standard,2,0
PAT-00497,chest_pain,1,chronic,3_days,back,throbbing,1,improving,0,0,0,0,0,0,0,0,0,0,123,58,86,18,99.3,92,7,16.9,10.0,272647,138.3,3.9,1.07,143,0.963,360,2.7,2.0,1,1,0,0,0,0,0,1,5,7,0,0,196,4,1,0,66,female,standard,0,0
PAT-00498,headache,2,sudden,1_hour,leg,aching,0,worsening,0,0,0,0,0,0,0,0,0,0,111,91,77,27,103.0,89,5,11.5,11.8,157516,139.0,4.0,2.85,252,1.122,199,0.6,2.8,0,0,1,1,0,0,0,4,0,9,0,1,264,2,3,0,63,unknown,standard,0,0
PAT-00499,abdominal_pain,5,chronic,2_hours,head,throbbing,0,worsening,0,0,0,0,0,0,0,0,0,0,140,82,108,27,98.9,98,5,14.9,8.5,295077,141.2,4.6,0.98,239,0.957,584,3.6,1.1,0,1,1,0,0,1,0,4,5,7,0,0,240,5,2,1,57,male,standard,0,0
PAT-00500,headache,9,chronic,2_hours,back,throbbing,0,improving,0,1,0,0,0,0,0,0,0,0,100,63,124,20,101.3,95,0,8.5,15.5,144062,138.6,5.3,3.19,119,1.091,273,0.7,1.4,0,0,0,0,0,0,0,3,6,2,0,0,58,0,1,1,70,female,standard,1,0
PAT-00501,injury,2,chronic,1_day,abdomen,unknown,0,fluctuating,0,0,0,0,0,0,0,0,0,0,162,89,115,18,100.3,94,4,17.2,11.8,224186,141.0,4.4,2.11,271,0.602,203,2.6,2.7,1,1,0,0,0,0,1,3,4,11,0,0,290,7,1,1,79,unknown,standard,0,0
PAT-00502,shortness_of_breath,5,chronic,3_days,abdomen,sharp,1,fluctuating,0,0,0,0,0,0,0,0,0,0,91,102,74,14,98.9,98,7,16.6,15.3,182916,138.6,3.6,1.1,140,0.051,405,3.3,2.0,0,0,0,0,0,0,1,0,0,9,0,0,244,6,3,1,20,unknown,standard,0,0
PAT-00503,shortness_of_breath,5,gradual,1_week,generalized,unknown,1,worsening,0,0,0,0,0,0,0,0,0,0,104,102,107,19,98.4,93,10,15.8,13.8,160309,130.2,3.4,0.95,228,0.067,262,2.0,2.4,0,1,0,0,0,0,0,4,3,3,0,0,305,7,1,0,19,female,standard,0,0
PAT-00504,other,1,gradual,3_days,generalized,sharp,1,fluctuating,0,0,0,0,0,0,0,0,0,0,115,79,69,19,103.2,89,1,3.7,10.7,259999,140.0,5.2,1.93,104,0.326,547,0.7,2.8,0,0,0,0,0,0,0,0,4,1,1,0,21,5,1,1,71,unknown,standard,0,0
PAT-00505,injury,6,sudden,2_hours,head,sharp,0,stable,0,0,0,0,0,0,0,0,0,1,170,63,83,20,100.7,90,2,11.1,14.1,258304,138.9,4.7,0.71,151,0.739,157,3.8,1.2,0,1,0,0,0,0,0,3,6,6,0,0,212,3,2,1,68,unknown,standard,1,0
PAT-00506,abdominal_pain,1,sudden,1_week,back,sharp,0,worsening,0,0,0,0,0,0,0,0,0,0,168,87,124,22,101.0,96,8,3.9,12.0,220460,139.4,3.7,3.39,198,0.406,367,1.9,2.0,1,1,0,0,0,0,0,0,4,11,0,0,349,3,2,1,63,female,standard,0,0
PAT-00507,other,5,sudden,3_days,back,burning,0,worsening,0,1,0,0,0,0,0,0,0,0,163,71,119,23,102.1,96,3,13.3,10.9,297193,130.0,4.9,1.18,112,0.204,612,2.3,2.2,0,0,0,0,0,0,0,3,5,6,0,0,179,0,1,1,36,unknown,standard,1,0
PAT-00508,chest_pain,0,sudden,3_days,generalized,dull,0,worsening,0,0,0,0,0,0,0,0,0,0,109,66,116,27,97.7,94,10,6.2,13.7,287548,137.5,4.9,1.87,178,1.021,785,3.5,2.3,0,0,0,0,0,0,0,1,1,0,0,0,223,2,3,0,39,unknown,standard,0,0
PAT-00509,other,2,chronic,1_week,chest,unknown,0,stable,0,0,0,0,0,1,0,0,0,0,85,63,124,24,101.7,89,9,12.8,14.6,147404,144.0,5.0,2.4,229,1.182,145,3.0,2.8,0,0,0,0,0,0,0,3,1,8,0,0,17,4,2,1,36,female,standard,1,0
PAT-00510,back_pain,1,gradual,2_hours,arm,burning,0,worsening,0,0,0,0,0,0,0,0,0,1,101,59,70,20,98.2,99,4,4.9,13.9,185063,135.3,5.3,2.59,155,0.025,364,1.8,2.0,1,0,0,0,1,0,0,4,5,8,0,0,223,2,0,1,38,unknown,standard,1,0
PAT-00511,abdominal_pain,6,gradual,3_days,abdomen,throbbing,1,fluctuating,0,1,0,0,0,0,0,0,0,0,164,101,108,23,101.9,99,10,14.5,11.9,165209,137.1,3.5,2.28,253,0.112,226,2.5,1.6,0,0,0,0,0,0,0,4,6,4,1,0,27,5,2,1,44,unknown,standard,1,0
PAT-00512,back_pain,3,sudden,1_week,chest,burning,0,fluctuating,0,0,0,0,0,0,0,0,0,0,169,80,61,25,98.1,99,6,14.0,10.2,120157,132.0,5.4,1.2,217,0.602,421,0.9,2.7,0,0,0,0,0,1,0,1,6,6,0,0,264,1,1,1,38,female,standard,0,0
PAT-00513,injury,7,sudden,1_month,abdomen,pressure,0,fluctuating,0,0,0,0,0,0,0,0,0,0,111,99,114,20,102.4,94,4,3.6,14.9,397399,137.2,5.5,2.02,136,0.409,786,2.3,3.0,0,0,0,1,0,0,0,1,6,9,0,1,332,0,2,1,72,female,standard,0,0
PAT-00514,fever,5,chronic,1_month,unknown,aching,1,fluctuating,0,0,0,0,0,0,0,0,0,0,108,73,64,15,101.5,88,1,15.0,10.9,294373,136.3,3.2,1.6,171,0.94,277,2.1,1.7,0,0,0,1,0,0,0,3,6,7,0,0,278,3,1,0,46,male,standard,0,0
PAT-00515,back_pain,9,chronic,2_hours,unknown,sharp,0,worsening,0,0,0,0,0,0,0,0,0,0,146,89,107,21,99.6,96,6,5.9,13.2,150056,144.1,3.4,0.95,104,0.787,147,3.3,2.6,0,0,0,1,0,1,0,4,4,2,1,1,295,1,2,0,50,unknown,standard,0,0
PAT-00516,chest_pain,3,sudden,1_week,chest,unknown,0,stable,1,0,0,0,0,0,0,0,0,1,136,56,62,15,99.5,96,10,5.1,9.0,385581,130.6,4.2,1.79,234,0.087,315,3.5,1.4,0,0,0,1,0,0,1,3,0,6,0,1,103,2,2,1,27,unknown,standard,2,0
PAT-00517,other,4,gradual,1_month,unknown,pressure,0,improving,0,0,0,0,0,0,0,0,0,0,135,99,91,22,98.1,93,5,10.8,14.3,141101,145.2,3.3,2.4,252,0.656,573,3.7,1.1,0,1,1,1,0,0,0,3,3,4,0,0,79,2,0,1,38,male,standard,0,0
PAT-00518,fever,8,gradual,1_week,generalized,unknown,0,fluctuating,0,0,0,0,0,0,0,1,0,1,150,61,58,13,102.9,97,10,12.1,16.1,163241,139.2,4.9,0.99,81,0.407,242,3.7,1.8,0,0,0,1,1,0,0,1,3,3,0,0,208,3,1,1,34,male,standard,2,0
PAT-00519,other,6,gradual,3_days,generalized,aching,0,improving,0,0,0,0,0,0,0,0,0,0,141,63,77,26,97.9,88,8,5.0,11.8,174070,138.5,4.7,1.16,113,1.158,626,4.2,1.8,1,1,0,0,0,0,0,3,1,9,1,1,276,1,1,0,75,male,standard,0,0
PAT-00520,back_pain,9,sudden,2_hours,arm,pressure,0,improving,0,0,0,0,0,1,0,0,0,0,139,76,63,19,100.2,95,1,7.9,12.7,327024,144.2,5.0,0.94,263,0.573,684,3.1,1.2,0,1,1,0,0,0,0,3,0,1,0,0,272,7,3,1,80,unknown,standard,1,0
PAT-00521,other,8,gradual,1_month,chest,unknown,0,worsening,0,0,0,0,0,1,0,0,0,0,137,96,92,13,98.7,93,1,9.4,15.6,350014,133.1,5.5,0.7,90,1.114,660,2.8,1.1,0,0,0,0,0,0,0,1,6,6,0,0,321,5,3,1,79,unknown,standard,1,0
PAT-00522,injury,6,chronic,3_days,abdomen,throbbing,0,fluctuating,0,0,0,0,0,0,0,0,0,0,173,87,99,14,103.5,96,7,17.2,14.8,239600,133.3,5.3,3.32,277,0.041,741,1.1,2.5,0,1,0,0,0,0,0,1,0,6,0,0,319,6,3,1,23,male,standard,0,0
PAT-00523,fever,0,chronic,1_hour,back,sharp,1,fluctuating,0,0,0,0,0,0,0,0,0,0,103,70,99,20,100.9,96,9,7.1,16.2,170623,144.0,3.9,3.05,239,0.128,547,2.3,2.6,0,0,0,0,0,0,0,2,2,9,0,1,76,2,2,1,27,male,standard,0,0
PAT-00524,injury,7,sudden,1_hour,abdomen,pressure,0,fluctuating,0,0,0,0,0,0,0,1,0,0,97,97,72,13,98.1,94,10,7.3,10.3,328465,144.9,4.1,1.35,127,0.467,189,2.1,1.1,0,1,0,0,1,0,0,3,2,9,0,0,69,6,0,1,63,male,standard,1,0
PAT-00525,back_pain,3,chronic,2_hours,leg,throbbing,0,improving,0,0,0,0,0,0,0,0,1,0,113,78,100,12,101.4,91,0,13.1,12.0,299752,143.4,5.0,2.32,152,1.065,696,3.2,2.1,0,1,0,0,0,0,0,2,2,11,0,0,330,7,1,0,28,female,standard,1,0
PAT-00526,injury,2,sudden,1_month,generalized,sharp,0,fluctuating,0,0,0,0,0,0,0,0,0,0,90,62,56,16,103.4,98,7,14.0,11.9,275943,130.7,4.1,2.94,225,0.656,380,1.6,2.2,0,0,1,1,0,0,0,1,5,7,1,0,75,4,1,1,60,unknown,standard,0,0
PAT-00527,chest_pain,6,gradual,1_month,head,dull,0,fluctuating,0,0,0,0,0,0,0,0,0,0,157,84,102,18,101.0,88,4,3.7,12.0,282590,140.4,4.8,1.73,196,0.99,568,3.7,2.0,0,0,0,0,0,0,0,4,3,10,0,0,47,4,2,1,75,female,standard,0,0
PAT-00528,back_pain,2,gradual,1_month,head,throbbing,0,stable,1,1,1,0,0,0,0,0,0,0,85,80,71,15,100.1,90,0,5.4,15.8,333337,137.2,5.3,2.77,261,0.344,730,1.4,3.2,1,1,0,0,0,1,0,2,3,3,0,0,325,4,1,0,55,unknown,standard,3,0
PAT-00529,back_pain,7,gradual,1_week,generalized,burning,0,worsening,1,0,0,0,0,0,0,0,0,0,108,99,70,26,99.0,93,9,8.7,9.7,212491,142.9,4.1,3.13,169,0.138,153,2.3,2.0,1,1,0,1,0,0,0,0,4,9,0,0,43,6,0,0,40,unknown,standard,1,0
PAT-00530,back_pain,5,chronic,3_days,leg,unknown,0,fluctuating,0,0,1,0,0,0,0,0,0,0,158,102,99,15,97.8,88,10,12.7,15.6,323921,132.5,4.5,2.1,102,0.299,481,4.0,2.2,0,0,0,0,0,0,0,0,6,1,0,0,146,1,2,1,63,unknown,standard,1,0
PAT-00531,abdominal_pain,4,sudden,1_month,head,sharp,0,fluctuating,1,0,0,0,0,0,0,0,0,0,90,89,102,22,98.6,91,0,5.4,12.9,137889,144.7,5.1,3.19,271,0.776,425,1.8,1.6,0,0,0,0,0,0,0,2,5,10,0,0,294,3,3,1,49,female,standard,1,0
PAT-00532,other,3,gradual,3_days,unknown,pressure,1,worsening,0,0,0,0,0,0,0,0,0,0,132,99,78,14,100.7,95,5,8.7,12.6,320482,135.4,4.3,1.29,162,1.046,389,3.2,1.5,0,1,0,0,0,0,0,0,5,2,0,1,240,6,3,1,84,unknown,standard,0,0
PAT-00533,abdominal_pain,7,sudden,2_hours,generalized,aching,0,worsening,0,0,0,0,0,0,0,0,0,0,104,71,119,17,101.9,99,9,4.7,11.5,411194,135.2,3.9,3.22,253,0.549,768,1.8,2.8,0,0,0,1,1,0,0,4,4,0,1,0,325,0,2,1,26,female,standard,0,0
PAT-00534,abdominal_pain,7,gradual,1_month,head,pressure,0,improving,0,0,0,0,0,0,0,0,0,0,160,92,87,23,102.7,95,10,11.8,12.6,270903,132.9,3.8,2.96,270,0.236,733,2.5,3.0,0,0,0,0,0,0,1,3,3,10,0,0,286,4,3,1,21,male,standard,0,0
PAT-00535,chest_pain,0,chronic,2_hours,generalized,burning,0,improving,0,0,0,0,0,0,0,0,0,0,151,64,58,24,102.2,93,1,9.7,14.8,326794,130.1,3.4,3.05,275,0.767,193,3.4,1.6,0,1,0,0,0,0,0,4,0,11,0,0,40,5,2,1,67,male,standard,0,0
PAT-00536,fever,8,chronic,1_month,arm,unknown,0,improving,0,0,0,0,0,1,0,0,0,0,139,95,55,27,98.0,93,1,14.9,12.2,320564,135.0,4.0,0.71,189,0.24,315,3.5,2.8,0,0,0,1,0,0,0,0,5,5,0,0,166,3,1,1,32,male,standard,1,0
PAT-00537,other,4,sudden,1_hour,back,burning,0,worsening,1,0,0,0,0,0,0,0,0,0,102,104,87,19,102.1,90,0,11.8,14.6,159409,132.4,4.8,2.56,213,0.686,329,3.6,1.9,0,0,0,0,0,0,0,3,0,7,0,0,157,2,1,1,76,female,standard,1,0
PAT-00538,injury,3,chronic,1_day,back,pressure,0,stable,0,0,0,0,0,1,0,0,0,0,105,71,116,22,100.9,94,0,13.1,11.5,140042,141.8,3.3,1.82,109,0.127,65,1.0,2.1,0,0,1,0,0,0,0,0,6,9,0,0,28,0,3,1,37,male,standard,1,0
PAT-00539,shortness_of_breath,5,chronic,2_hours,abdomen,unknown,1,fluctuating,0,0,0,0,0,0,0,0,0,0,148,61,57,24,100.2,99,3,13.2,9.6,401069,142.1,3.8,2.39,213,0.974,439,3.7,1.3,0,1,0,0,0,0,1,2,6,11,0,0,112,2,1,1,71,male,standard,0,0
PAT-00540,back_pain,5,sudden,1_month,leg,aching,0,worsening,0,0,0,0,0,0,1,0,0,0,121,56,99,25,100.8,95,4,12.0,11.5,130803,143.2,3.5,0.93,273,0.967,650,1.1,2.2,0,0,0,0,0,0,0,4,1,11,0,0,11,7,3,1,30,male,standard,1,0
PAT-00541,injury,1,gradual,1_day,generalized,sharp,0,stable,0,0,0,0,0,0,0,0,0,0,103,65,75,22,97.3,89,3,3.7,14.1,164227,130.1,4.1,1.36,91,0.652,316,1.6,3.1,1,0,0,0,0,0,0,3,6,11,0,0,364,5,3,1,26,male,standard,0,0
PAT-00542,back_pain,7,chronic,2_hours,chest,unknown,0,worsening,0,0,0,0,0,0,0,0,0,0,173,104,118,13,97.6,92,5,15.6,15.2,270665,135.6,3.4,1.68,129,0.051,761,4.1,1.0,0,1,0,0,0,0,0,1,2,7,0,0,157,1,2,1,29,unknown,standard,0,0
PAT-00543,chest_pain,6,sudden,1_week,abdomen,throbbing,1,stable,0,0,0,1,1,0,0,0,1,0,140,57,111,17,100.5,93,7,16.8,14.6,366453,130.1,4.9,2.71,156,0.34,810,1.1,1.5,0,1,0,0,0,0,0,4,6,3,0,1,355,5,0,1,41,male,standard,3,0
PAT-00544,back_pain,0,chronic,1_month,abdomen,unknown,0,worsening,0,0,0,0,0,0,0,0,0,0,146,100,94,19,98.3,88,10,11.2,11.2,130234,138.1,5.3,2.25,100,0.17,190,1.5,2.5,0,0,0,0,0,0,0,1,1,3,0,0,97,6,0,0,45,female,standard,0,0
PAT-00545,abdominal_pain,4,chronic,1_week,generalized,burning,1,worsening,1,0,0,0,0,0,0,0,0,0,102,74,116,12,100.6,99,10,5.1,12.9,141694,144.5,3.6,0.74,121,0.631,336,1.8,1.5,0,1,0,0,0,0,0,2,5,11,0,0,291,6,0,1,24,unknown,standard,1,0
PAT-00546,other,5,chronic,1_hour,generalized,burning,0,stable,1,0,0,0,0,0,0,0,0,0,114,67,97,15,99.4,92,1,13.0,11.1,304990,136.5,3.8,1.64,100,0.127,292,3.5,1.7,0,1,0,0,0,0,0,0,5,9,0,0,166,1,2,1,65,male,standard,1,0
PAT-00547,shortness_of_breath,3,chronic,1_month,abdomen,burning,0,stable,0,0,0,0,0,0,0,0,0,0,140,77,100,12,102.9,90,0,8.8,14.0,245631,144.0,3.6,3.33,131,1.044,752,1.8,1.6,0,1,0,1,0,0,0,2,3,11,0,0,129,6,1,0,32,unknown,standard,0,0
PAT-00548,headache,1,sudden,1_hour,abdomen,aching,0,stable,0,0,0,1,0,0,0,0,0,0,126,71,78,25,103.2,90,1,4.6,11.7,245663,145.2,3.6,1.2,194,1.021,724,3.6,3.1,0,1,0,1,0,0,0,1,0,11,0,1,266,1,3,0,34,unknown,standard,1,0
PAT-00549,back_pain,3,sudden,1_day,back,unknown,1,stable,0,0,0,0,0,0,0,0,0,0,137,83,78,15,103.4,93,9,15.9,14.5,180063,133.8,3.9,1.36,276,0.192,534,1.3,2.0,0,0,1,0,0,0,0,3,6,0,0,0,359,3,1,0,68,female,standard,0,0
PAT-00550,injury,0,sudden,2_hours,chest,unknown,0,stable,0,0,0,1,0,0,0,0,1,0,158,97,64,25,102.9,98,10,13.8,8.1,162704,130.2,3.8,1.56,153,0.835,97,2.8,1.2,0,1,0,1,0,0,0,2,0,5,0,0,17,2,3,0,57,female,standard,2,0
PAT-00551,abdominal_pain,6,chronic,3_days,unknown,dull,0,stable,0,1,0,0,0,0,0,0,0,0,170,93,122,22,103.4,88,5,15.2,10.9,366753,141.8,4.1,1.45,250,0.837,222,4.1,1.2,0,0,0,0,0,0,0,0,4,3,0,0,254,6,1,1,84,male,standard,1,0
PAT-00552,headache,1,chronic,1_hour,abdomen,aching,0,stable,0,0,0,0,0,0,0,0,0,1,134,86,111,20,101.6,92,10,15.0,15.5,354274,139.3,4.4,1.04,100,0.479,49,0.7,1.6,0,0,1,0,0,0,0,3,0,8,0,0,172,1,0,1,51,unknown,standard,1,0
PAT-00553,shortness_of_breath,1,chronic,3_days,unknown,sharp,1,stable,0,1,0,0,0,0,0,0,0,0,88,89,98,17,103.3,92,3,8.7,10.8,151164,135.6,4.9,1.58,115,0.188,40,3.9,1.8,1,0,0,0,0,0,0,3,6,1,0,0,145,1,1,1,23,female,standard,1,0
PAT-00554,headache,8,sudden,3_days,back,sharp,0,worsening,0,0,0,0,0,0,0,0,0,0,147,89,102,17,101.2,92,6,10.5,11.4,387489,135.9,5.2,2.21,230,0.163,163,1.2,1.6,0,1,1,0,0,0,0,0,3,7,0,0,110,1,3,1,25,unknown,standard,0,0
PAT-00555,abdominal_pain,4,chronic,2_hours,abdomen,sharp,0,stable,0,0,0,1,0,1,0,0,0,0,151,88,81,16,102.3,90,1,6.9,14.7,297159,131.3,4.3,2.59,221,0.889,769,2.7,2.2,0,1,0,0,0,0,0,3,2,6,0,0,313,2,2,1,44,male,standard,2,0
PAT-00556,other,1,gradual,1_day,head,sharp,0,stable,1,0,0,0,0,0,0,0,1,0,140,75,84,25,98.0,93,0,14.4,8.8,408719,143.9,5.3,2.5,75,0.268,849,0.8,2.9,1,0,0,0,0,0,0,4,1,7,1,0,241,1,3,1,23,unknown,standard,2,0
PAT-00557,other,10,chronic,2_hours,abdomen,sharp,1,worsening,0,0,0,0,0,0,0,0,0,0,133,70,100,14,101.5,98,4,11.1,10.7,388194,133.9,4.8,1.16,108,0.726,591,2.7,2.7,0,0,0,0,0,0,0,3,5,1,0,0,188,0,0,1,63,female,standard,0,0
PAT-00558,fever,8,gradual,1_month,generalized,pressure,1,worsening,1,0,0,0,0,0,0,0,1,0,106,77,66,25,103.1,88,8,12.9,14.6,368789,131.6,4.9,2.42,176,1.04,646,2.8,2.2,0,1,0,1,0,0,0,1,0,9,0,1,304,2,3,1,62,male,standard,2,0
PAT-00559,other,8,chronic,1_hour,leg,burning,0,improving,0,1,0,0,0,0,0,0,0,0,96,65,114,13,100.6,97,5,8.7,16.1,377189,142.5,4.4,1.7,162,0.714,412,3.5,2.6,0,1,0,0,0,0,0,4,0,11,0,0,224,6,3,1,57,female,standard,1,0
PAT-00560,fever,0,sudden,3_days,leg,aching,0,improving,0,0,0,0,0,0,0,0,0,1,133,68,73,20,98.4,88,5,13.3,14.7,292579,137.8,4.4,3.0,243,1.169,778,2.1,2.4,0,1,0,1,0,0,0,2,6,8,1,0,181,1,3,1,21,unknown,standard,1,0
PAT-00561,headache,10,chronic,2_hours,abdomen,pressure,0,stable,0,0,0,0,0,1,0,0,0,0,97,57,122,20,100.5,98,0,13.2,9.5,365424,142.2,4.4,1.71,162,0.776,597,3.9,1.1,0,0,0,0,0,0,0,3,3,3,0,0,41,6,2,1,57,male,standard,1,0
PAT-00562,chest_pain,2,gradual,2_hours,arm,aching,1,stable,0,0,0,0,0,0,0,0,0,0,117,61,108,18,101.7,89,0,14.7,15.1,175103,144.4,4.3,3.43,139,0.381,381,1.9,2.4,0,0,0,0,0,0,0,0,3,0,0,0,22,6,2,1,41,male,standard,0,0
PAT-00563,injury,3,gradual,2_hours,head,dull,0,improving,0,1,0,0,0,0,0,0,0,0,131,94,88,13,102.0,91,3,5.8,12.0,250877,136.1,4.3,2.42,148,1.024,342,0.9,2.9,0,0,0,0,0,0,0,4,3,5,0,0,262,2,3,1,81,male,standard,1,0
PAT-00564,injury,6,chronic,1_hour,chest,unknown,0,improving,0,0,0,0,0,0,0,0,0,0,148,99,61,15,100.5,97,1,12.5,14.7,301306,130.9,5.0,1.9,78,0.377,290,2.0,2.8,0,0,0,0,0,0,0,3,4,3,1,0,357,4,0,1,67,male,standard,0,0
PAT-00565,headache,9,gradual,1_day,abdomen,throbbing,0,fluctuating,0,0,0,0,0,0,0,0,0,0,167,65,96,22,98.6,96,2,16.3,10.0,310425,134.1,4.1,2.11,216,1.166,799,1.7,2.0,1,1,0,0,1,0,0,1,0,1,0,0,239,0,1,1,70,male,standard,0,0
PAT-00566,back_pain,3,gradual,2_hours,unknown,burning,1,fluctuating,0,0,0,0,0,1,0,0,1,0,101,87,122,19,103.0,97,10,4.9,10.9,128012,130.8,3.7,1.19,265,0.576,550,2.2,1.6,0,0,0,0,0,0,0,3,1,0,0,0,201,5,0,0,36,female,standard,2,0
PAT-00567,back_pain,1,sudden,1_hour,chest,dull,0,stable,1,0,0,0,0,0,0,0,0,0,118,73,107,21,102.1,95,5,17.4,15.7,204228,132.4,3.5,2.6,95,1.144,764,1.3,1.8,0,1,0,0,0,0,0,3,1,5,0,0,16,2,0,1,76,male,standard,1,0
PAT-00568,other,6,chronic,3_days,head,pressure,0,fluctuating,0,0,0,0,0,0,0,0,0,0,152,99,62,17,98.9,98,9,6.5,15.7,173305,143.6,5.2,3.4,138,0.224,545,1.9,2.2,0,1,0,0,1,0,0,4,1,7,0,0,20,0,0,1,36,male,standard,0,0
PAT-00569,injury,5,chronic,1_month,abdomen,throbbing,1,improving,0,0,0,0,0,0,0,0,0,0,123,103,76,16,102.3,97,0,17.1,10.4,299589,145.1,5.2,2.14,228,0.019,162,3.8,1.8,0,0,0,0,0,0,0,1,6,2,0,0,226,3,0,1,55,female,standard,0,0
PAT-00570,injury,2,chronic,1_week,arm,unknown,0,stable,0,0,0,0,1,0,0,0,0,0,156,95,80,22,99.4,98,10,16.1,8.7,299028,140.8,3.8,3.48,176,0.239,618,2.9,1.7,0,0,0,0,0,0,0,3,4,11,0,0,278,1,0,0,38,unknown,standard,1,0
PAT-00571,fever,5,gradual,1_hour,back,dull,0,worsening,0,0,0,0,0,0,0,0,0,0,85,77,117,27,99.2,89,10,14.7,15.9,304304,141.7,3.5,1.12,143,0.123,286,1.3,1.2,1,1,0,0,0,0,0,4,2,9,0,0,31,5,0,1,54,male,standard,0,0
PAT-00572,chest_pain,10,chronic,1_week,arm,unknown,1,worsening,1,0,0,0,0,1,0,0,0,0,89,77,100,21,102.6,88,9,6.5,10.6,312564,141.7,5.4,2.49,226,0.882,82,0.8,1.1,0,0,0,0,0,0,0,0,5,7,0,0,252,3,2,1,74,male,standard,2,0
PAT-00573,abdominal_pain,5,chronic,2_hours,generalized,unknown,1,improving,0,1,0,0,0,1,0,0,1,1,124,83,98,13,102.7,91,1,6.6,9.0,294648,132.0,4.3,2.6,84,0.321,830,1.4,1.0,0,0,0,0,0,0,0,3,4,8,0,0,223,5,1,1,64,male,standard,4,0
PAT-00574,back_pain,4,sudden,2_hours,arm,aching,1,fluctuating,0,0,0,0,0,0,0,0,0,0,147,60,116,12,99.7,92,3,7.3,11.0,320806,130.8,3.4,1.57,173,0.769,214,2.1,3.2,0,0,1,0,1,0,0,2,5,1,0,0,15,3,3,1,48,unknown,standard,0,0
PAT-00575,injury,3,sudden,1_hour,unknown,throbbing,0,worsening,0,0,0,0,0,0,0,0,0,0,85,93,90,12,97.3,89,5,15.3,10.4,358703,141.2,3.7,1.68,106,0.804,702,1.9,1.7,0,0,0,0,0,0,0,0,0,3,0,0,70,3,1,1,55,female,standard,0,0
PAT-00576,fever,9,sudden,1_week,back,aching,0,fluctuating,0,0,0,0,1,0,0,0,0,0,119,59,95,12,98.4,99,2,6.2,8.7,137202,130.6,4.8,3.35,147,0.827,660,3.7,1.1,0,0,1,0,0,0,0,3,5,5,0,1,29,2,2,1,20,female,standard,1,0
PAT-00577,shortness_of_breath,0,gradual,2_hours,generalized,unknown,1,worsening,0,0,0,0,0,0,0,0,1,0,170,86,81,26,102.9,97,8,11.9,16.4,301754,143.0,3.4,2.41,233,1.0,151,2.7,2.2,0,0,0,0,1,0,0,0,6,6,0,0,293,5,0,0,26,female,standard,1,0
PAT-00578,fever,9,chronic,3_days,back,dull,0,fluctuating,0,0,0,0,0,0,0,0,0,0,101,94,124,22,102.9,93,9,14.8,10.5,249670,139.5,4.2,2.89,217,0.183,44,3.6,2.5,1,0,1,1,0,1,0,2,6,3,0,0,295,7,1,1,64,unknown,standard,0,0
PAT-00579,back_pain,5,sudden,1_day,leg,unknown,1,worsening,1,0,0,1,0,0,0,0,0,0,144,80,95,17,100.1,95,3,10.2,10.3,356351,131.8,4.2,2.73,252,0.065,93,4.2,2.5,0,0,0,0,0,0,0,0,4,3,0,0,220,6,1,1,78,female,standard,2,0
PAT-00580,back_pain,1,sudden,1_day,back,pressure,1,worsening,1,0,0,0,1,0,0,0,0,0,85,68,59,15,99.1,99,6,15.7,11.6,307576,140.5,4.8,2.41,77,0.04,229,1.6,3.1,0,0,0,0,0,0,1,3,5,6,0,0,324,5,3,1,26,male,standard,2,0
PAT-00581,fever,2,sudden,2_hours,abdomen,unknown,0,stable,0,0,0,0,0,0,0,0,0,0,88,72,111,22,99.1,98,10,11.7,11.5,284767,139.7,3.7,0.83,178,0.129,244,2.3,1.4,0,0,0,0,0,0,0,2,5,6,0,0,253,5,3,1,64,female,standard,0,0
PAT-00582,abdominal_pain,7,chronic,1_week,chest,aching,1,stable,0,0,0,0,0,0,0,0,0,0,93,75,83,20,102.9,99,4,12.1,11.7,283079,136.0,5.5,2.56,109,0.458,584,3.1,3.0,0,1,1,0,1,0,0,1,3,6,0,0,325,6,2,1,48,female,standard,0,0
PAT-00583,headache,9,chronic,1_month,leg,throbbing,1,improving,0,0,0,0,0,0,0,0,0,0,129,79,66,20,99.2,92,5,13.3,15.7,187381,143.1,3.6,1.67,189,1.161,438,2.4,3.0,0,1,0,0,1,1,0,4,1,4,0,0,119,6,0,1,57,unknown,standard,0,0
PAT-00584,back_pain,5,chronic,2_hours,leg,dull,0,worsening,0,0,0,0,1,0,1,1,1,0,116,74,79,14,100.4,91,8,15.8,8.5,233883,134.9,4.6,2.01,128,0.427,428,1.8,2.0,0,0,1,0,0,0,0,4,6,3,1,0,157,0,1,1,66,male,standard,4,0
PAT-00585,fever,2,gradual,1_month,chest,aching,0,fluctuating,0,0,0,0,0,0,0,0,0,0,153,78,88,17,101.8,94,8,3.6,16.0,377811,136.0,4.0,3.08,279,0.546,150,3.5,3.1,0,0,0,0,0,0,0,3,0,5,0,0,185,7,1,1,69,unknown,standard,0,0
PAT-00586,injury,6,gradual,1_month,unknown,unknown,0,worsening,0,0,0,0,0,0,0,0,0,0,98,57,78,17,98.5,92,5,9.2,13.7,278147,141.1,3.5,3.41,160,0.978,197,3.8,1.4,0,0,0,0,0,0,0,4,0,6,1,0,193,1,3,0,59,unknown,standard,0,0
PAT-00587,fever,3,sudden,1_week,leg,pressure,0,fluctuating,1,0,0,0,0,0,0,0,1,0,135,76,117,21,98.8,99,1,17.5,13.9,313707,142.0,4.4,2.64,186,1.103,544,1.6,1.7,0,0,0,0,0,0,0,4,5,9,1,0,166,2,1,1,23,unknown,standard,2,0
PAT-00588,chest_pain,8,chronic,1_month,back,burning,0,fluctuating,0,0,0,0,0,0,1,0,0,0,174,62,117,21,99.5,95,8,4.9,9.3,347240,134.4,3.6,1.35,273,1.166,310,1.6,2.6,0,0,0,1,0,0,0,3,5,8,0,0,147,1,1,0,32,male,standard,1,0
PAT-00589,headache,4,sudden,3_days,arm,pressure,0,worsening,0,0,0,0,0,0,0,0,0,0,107,100,64,12,101.3,94,10,6.9,10.8,330089,130.3,4.8,1.59,158,0.993,492,2.6,3.1,0,1,1,0,0,0,0,3,5,4,1,1,342,7,3,1,45,male,standard,0,0
PAT-00590,shortness_of_breath,2,chronic,1_week,head,unknown,1,fluctuating,0,0,0,0,0,0,0,0,0,0,130,100,59,26,102.4,92,1,11.8,8.4,346698,132.8,3.3,1.09,175,0.606,165,3.5,1.1,0,0,0,0,0,0,0,0,0,5,0,0,160,5,3,0,67,unknown,standard,0,0
PAT-00591,abdominal_pain,1,chronic,2_hours,unknown,pressure,1,improving,0,0,0,0,0,0,0,0,0,0,170,83,107,20,100.6,98,1,15.9,13.6,413999,134.2,4.4,2.33,228,0.279,49,2.5,2.4,0,0,0,0,0,0,1,4,0,4,0,0,313,0,0,1,81,female,standard,0,0
PAT-00592,other,10,chronic,3_days,back,burning,0,stable,0,0,0,0,0,0,0,0,0,0,111,61,82,15,98.0,95,1,4.9,10.9,291996,144.5,3.7,3.3,157,0.72,59,0.8,3.1,0,0,0,0,0,0,0,0,2,4,0,0,26,3,0,1,27,unknown,standard,0,0
PAT-00593,shortness_of_breath,1,gradual,1_hour,generalized,pressure,0,fluctuating,0,0,0,0,0,1,0,0,0,0,173,60,119,17,100.0,88,6,3.6,12.7,239466,144.3,5.4,2.97,172,0.24,641,1.7,1.1,0,0,0,0,0,0,0,4,4,2,0,0,12,7,1,0,56,male,standard,1,0
PAT-00594,headache,2,gradual,1_day,generalized,burning,0,worsening,0,1,0,1,0,0,0,0,0,0,120,60,99,21,98.0,95,10,13.5,14.4,212126,140.6,4.8,2.22,109,0.072,49,2.4,1.3,0,0,1,0,0,0,0,4,0,0,0,0,156,4,2,1,37,female,standard,2,0
PAT-00595,headache,1,chronic,2_hours,arm,unknown,1,stable,0,0,0,0,0,0,0,0,1,0,152,66,120,23,97.8,90,3,12.2,12.7,323331,141.3,4.9,3.34,230,1.104,205,3.3,2.5,0,0,0,0,0,0,0,1,2,1,0,0,272,7,0,0,21,female,standard,1,0
PAT-00596,headache,3,sudden,2_hours,unknown,burning,0,improving,0,0,0,0,0,0,0,0,0,0,116,76,103,19,100.9,88,7,7.4,8.6,185674,139.9,4.8,3.21,173,0.584,363,3.4,2.4,1,1,0,0,0,1,0,4,4,6,0,0,156,1,1,1,63,male,standard,0,0
PAT-00597,shortness_of_breath,1,chronic,2_hours,unknown,aching,0,fluctuating,0,0,0,0,0,0,0,0,0,0,157,101,94,12,103.2,96,7,17.4,8.5,289178,142.5,4.7,1.71,187,0.612,621,3.3,1.6,0,0,0,0,0,0,0,3,4,10,0,0,133,2,0,1,44,unknown,standard,0,0
PAT-00598,injury,9,chronic,3_days,arm,aching,1,fluctuating,0,0,0,0,0,0,0,0,0,0,150,80,120,19,102.5,98,0,11.6,15.4,292529,135.6,3.5,2.24,197,0.733,372,0.9,3.1,1,1,0,1,0,0,0,4,5,11,0,0,364,3,3,1,66,male,standard,0,0
PAT-00599,headache,8,sudden,1_hour,unknown,burning,0,stable,0,0,0,0,0,0,0,0,0,1,126,79,62,17,102.1,93,0,13.1,10.2,245768,138.7,5.5,1.53,218,0.544,91,2.8,1.8,0,0,0,0,0,0,0,2,2,3,0,1,160,5,3,1,23,unknown,standard,1,0
PAT-00600,fever,1,chronic,1_week,leg,dull,1,fluctuating,0,0,0,0,0,0,0,0,0,0,134,73,81,27,101.8,98,3,9.0,11.1,219352,140.7,4.7,0.72,250,0.536,31,2.1,1.7,1,0,0,1,0,0,0,1,3,10,0,0,140,1,1,0,70,unknown,standard,0,0
PAT-00601,shortness_of_breath,8,sudden,1_hour,abdomen,throbbing,1,worsening,1,0,0,0,0,0,0,0,0,1,141,90,71,12,102.9,98,1,16.9,9.9,256443,137.5,5.3,1.96,155,1.099,411,1.7,2.8,0,1,1,0,0,0,0,0,5,9,0,0,263,2,1,1,53,unknown,standard,2,0
PAT-00602,other,5,gradual,3_days,abdomen,dull,1,stable,0,0,0,0,0,0,0,0,0,0,148,89,122,23,101.9,95,2,7.5,13.9,269206,142.4,4.4,2.8,162,0.981,97,3.6,2.2,0,0,0,0,0,0,0,4,6,2,0,0,85,1,0,1,39,unknown,standard,0,0
PAT-00603,headache,0,gradual,2_hours,unknown,burning,0,stable,1,1,0,0,0,0,0,1,0,0,130,67,98,23,101.1,98,9,14.4,11.3,323657,144.9,3.9,2.48,143,0.259,293,1.9,1.9,0,1,0,0,0,0,0,4,6,11,0,0,120,7,2,0,78,male,standard,3,0
PAT-00604,fever,3,sudden,1_day,leg,throbbing,0,fluctuating,0,0,0,0,1,0,0,0,1,0,173,79,85,20,99.5,97,1,5.2,11.9,409587,140.6,4.2,3.3,278,0.354,255,1.3,2.2,0,1,0,0,0,0,0,0,3,3,0,0,119,7,1,1,49,unknown,standard,2,0
PAT-00605,injury,0,gradual,2_hours,leg,aching,1,improving,0,0,0,0,0,0,0,0,0,0,158,102,59,24,97.8,99,9,11.3,13.7,180739,131.2,4.1,2.62,224,0.794,123,3.1,2.5,0,1,0,0,0,0,0,1,0,7,0,0,335,7,1,0,69,female,standard,0,0
PAT-00606,chest_pain,5,gradual,1_week,chest,throbbing,0,improving,0,0,0,0,0,0,0,0,1,0,173,99,114,20,100.1,98,8,11.9,13.3,202399,139.8,3.2,1.1,86,0.687,596,1.1,1.1,0,0,0,0,0,0,0,0,5,6,0,0,109,6,0,1,69,male,standard,1,0
PAT-00607,injury,3,sudden,1_month,chest,burning,0,improving,0,0,0,0,0,0,0,0,0,0,138,86,73,21,103.0,91,5,6.2,14.6,345563,141.1,4.8,1.45,167,0.921,744,1.7,1.7,0,0,0,1,0,0,0,4,2,7,0,0,38,6,2,1,70,unknown,standard,0,0
PAT-00608,other,2,gradual,1_day,head,aching,0,improving,0,0,0,0,0,1,0,0,0,0,137,84,96,25,100.9,89,6,8.2,14.4,176477,134.5,4.9,1.05,132,0.875,413,2.2,2.9,0,0,0,1,1,0,0,0,2,0,0,0,152,6,3,1,47,female,standard,1,0
PAT-00609,headache,2,chronic,2_hours,head,throbbing,0,stable,0,0,0,0,0,0,0,0,0,0,113,75,77,19,98.4,93,5,6.1,11.7,340308,135.1,3.3,2.93,113,0.852,56,1.1,2.6,0,0,0,0,0,0,0,0,3,0,0,0,151,6,0,1,46,unknown,standard,0,0
PAT-00610,other,8,chronic,1_day,head,throbbing,0,stable,0,0,0,0,0,0,0,0,0,0,121,96,71,25,101.3,89,0,15.8,9.6,289296,139.5,3.8,3.36,238,1.057,304,1.6,1.1,0,1,0,0,0,0,0,4,2,11,0,0,116,4,1,1,77,male,standard,0,0
PAT-00611,shortness_of_breath,5,sudden,1_month,head,dull,0,fluctuating,0,0,0,0,0,0,0,0,0,0,153,99,112,18,100.1,88,4,13.0,9.9,300676,141.3,4.7,1.33,80,0.921,705,2.9,2.0,0,0,0,0,1,0,0,1,2,3,0,0,122,2,0,1,48,female,standard,0,0
PAT-00612,back_pain,8,gradual,1_hour,arm,throbbing,0,improving,0,0,0,1,1,0,0,0,0,0,98,94,103,12,103.1,94,2,10.0,14.0,397767,143.9,3.9,2.84,250,0.295,123,2.6,1.6,0,0,0,0,0,0,0,3,0,8,0,0,230,2,3,1,48,female,standard,2,0
PAT-00613,headache,4,chronic,3_days,arm,unknown,0,improving,0,0,0,0,0,0,0,0,0,0,111,98,57,22,98.2,94,9,11.6,10.2,370248,142.2,5.3,1.92,82,1.048,747,3.6,2.7,0,0,0,0,0,0,0,1,0,5,1,0,63,5,3,1,47,unknown,standard,0,0
PAT-00614,back_pain,1,chronic,2_hours,chest,burning,0,fluctuating,0,0,0,0,0,0,0,0,0,0,89,62,99,12,101.7,93,7,8.5,11.7,343097,132.1,3.5,1.69,144,0.406,319,1.1,1.2,0,1,0,0,0,0,0,3,2,1,0,0,205,2,1,1,40,unknown,standard,0,0
PAT-00615,fever,7,gradual,1_week,abdomen,sharp,0,fluctuating,0,0,0,0,0,0,0,0,0,1,128,95,89,19,101.5,99,6,9.7,8.9,228929,135.6,5.3,3.46,129,1.094,549,3.7,1.2,0,1,0,0,0,0,0,4,1,3,0,0,343,0,2,1,45,unknown,standard,1,0
PAT-00616,chest_pain,4,gradual,1_hour,leg,sharp,0,fluctuating,0,0,0,0,0,0,0,0,0,0,99,96,56,24,103.4,89,8,12.5,9.0,224612,132.4,5.3,1.67,168,0.99,610,0.9,2.6,1,1,1,0,0,0,0,4,1,3,0,0,170,1,3,1,57,male,standard,0,0
PAT-00617,abdominal_pain,1,chronic,2_hours,generalized,sharp,0,worsening,0,0,0,0,0,0,0,0,0,0,151,61,101,21,100.8,92,0,6.6,10.1,248509,142.1,5.4,2.55,135,0.094,254,3.3,3.2,1,0,0,0,0,0,0,3,6,8,0,0,160,0,1,1,49,male,standard,0,0
PAT-00618,other,3,chronic,1_hour,abdomen,burning,0,fluctuating,0,0,0,0,0,0,0,0,0,0,85,57,57,19,102.7,88,1,5.4,8.7,224961,134.3,3.4,2.7,157,0.927,384,1.3,1.8,1,1,0,0,0,0,0,4,2,4,0,0,303,1,2,1,40,unknown,standard,0,0
PAT-00619,injury,8,sudden,1_week,back,sharp,0,fluctuating,0,0,0,0,0,0,0,0,0,0,108,91,83,12,97.4,89,1,17.2,10.3,169556,132.0,3.8,2.86,168,0.603,551,3.9,2.9,0,1,1,1,0,0,0,4,3,5,0,0,362,4,3,1,31,unknown,standard,0,0
PAT-00620,chest_pain,3,sudden,2_hours,arm,dull,0,worsening,0,1,0,0,0,0,0,0,1,0,160,57,74,19,98.0,99,0,6.9,12.8,415529,131.5,3.8,3.11,212,1.173,821,0.7,1.8,1,0,1,0,0,0,0,3,0,2,0,0,113,5,1,1,25,female,standard,2,0
PAT-00621,headache,3,chronic,1_month,head,burning,0,improving,0,0,0,0,0,0,0,0,0,0,146,72,88,19,99.4,92,7,10.7,14.3,400592,131.8,5.2,2.29,122,0.553,604,2.7,2.4,0,1,0,1,0,0,1,0,5,8,0,0,18,1,3,1,74,female,standard,0,0
PAT-00622,back_pain,1,sudden,1_month,head,unknown,0,stable,0,1,0,0,0,0,0,0,0,0,162,96,94,23,101.1,92,3,14.5,8.3,135366,134.0,5.1,2.39,140,0.085,444,0.6,2.0,0,0,0,0,0,0,0,1,1,3,0,0,30,6,0,1,65,female,standard,1,0
PAT-00623,injury,5,chronic,1_week,back,aching,0,improving,0,0,0,1,0,0,0,0,0,0,141,63,119,26,100.0,94,6,11.6,13.1,326536,142.5,3.6,2.69,184,0.355,522,3.2,2.6,0,1,0,0,0,0,0,1,5,8,0,0,157,3,3,1,19,female,standard,1,0
PAT-00624,back_pain,10,chronic,1_day,abdomen,unknown,0,stable,0,0,0,0,0,0,0,0,0,0,104,78,117,21,98.5,92,9,12.7,11.1,303985,133.8,3.5,1.12,181,0.519,373,0.7,1.0,0,0,1,0,0,1,0,2,0,3,0,0,227,4,3,1,51,unknown,standard,0,0
PAT-00625,shortness_of_breath,1,sudden,1_week,head,burning,0,stable,1,0,0,0,1,0,0,0,0,0,142,61,110,27,100.9,98,0,5.9,9.9,178878,134.5,4.3,1.26,226,0.712,182,3.2,2.2,0,0,0,0,0,0,0,4,2,1,1,0,189,2,3,1,71,male,standard,2,0
PAT-00626,back_pain,6,sudden,1_day,abdomen,burning,1,fluctuating,0,0,0,0,0,0,0,0,0,0,98,87,86,21,100.8,93,7,9.2,8.3,174031,144.1,3.6,2.84,194,0.187,204,3.5,3.2,0,1,0,0,1,0,0,0,0,5,0,0,129,5,3,1,69,female,standard,0,0
PAT-00627,shortness_of_breath,2,gradual,2_hours,leg,throbbing,0,fluctuating,0,0,0,0,0,1,0,0,0,0,162,79,120,24,100.5,89,10,13.5,10.8,154560,137.1,4.3,1.08,102,0.621,395,3.8,2.6,0,1,0,1,0,0,0,0,6,7,0,0,158,2,3,1,29,male,standard,1,0
PAT-00628,fever,2,gradual,1_day,back,throbbing,1,worsening,0,0,0,0,0,0,0,0,1,0,137,96,95,27,97.8,92,7,6.5,14.7,148296,138.1,5.1,2.63,108,0.583,814,1.9,1.4,1,1,0,0,0,0,1,4,5,4,0,0,198,6,3,1,72,male,standard,1,0
PAT-00629,injury,4,gradual,2_hours,generalized,throbbing,0,improving,0,1,0,0,0,0,0,0,0,0,119,88,83,25,103.0,95,10,10.5,12.5,371916,130.0,4.3,0.79,131,1.005,765,2.6,1.6,1,1,0,0,0,0,0,1,6,1,0,0,74,4,3,1,63,male,standard,1,0
PAT-00630,injury,2,chronic,2_hours,abdomen,pressure,0,improving,0,0,0,0,0,0,0,0,0,0,146,92,105,23,100.9,88,9,12.0,14.6,318844,131.3,4.9,1.65,141,0.366,293,3.2,2.5,0,1,0,0,0,0,0,2,1,0,0,0,68,6,2,1,50,female,standard,0,0
PAT-00631,abdominal_pain,1,sudden,3_days,leg,dull,0,stable,0,0,0,0,0,0,0,0,0,0,145,75,66,14,98.9,98,2,14.9,11.5,316321,141.8,3.8,2.55,100,0.542,677,3.6,1.2,0,0,0,0,0,0,0,2,2,4,0,0,166,0,1,1,45,female,standard,0,0
PAT-00632,headache,9,chronic,2_hours,unknown,burning,0,fluctuating,0,0,0,1,0,0,0,0,0,0,103,92,98,12,101.5,97,8,6.6,15.2,373352,135.3,3.8,2.68,265,0.469,686,3.4,0.9,0,0,0,0,0,0,0,2,2,3,0,0,315,7,0,0,28,female,standard,1,0
PAT-00633,shortness_of_breath,8,sudden,1_day,unknown,unknown,0,fluctuating,0,0,0,1,0,0,0,0,1,0,168,94,64,14,99.2,94,4,17.7,9.3,130525,132.4,4.6,2.46,224,0.761,754,3.7,2.7,0,0,0,0,0,0,1,3,2,9,0,0,109,2,3,0,72,female,standard,2,0
PAT-00634,abdominal_pain,1,chronic,3_days,abdomen,burning,0,improving,0,0,0,0,0,1,1,0,0,0,126,72,63,19,100.4,95,4,17.5,15.0,367500,136.9,5.2,1.94,181,1.004,116,3.8,2.3,0,0,1,0,0,0,0,3,0,8,0,0,236,1,3,1,54,unknown,standard,2,0
PAT-00635,back_pain,10,gradual,3_days,unknown,throbbing,0,worsening,0,0,0,1,0,0,0,0,0,0,128,93,83,25,99.3,98,4,3.7,12.0,407047,130.7,4.4,1.41,238,0.812,524,2.9,2.4,0,1,0,0,0,0,0,4,3,3,0,1,186,2,1,1,40,female,standard,1,0
PAT-00636,back_pain,1,gradual,2_hours,abdomen,burning,0,fluctuating,0,0,0,0,0,0,0,0,0,0,171,104,83,19,102.7,92,0,8.8,14.3,350070,141.4,3.7,2.42,111,0.561,162,1.2,1.0,0,0,1,1,0,0,0,2,1,11,0,0,192,2,3,1,56,male,standard,0,0
PAT-00637,abdominal_pain,7,gradual,1_week,head,aching,1,worsening,0,0,0,0,0,0,0,0,0,0,85,87,115,27,103.5,91,9,4.5,10.0,201418,131.3,3.7,1.22,205,0.767,448,3.6,1.8,0,1,1,1,0,0,0,0,4,6,0,0,135,1,3,1,74,unknown,standard,0,0
PAT-00638,injury,8,chronic,1_week,chest,burning,0,improving,0,0,0,0,0,0,0,1,0,0,152,82,118,23,98.2,88,1,8.1,12.1,417840,130.9,4.6,0.87,164,0.39,578,2.3,2.1,0,0,0,0,0,0,0,3,6,11,0,0,250,6,0,1,34,female,standard,1,0
PAT-00639,back_pain,6,sudden,1_month,unknown,unknown,1,improving,0,0,0,0,0,0,0,0,0,0,165,79,57,26,97.3,96,0,12.3,14.2,395946,136.7,3.4,0.75,276,0.177,394,0.8,2.5,0,0,0,1,0,0,0,3,1,11,0,0,295,2,0,1,32,female,standard,0,0
PAT-00640,other,2,sudden,3_days,arm,sharp,0,worsening,0,0,0,0,0,0,0,0,0,0,174,68,58,18,98.6,89,1,12.3,12.1,226826,139.4,3.4,1.45,138,0.387,823,2.9,2.8,0,0,0,0,0,0,0,4,1,5,0,0,104,1,3,1,55,female,standard,0,0
PAT-00641,fever,8,gradual,2_hours,abdomen,aching,0,fluctuating,0,1,0,1,0,0,0,0,0,0,162,74,109,13,100.9,98,8,4.9,11.9,313583,142.2,3.4,0.78,182,0.535,550,3.2,1.6,1,0,0,0,0,0,0,3,4,1,1,0,268,2,2,1,45,male,standard,2,0
PAT-00642,fever,2,gradual,1_week,abdomen,aching,0,improving,0,1,0,0,0,0,0,0,0,0,130,93,68,24,98.3,92,8,13.3,14.9,276422,131.1,4.1,1.4,178,0.53,755,2.2,3.0,1,1,0,1,0,0,0,4,5,3,0,0,97,7,0,0,84,female,standard,1,0
PAT-00643,other,4,gradual,2_hours,abdomen,burning,0,stable,0,0,0,0,0,0,0,0,0,1,135,74,82,16,102.3,94,4,15.8,9.4,178624,135.4,4.0,1.51,225,0.886,64,2.4,2.4,0,1,0,0,0,0,0,0,1,2,0,0,344,3,1,0,82,male,standard,1,0
PAT-00644,abdominal_pain,8,gradual,2_hours,chest,pressure,0,improving,0,0,0,0,0,0,0,0,0,0,116,61,117,21,99.8,95,3,12.7,12.0,317663,134.3,3.2,1.67,273,1.124,122,2.6,1.8,0,1,0,0,0,0,1,4,6,11,0,0,317,6,3,1,20,female,standard,0,0
PAT-00645,other,2,sudden,3_days,leg,throbbing,0,fluctuating,0,0,0,0,0,0,0,1,0,0,168,58,93,19,101.0,98,1,8.0,15.0,212477,141.9,3.6,2.7,132,0.47,271,1.5,2.4,0,1,0,0,0,0,0,2,2,11,1,0,78,1,2,1,39,female,standard,1,0
PAT-00646,shortness_of_breath,6,chronic,1_month,unknown,dull,0,stable,0,0,0,0,0,0,0,0,0,0,164,85,118,24,100.1,97,5,3.5,15.2,147790,135.9,4.0,1.94,214,0.108,588,1.9,2.4,0,1,1,0,0,0,0,3,2,5,0,1,293,5,3,1,39,male,standard,0,0
PAT-00647,shortness_of_breath,0,chronic,3_days,generalized,dull,1,improving,0,0,0,0,0,0,0,0,0,0,103,84,114,14,102.9,91,8,12.9,9.0,270481,140.0,4.2,3.46,160,0.045,650,3.5,1.4,0,1,0,0,0,0,0,1,0,10,0,0,71,7,3,1,22,female,standard,0,0
PAT-00648,abdominal_pain,3,chronic,1_hour,generalized,sharp,0,fluctuating,0,1,0,0,0,0,0,0,0,0,123,91,74,17,97.4,97,7,13.3,15.2,325915,137.8,4.1,3.35,126,0.01,176,0.7,0.9,0,0,1,0,0,0,0,4,4,6,0,0,222,5,0,1,66,female,standard,1,0
PAT-00649,other,3,chronic,1_week,back,dull,1,fluctuating,0,0,1,0,0,0,0,0,0,0,172,75,82,13,101.8,88,9,13.8,8.1,386428,139.1,3.9,3.45,85,1.126,501,2.6,1.2,0,0,0,0,0,0,0,0,2,4,0,0,87,5,2,1,22,unknown,standard,1,0
PAT-00650,shortness_of_breath,6,gradual,1_week,head,dull,1,improving,0,0,0,0,0,0,0,0,0,0,98,55,68,19,101.3,94,3,4.1,15.3,145420,135.9,5.1,1.85,83,1.195,35,0.7,3.1,0,0,0,0,0,0,0,2,6,5,0,0,235,5,2,0,84,unknown,standard,0,0
PAT-00651,injury,7,gradual,1_week,chest,throbbing,1,fluctuating,0,0,0,0,0,0,0,0,0,0,113,57,112,20,101.3,99,5,11.0,10.3,290423,133.8,4.2,0.82,207,0.066,169,1.3,2.9,1,1,0,0,0,0,0,4,6,3,0,0,238,2,1,0,20,female,standard,0,0
PAT-00652,other,0,gradual,1_day,leg,throbbing,0,worsening,0,1,0,0,0,0,0,0,0,1,126,67,93,12,99.8,97,10,9.5,12.9,185171,131.0,4.7,3.11,144,0.433,347,1.9,1.3,1,0,1,0,0,0,0,2,4,11,1,0,107,0,1,1,26,male,standard,2,0
PAT-00653,injury,4,chronic,2_hours,abdomen,pressure,0,stable,0,1,0,0,0,0,0,0,0,0,98,61,112,15,97.3,98,8,14.6,8.1,415029,132.8,5.1,1.92,145,0.805,330,1.3,2.4,0,0,0,0,0,1,0,0,2,6,0,0,218,3,3,1,26,male,standard,1,0
PAT-00654,shortness_of_breath,6,gradual,3_days,leg,unknown,0,worsening,0,0,0,0,0,0,0,0,0,1,95,60,69,17,101.5,98,9,14.0,14.2,265431,132.8,5.2,2.5,184,0.219,501,3.7,3.0,1,0,0,0,1,0,0,2,1,3,0,1,158,5,1,1,43,unknown,standard,1,0
PAT-00655,fever,3,gradual,1_week,chest,sharp,0,improving,0,0,0,1,0,0,0,0,0,0,159,60,57,25,102.4,96,9,17.3,11.7,329674,145.0,5.2,3.06,220,0.715,675,3.7,3.0,0,1,0,0,0,0,0,0,4,2,0,0,165,6,0,1,28,unknown,standard,1,0
PAT-00656,shortness_of_breath,3,sudden,1_hour,chest,dull,0,worsening,0,0,1,0,0,0,0,0,0,0,131,88,59,13,97.7,88,10,16.5,15.2,393371,145.0,4.3,2.4,139,0.977,842,1.2,2.2,0,0,0,0,1,0,0,3,2,8,0,0,32,5,0,0,75,unknown,standard,1,0
PAT-00657,injury,3,sudden,1_week,chest,pressure,0,improving,0,0,0,0,0,0,0,0,0,0,108,86,96,17,100.0,88,3,11.6,12.7,379485,134.1,4.7,2.76,186,1.03,834,3.8,2.6,0,0,1,0,0,1,0,2,3,2,0,0,185,3,1,0,58,male,standard,0,0
PAT-00658,chest_pain,5,gradual,1_month,back,sharp,0,improving,0,0,0,1,0,0,0,0,1,1,106,70,69,22,98.2,94,8,17.7,15.1,199568,131.7,3.9,1.4,153,0.849,527,1.4,1.8,1,0,0,0,0,0,0,1,6,6,1,0,65,0,0,1,49,male,standard,3,0
PAT-00659,headache,6,sudden,2_hours,arm,aching,0,fluctuating,0,0,0,0,0,0,0,0,1,1,133,92,57,18,101.0,96,7,5.7,13.2,244117,134.5,5.2,1.25,128,0.103,92,0.6,1.1,1,0,0,0,0,0,0,1,6,4,0,0,174,5,1,1,36,male,standard,2,0
PAT-00660,back_pain,1,sudden,2_hours,head,dull,0,fluctuating,0,0,1,0,0,0,0,0,0,0,139,62,89,17,102.1,92,2,3.6,14.3,179520,142.7,3.7,2.25,211,0.421,814,3.3,2.1,0,1,0,0,1,0,1,1,4,11,0,0,199,7,0,1,72,female,standard,1,0
PAT-00661,other,4,gradual,3_days,back,dull,0,improving,0,0,0,0,0,0,0,0,0,0,139,75,61,21,101.4,91,8,5.1,14.4,315012,143.9,5.0,2.49,145,1.161,642,2.5,1.6,0,0,0,0,0,1,0,4,4,2,1,0,326,7,2,1,31,female,standard,0,0
PAT-00662,chest_pain,3,gradual,1_day,back,throbbing,0,stable,0,0,0,0,0,0,0,0,0,1,169,65,78,21,99.2,93,4,8.6,10.1,180524,138.0,4.3,3.14,262,0.235,118,2.4,1.8,0,0,0,0,0,0,0,3,5,10,0,0,260,3,2,1,34,female,standard,1,0
PAT-00663,shortness_of_breath,2,gradual,3_days,unknown,burning,1,stable,0,0,0,0,0,0,0,0,0,0,154,104,85,22,98.1,96,0,14.5,12.9,232043,138.6,3.9,3.0,211,0.547,414,0.6,1.3,0,1,0,0,0,0,0,3,3,4,1,0,97,1,1,1,29,unknown,standard,0,0
PAT-00664,fever,6,gradual,1_week,arm,sharp,0,stable,0,0,0,0,0,0,0,0,0,0,162,77,58,19,102.2,89,10,9.1,15.4,409855,137.3,4.1,3.47,246,0.404,230,4.1,2.6,0,0,0,0,0,0,0,0,4,7,0,0,306,3,3,0,74,unknown,standard,0,0
PAT-00665,abdominal_pain,10,chronic,1_month,back,dull,0,worsening,1,0,0,0,0,0,0,0,0,0,157,60,57,16,99.2,92,7,14.8,15.5,411848,132.9,4.6,3.41,213,0.251,674,3.6,3.1,0,1,0,0,1,0,0,0,0,1,0,0,291,4,3,1,26,unknown,standard,1,0
PAT-00666,shortness_of_breath,5,chronic,1_hour,chest,sharp,1,improving,0,0,0,1,0,0,0,1,0,0,119,100,63,14,97.3,91,4,14.3,11.3,246076,130.8,5.3,2.45,205,0.392,456,4.1,2.5,0,1,0,0,0,0,0,4,6,4,0,0,318,2,3,1,30,unknown,standard,2,0
PAT-00667,fever,6,gradual,3_days,chest,unknown,0,fluctuating,0,0,0,0,0,0,0,0,0,0,128,69,122,13,100.8,90,4,15.0,10.8,409961,139.9,3.4,2.11,279,0.231,652,1.5,2.0,0,1,0,0,1,0,0,2,1,11,0,0,275,3,1,1,84,unknown,standard,0,0
PAT-00668,headache,4,sudden,1_day,unknown,pressure,0,worsening,0,1,0,0,0,0,0,0,0,0,120,65,114,13,98.8,92,1,6.2,13.6,224309,142.8,5.3,2.83,79,1.053,564,2.8,1.9,1,0,0,0,0,0,0,4,5,0,0,0,111,2,1,1,50,male,standard,1,0
PAT-00669,shortness_of_breath,5,gradual,3_days,leg,pressure,0,worsening,0,0,1,0,1,0,0,0,0,0,173,81,65,13,102.5,94,8,11.0,14.6,212415,142.0,5.1,1.43,234,0.213,218,3.3,2.2,0,1,0,1,0,0,0,1,1,6,0,0,346,6,1,0,56,female,standard,2,0
PAT-00670,injury,4,gradual,2_hours,abdomen,burning,0,fluctuating,1,0,0,0,0,0,0,0,0,0,99,69,90,21,98.1,98,5,13.8,8.3,164829,144.4,4.6,1.69,224,0.75,746,3.5,2.4,0,0,0,0,0,0,0,3,2,7,0,0,248,7,0,1,52,unknown,standard,1,0
PAT-00671,abdominal_pain,6,sudden,1_week,back,dull,0,improving,0,0,0,0,0,0,0,0,0,0,129,99,56,23,99.9,90,10,7.6,8.8,370599,143.0,3.5,2.85,128,1.131,375,3.4,1.2,0,0,0,0,0,0,0,0,0,7,1,0,102,5,0,1,32,female,standard,0,0
PAT-00672,fever,1,chronic,1_week,abdomen,unknown,0,worsening,0,0,0,0,0,0,0,0,0,0,146,92,104,26,98.8,90,9,15.7,14.6,146726,134.6,5.1,3.36,255,1.143,41,2.7,2.7,0,0,1,0,0,0,0,0,3,6,0,0,302,2,0,1,54,female,standard,0,0
PAT-00673,fever,10,gradual,1_week,head,throbbing,0,improving,0,0,0,0,0,0,0,0,0,0,134,58,57,16,101.5,93,2,14.8,11.7,262296,131.9,4.8,3.21,264,0.723,589,0.7,0.9,0,1,0,0,0,0,0,3,3,8,0,0,108,1,1,1,33,unknown,standard,0,0
PAT-00674,fever,4,gradual,1_week,generalized,dull,0,improving,0,0,0,0,0,0,0,0,0,1,162,68,121,21,100.7,92,6,5.2,13.7,181976,136.9,4.3,0.9,252,0.329,814,4.2,2.8,0,0,0,0,0,0,0,1,1,0,0,0,189,1,0,1,65,male,standard,1,0
PAT-00675,headache,5,chronic,1_week,chest,sharp,1,improving,1,0,1,0,0,0,0,0,0,0,97,99,116,15,102.2,90,1,6.7,15.0,136024,135.6,5.2,1.35,181,0.301,478,1.0,2.1,0,1,0,0,0,0,0,1,3,4,0,0,18,3,2,1,22,male,standard,2,0
PAT-00676,shortness_of_breath,5,chronic,1_week,leg,aching,0,fluctuating,1,1,0,0,1,0,0,0,0,0,115,64,68,27,100.1,88,6,6.9,14.4,163627,141.7,4.7,1.47,100,0.898,671,1.3,1.9,1,0,1,0,0,0,0,1,5,0,0,0,88,4,2,1,33,male,standard,3,0
PAT-00677,headache,4,sudden,1_hour,head,pressure,1,improving,0,0,0,0,0,0,0,0,0,0,89,83,77,25,97.2,97,10,16.2,14.9,337114,131.1,3.9,1.77,141,1.177,463,3.6,1.2,1,0,1,0,0,0,0,3,1,9,0,0,103,4,1,1,66,male,standard,0,0
PAT-00678,other,9,chronic,1_day,unknown,sharp,0,worsening,0,0,0,0,0,0,0,0,0,0,167,66,70,13,98.6,89,1,6.2,12.4,329029,145.1,3.3,0.9,256,0.098,488,1.0,2.2,1,0,1,0,0,0,0,4,5,6,0,0,69,1,3,1,21,female,standard,0,0
PAT-00679,back_pain,6,chronic,1_week,leg,burning,0,fluctuating,0,0,0,0,0,1,0,0,0,0,92,94,72,16,103.5,90,10,12.5,9.3,195342,145.3,4.9,1.35,243,0.948,347,1.4,1.1,1,0,0,0,0,0,0,1,6,10,0,0,20,5,0,0,26,male,standard,1,0
PAT-00680,back_pain,9,chronic,1_day,generalized,pressure,0,fluctuating,0,0,0,0,0,0,0,0,0,0,97,74,67,18,99.8,91,4,4.4,12.0,299567,131.4,3.8,2.71,201,0.152,480,0.7,2.9,0,0,0,1,0,0,0,4,0,1,0,0,212,1,0,0,30,male,standard,0,0
PAT-00681,other,7,sudden,1_month,generalized,throbbing,0,worsening,0,0,0,0,0,0,0,0,1,0,125,91,110,16,101.1,92,9,11.5,16.2,149399,136.9,3.8,1.38,196,0.361,248,1.2,1.6,0,1,1,0,0,0,0,2,5,1,0,0,174,0,3,1,64,unknown,standard,1,0
PAT-00682,shortness_of_breath,6,chronic,1_week,unknown,pressure,0,fluctuating,0,0,0,0,0,0,0,0,0,0,101,56,99,22,102.9,97,9,5.5,10.6,190346,144.4,4.2,3.34,210,0.682,564,3.0,1.3,0,0,0,0,0,0,0,0,0,7,0,1,157,5,0,1,67,male,standard,0,0
PAT-00683,injury,4,chronic,3_days,arm,aching,1,worsening,1,0,0,0,0,0,0,0,0,0,116,74,94,19,97.3,96,8,11.8,11.6,147511,133.0,4.9,1.88,98,0.36,645,1.9,1.5,0,0,0,1,0,0,0,4,0,7,1,0,52,2,2,0,19,female,standard,1,0
PAT-00684,headache,0,sudden,1_week,unknown,unknown,0,stable,0,0,1,0,0,0,0,0,0,0,89,66,85,23,101.4,91,8,8.8,14.5,209289,141.1,5.3,0.98,87,0.782,213,1.1,2.1,0,0,1,0,0,0,1,2,6,0,0,0,111,2,2,1,69,unknown,standard,1,0
PAT-00685,abdominal_pain,4,chronic,2_hours,chest,dull,0,worsening,0,0,0,0,0,0,0,0,0,0,93,92,86,17,99.0,99,5,12.3,8.6,328186,141.4,3.7,3.06,149,0.504,412,1.6,2.2,0,1,0,0,0,0,0,3,2,8,0,0,57,2,2,1,41,female,standard,0,0
PAT-00686,fever,9,chronic,1_hour,head,aching,0,fluctuating,0,0,0,0,0,0,0,0,0,0,118,84,55,24,99.0,96,2,9.2,14.4,123081,133.7,5.2,3.26,183,0.267,480,3.3,1.7,0,0,0,0,0,0,0,2,5,9,0,0,339,5,1,1,28,unknown,standard,0,0
PAT-00687,fever,1,sudden,3_days,arm,unknown,1,worsening,1,1,0,0,0,0,0,0,0,0,85,101,89,20,98.6,92,3,15.9,10.3,265132,130.1,4.6,3.3,262,0.639,301,2.6,2.7,0,1,0,0,0,0,0,2,5,9,0,0,134,7,0,1,64,male,standard,2,0
PAT-00688,shortness_of_breath,4,gradual,3_days,generalized,aching,0,stable,0,0,0,0,0,1,0,0,0,0,124,72,90,21,102.4,90,3,14.5,10.3,213747,140.6,5.2,2.08,216,0.034,704,2.3,1.8,0,1,1,0,0,0,0,0,5,9,1,0,265,5,1,1,81,female,standard,1,0
PAT-00689,injury,4,sudden,2_hours,head,dull,0,improving,0,0,0,0,0,0,0,0,0,0,163,104,120,16,99.5,94,8,15.7,13.0,393110,139.9,5.2,3.28,120,0.891,586,0.8,1.9,0,1,0,0,0,0,0,2,3,9,0,0,237,6,1,1,77,female,standard,0,0
PAT-00690,back_pain,1,chronic,1_week,leg,pressure,0,improving,0,0,0,0,1,0,1,0,0,0,138,64,83,19,97.6,95,3,6.7,10.2,168982,140.4,4.1,2.69,79,0.629,386,2.4,1.2,1,1,1,1,0,0,0,2,2,9,1,0,224,0,3,1,59,male,standard,2,0
PAT-00691,back_pain,4,chronic,1_hour,arm,burning,0,improving,0,1,0,0,0,0,0,0,0,0,116,61,97,27,97.8,96,3,5.7,13.4,136132,132.5,4.8,1.25,215,1.136,199,2.3,1.2,0,0,0,0,0,0,0,0,6,1,0,0,240,2,0,1,52,unknown,standard,1,0
PAT-00692,fever,3,chronic,3_days,arm,dull,1,fluctuating,1,0,1,0,0,0,0,0,0,0,134,96,83,25,98.1,96,4,11.6,15.7,210095,139.7,5.4,2.19,226,0.128,412,2.2,1.1,0,0,0,0,0,0,0,3,4,10,0,1,113,4,0,1,79,male,standard,2,0
PAT-00693,shortness_of_breath,0,sudden,1_hour,chest,dull,1,stable,0,1,0,0,0,0,0,0,1,0,143,59,97,17,102.9,93,5,16.2,11.4,336421,138.7,4.7,1.91,218,0.88,272,2.4,1.2,0,1,0,0,0,0,0,1,3,8,0,0,134,5,1,1,32,female,standard,2,0
PAT-00694,headache,2,chronic,3_days,unknown,unknown,0,worsening,0,1,0,0,0,1,0,0,0,0,165,102,73,18,99.9,96,7,5.1,16.0,397365,137.2,4.3,1.96,103,0.365,268,0.9,3.0,0,1,0,0,1,0,0,4,4,2,0,0,101,2,1,1,52,male,standard,2,0
PAT-00695,back_pain,0,chronic,1_week,abdomen,throbbing,0,worsening,0,0,0,0,0,0,0,0,0,0,146,83,118,23,103.0,90,0,6.9,16.0,313001,142.4,4.1,1.86,93,0.451,154,4.0,2.5,0,0,0,1,0,0,0,4,0,11,0,0,44,5,0,1,73,unknown,standard,0,0
PAT-00696,headache,10,sudden,1_month,leg,pressure,1,worsening,0,0,0,0,0,0,0,0,1,0,95,89,85,27,102.4,89,4,14.3,9.8,405798,136.2,3.5,1.19,155,0.421,332,1.7,2.4,1,0,0,0,0,0,0,2,2,0,0,0,80,5,1,1,76,male,standard,1,0
PAT-00697,injury,4,gradual,3_days,leg,dull,0,worsening,0,0,0,0,0,0,0,0,0,0,107,93,73,19,102.5,92,8,10.2,11.7,403347,135.7,5.5,1.79,262,0.433,204,2.9,1.2,0,0,0,0,0,0,0,1,6,2,0,0,173,1,3,1,55,unknown,standard,0,0
PAT-00698,back_pain,3,gradual,1_month,unknown,burning,1,fluctuating,0,0,0,0,0,0,0,0,0,0,110,66,83,15,99.0,94,9,12.3,16.4,398364,138.7,4.7,2.13,264,0.52,138,1.9,2.1,0,0,1,0,1,0,0,1,2,9,0,0,251,5,1,1,21,unknown,standard,0,0
PAT-00699,back_pain,6,chronic,3_days,arm,sharp,0,fluctuating,0,0,0,0,0,0,0,0,0,0,147,64,61,15,98.9,98,3,12.1,9.1,353519,145.1,3.8,1.5,250,0.03,348,1.8,2.0,1,0,0,0,0,0,0,2,6,9,1,0,227,7,2,1,69,unknown,standard,0,1
PAT-00700,chest_pain,4,sudden,1_day,arm,pressure,0,stable,1,0,1,0,0,0,0,0,0,0,130,91,112,22,100.7,94,7,9.5,12.0,306144,135.5,3.4,1.2,106,1.017,582,3.2,1.6,0,0,0,0,0,0,0,4,6,8,0,1,29,0,1,1,53,female,standard,2,0
PAT-00701,back_pain,9,chronic,1_week,chest,throbbing,0,worsening,0,0,0,0,0,0,0,0,0,0,153,56,114,17,99.8,98,8,13.7,11.7,228646,137.1,4.9,1.26,120,1.059,322,2.1,1.5,0,1,0,0,0,1,0,4,1,1,0,0,187,3,2,1,58,unknown,standard,0,0
PAT-00702,other,3,sudden,2_hours,abdomen,aching,0,improving,0,0,0,0,0,0,0,0,0,0,174,57,105,13,100.4,93,0,15.9,14.9,170552,134.3,5.2,1.24,155,0.052,103,2.8,2.7,0,0,0,0,0,0,1,1,0,2,0,1,88,1,2,1,26,male,standard,0,0
PAT-00703,abdominal_pain,1,sudden,1_month,leg,dull,1,fluctuating,0,0,0,0,0,0,0,0,0,0,90,68,104,20,97.5,90,7,16.7,9.4,255278,140.9,4.2,1.95,145,0.932,457,1.6,1.6,1,1,0,0,1,0,0,1,1,8,0,0,316,7,1,1,70,male,standard,0,0
PAT-00704,other,3,gradual,2_hours,generalized,burning,0,stable,1,0,0,0,0,0,0,0,1,0,135,101,75,23,103.3,93,7,4.2,9.9,124858,135.8,5.4,1.29,143,0.091,682,1.6,2.3,0,0,0,0,0,0,0,2,0,5,0,0,176,0,2,1,27,male,standard,2,0
PAT-00705,shortness_of_breath,1,gradual,1_week,back,pressure,0,stable,0,0,0,0,0,0,0,0,0,1,127,74,63,19,97.6,88,4,11.5,9.5,352600,141.1,4.0,2.71,258,0.97,482,1.3,3.0,0,0,0,0,1,0,0,4,1,1,0,0,74,2,2,0,55,female,standard,1,0
PAT-00706,shortness_of_breath,7,sudden,2_hours,back,burning,0,fluctuating,0,0,0,0,0,0,0,0,0,0,126,99,88,13,98.3,90,9,4.1,9.4,213100,132.3,4.9,1.64,197,0.738,717,1.7,2.1,1,1,1,0,0,0,0,4,5,4,1,0,127,5,2,1,47,unknown,standard,0,0
PAT-00707,headache,2,chronic,1_week,abdomen,burning,0,improving,0,0,0,0,0,0,0,0,0,0,97,103,88,23,101.5,89,1,16.6,10.2,392150,134.2,3.8,3.33,235,0.371,331,0.8,2.3,0,0,0,0,0,0,0,2,2,10,0,0,148,5,3,1,64,male,standard,0,0
PAT-00708,other,8,gradual,2_hours,head,unknown,0,improving,0,0,0,0,0,1,0,0,0,0,109,58,101,23,98.2,91,6,9.7,12.5,375331,133.3,4.0,0.88,97,0.739,562,0.9,2.9,0,0,0,1,0,0,0,2,6,0,0,1,199,7,3,1,66,female,standard,1,0
PAT-00709,other,3,chronic,1_month,chest,aching,1,worsening,0,0,1,0,0,0,0,0,0,0,86,80,78,27,97.9,95,10,16.6,14.0,239415,142.4,4.6,1.57,197,0.61,343,3.7,2.6,1,0,0,0,0,0,0,3,2,9,0,0,143,2,2,1,65,female,standard,1,0
PAT-00710,other,5,gradual,1_day,abdomen,throbbing,0,fluctuating,1,0,0,0,0,0,0,0,1,0,98,101,82,25,98.2,90,10,6.2,11.2,357432,131.4,3.3,2.77,172,0.765,209,1.6,0.9,1,1,0,0,0,0,0,1,1,4,0,0,155,4,1,0,83,male,standard,2,0
PAT-00711,injury,9,gradual,2_hours,unknown,pressure,1,improving,1,0,0,0,1,0,0,0,0,0,101,69,100,12,97.6,93,4,5.9,11.8,290679,134.0,3.7,2.62,263,0.573,646,2.5,1.2,0,0,0,0,0,1,0,1,1,8,0,0,242,2,1,1,63,male,standard,2,0
PAT-00712,back_pain,4,chronic,1_month,unknown,dull,0,fluctuating,1,0,0,0,0,0,0,0,0,0,124,63,105,21,98.8,97,4,16.7,14.7,301646,138.1,3.6,1.88,206,0.929,591,2.4,1.5,0,1,0,0,0,0,1,1,6,10,0,0,107,2,2,1,78,female,standard,1,0
PAT-00713,abdominal_pain,9,gradual,3_days,back,throbbing,0,stable,0,0,0,0,0,0,0,0,1,0,123,57,60,15,98.9,88,5,17.1,12.5,204772,131.4,4.0,3.14,267,0.059,440,2.9,1.9,0,1,0,0,0,0,0,0,3,0,0,0,76,2,3,1,49,female,standard,1,0
PAT-00714,headache,0,gradual,1_week,arm,dull,1,stable,1,0,0,1,0,0,0,0,0,0,109,56,117,25,100.3,91,9,14.6,13.0,352338,130.2,5.0,0.9,204,0.416,821,2.9,1.5,0,0,0,0,0,0,0,0,2,9,0,1,85,2,1,0,48,female,standard,2,0
PAT-00715,other,8,chronic,1_hour,back,sharp,0,stable,1,0,0,0,0,0,1,1,0,0,132,93,107,22,100.0,92,7,6.7,12.4,394423,141.1,5.3,2.13,167,0.673,276,1.9,2.0,0,0,0,0,0,0,0,2,5,3,0,0,163,4,1,1,21,female,standard,3,0
PAT-00716,other,0,gradual,1_hour,arm,burning,0,fluctuating,1,0,0,0,0,0,0,0,1,0,172,95,118,15,100.2,92,10,6.0,14.7,189042,139.8,3.2,1.26,260,0.708,316,1.1,2.7,0,0,1,0,0,0,0,3,5,8,0,0,236,7,0,1,23,female,standard,2,0
PAT-00717,chest_pain,7,gradual,1_week,chest,sharp,0,worsening,0,0,0,0,0,0,0,0,0,1,133,84,106,25,101.1,88,0,14.3,9.6,308023,130.1,3.8,1.75,147,0.208,754,1.2,3.1,1,1,0,0,0,0,0,0,6,1,0,0,56,5,0,1,66,male,standard,1,0
PAT-00718,headache,8,gradual,1_day,arm,unknown,0,worsening,0,0,0,0,0,0,1,0,0,0,117,91,114,13,98.7,96,2,12.7,16.3,143892,130.8,3.3,2.66,102,0.094,635,1.9,2.3,1,0,0,0,0,0,0,1,4,7,0,0,64,7,2,0,51,unknown,standard,1,0
PAT-00719,other,8,chronic,2_hours,abdomen,burning,0,improving,0,0,0,0,0,0,0,0,0,0,111,71,95,16,98.0,92,6,16.1,15.5,139362,133.5,5.2,0.98,235,0.03,447,2.6,2.9,0,1,1,0,0,0,0,3,4,4,0,0,356,5,3,1,21,male,standard,0,0
PAT-00720,headache,0,sudden,1_day,arm,aching,0,fluctuating,1,0,0,0,0,0,0,0,0,0,129,57,65,23,102.7,96,10,7.5,11.4,350873,144.5,3.7,0.82,97,0.499,822,2.8,1.7,0,0,0,0,0,1,0,4,0,8,0,0,339,7,0,1,50,female,standard,1,0
PAT-00721,back_pain,1,chronic,1_hour,head,throbbing,0,worsening,0,0,0,0,1,0,0,0,0,0,115,63,58,14,101.2,94,8,7.8,11.5,277813,140.4,5.0,1.88,158,0.4,174,4.0,1.2,0,0,0,0,0,0,0,2,3,0,0,0,351,7,0,1,37,unknown,standard,1,0
PAT-00722,chest_pain,0,sudden,1_month,unknown,dull,0,fluctuating,0,0,0,0,0,1,0,0,0,0,147,62,68,14,97.6,92,9,14.1,15.2,140571,142.9,3.3,1.46,193,0.684,680,1.7,2.8,0,0,0,0,0,0,0,0,1,11,0,0,67,4,0,0,70,female,standard,1,0
PAT-00723,headache,9,gradual,1_week,abdomen,unknown,0,worsening,1,0,0,0,0,0,0,0,0,0,122,63,67,23,103.3,96,1,7.4,11.8,197781,142.2,4.1,2.72,105,0.542,219,1.0,2.7,0,1,0,0,0,0,0,3,4,6,0,0,193,2,2,1,69,male,standard,1,0
PAT-00724,abdominal_pain,1,sudden,1_week,unknown,aching,1,stable,0,1,1,0,0,0,0,0,0,0,163,71,69,21,101.6,92,3,10.2,12.3,400075,145.7,4.0,0.88,122,0.476,357,2.5,1.4,0,0,0,0,0,0,0,0,0,11,0,0,90,4,3,1,32,male,standard,2,0
PAT-00725,abdominal_pain,9,chronic,1_day,chest,dull,0,stable,0,0,0,1,0,0,0,0,0,0,124,78,62,26,98.2,97,10,11.0,14.3,281307,145.2,4.0,3.41,120,1.013,298,0.8,2.1,1,1,0,1,0,0,0,0,2,11,0,0,298,4,1,1,49,female,standard,1,0
PAT-00726,shortness_of_breath,7,chronic,1_month,abdomen,throbbing,0,improving,1,0,0,0,0,0,0,0,0,0,142,62,65,23,103.3,96,3,13.2,11.3,269446,131.1,4.5,2.44,201,0.748,572,1.2,3.2,1,0,0,0,1,0,0,2,2,3,0,0,95,5,2,1,74,female,standard,1,0
PAT-00727,chest_pain,4,gradual,1_day,head,pressure,0,stable,1,0,0,0,0,0,0,0,0,0,149,68,77,14,99.5,92,10,8.5,11.9,310240,130.4,4.1,2.1,119,0.777,274,2.6,3.1,0,1,0,0,1,0,0,0,4,9,0,0,268,1,1,1,18,male,standard,1,0
PAT-00728,chest_pain,10,sudden,2_hours,chest,unknown,0,worsening,0,0,0,0,0,0,0,0,0,0,95,70,61,15,103.4,88,6,15.9,8.3,413847,138.0,4.1,1.86,169,0.461,496,3.9,1.9,0,1,0,0,0,0,0,2,0,3,0,0,131,3,0,1,33,male,standard,0,0
PAT-00729,shortness_of_breath,6,gradual,3_days,back,sharp,0,improving,1,0,0,0,0,0,0,0,0,0,99,72,123,22,97.9,94,4,9.3,9.1,319754,134.3,3.6,2.8,234,0.933,483,1.3,1.6,0,0,1,0,0,0,1,2,2,11,0,0,132,3,3,1,73,male,standard,1,0
PAT-00730,headache,1,gradual,1_month,head,sharp,0,improving,0,1,0,0,0,0,0,0,0,0,141,103,86,16,98.2,92,10,4.1,11.9,252818,138.1,4.2,1.7,125,0.187,453,1.9,1.6,0,0,0,0,0,0,0,4,0,2,0,0,287,6,2,1,53,unknown,standard,1,0
PAT-00731,chest_pain,7,chronic,3_days,chest,dull,0,stable,0,0,1,1,0,0,0,0,0,0,109,78,98,15,101.3,92,4,4.5,8.4,348022,131.5,4.9,2.88,121,0.485,524,2.2,2.9,1,0,0,0,0,0,0,1,2,11,1,0,294,3,3,1,70,unknown,standard,2,0
PAT-00732,abdominal_pain,10,sudden,2_hours,generalized,dull,0,fluctuating,0,0,0,0,0,0,0,0,0,0,123,93,57,20,97.3,93,6,17.6,10.6,401288,144.5,3.9,2.69,135,0.061,221,4.0,2.4,1,0,0,0,0,0,0,4,2,7,0,0,161,4,2,0,55,male,standard,0,0
PAT-00733,abdominal_pain,5,sudden,3_days,arm,dull,0,stable,0,0,0,0,0,0,0,0,0,0,117,101,98,15,97.3,93,1,12.5,11.7,279948,142.4,5.2,2.24,252,0.143,484,3.2,2.3,1,0,1,0,1,0,0,0,5,6,0,0,191,3,3,1,61,female,standard,0,0
PAT-00734,other,7,sudden,1_hour,abdomen,unknown,1,stable,0,0,0,0,1,0,0,0,0,0,113,81,123,22,102.2,94,7,10.6,8.9,389105,138.8,3.6,3.19,109,0.102,553,1.8,1.5,0,1,0,1,0,0,0,4,2,1,0,0,295,5,3,1,73,male,standard,1,0
PAT-00735,back_pain,0,sudden,3_days,chest,throbbing,0,improving,0,0,0,0,0,1,0,1,0,0,142,82,105,18,98.3,99,5,16.1,8.6,354012,137.4,5.1,1.67,217,0.533,59,1.6,1.8,0,0,1,0,0,0,0,3,6,1,1,0,92,1,2,1,27,male,standard,2,0
PAT-00736,chest_pain,0,gradual,2_hours,abdomen,pressure,0,stable,1,0,0,1,0,0,0,0,0,0,156,61,115,21,103.0,95,4,13.9,8.1,276473,137.5,4.6,0.86,239,0.838,149,2.5,2.2,0,1,0,1,0,0,0,4,5,9,0,0,323,3,1,0,44,female,standard,2,0
PAT-00737,headache,6,gradual,3_days,arm,sharp,0,worsening,0,0,0,0,0,0,0,0,0,0,95,88,105,22,99.9,88,0,6.1,12.1,281049,139.9,4.2,1.75,130,0.379,829,2.0,2.1,1,0,0,1,0,0,0,4,1,7,0,0,326,2,0,1,38,unknown,standard,0,0
PAT-00738,shortness_of_breath,7,chronic,1_week,chest,aching,0,improving,1,0,0,0,0,0,0,0,0,0,97,81,87,16,102.7,97,1,3.6,9.2,371408,138.7,3.3,3.15,133,0.037,433,2.8,1.0,0,1,0,1,0,0,0,4,1,4,0,0,172,7,1,1,25,unknown,standard,1,0
PAT-00739,shortness_of_breath,2,gradual,1_day,back,burning,1,stable,0,0,0,0,0,0,0,0,0,0,153,88,74,21,99.8,98,5,17.7,13.9,279876,137.7,3.5,0.92,227,0.85,191,2.5,2.0,1,1,1,0,0,0,0,2,5,4,0,0,148,7,3,1,79,male,standard,0,0
PAT-00740,headache,4,gradual,1_hour,generalized,unknown,1,fluctuating,0,0,0,0,0,0,0,0,0,1,167,93,84,20,100.5,90,5,12.6,12.2,291622,140.9,4.2,2.84,94,0.253,250,0.7,2.3,0,1,0,0,1,0,0,1,5,10,0,0,325,4,3,1,34,female,standard,1,0
PAT-00741,injury,0,chronic,1_week,generalized,unknown,0,worsening,1,0,0,0,0,0,0,0,0,0,105,73,98,20,99.2,93,10,10.4,8.2,154397,142.2,5.2,3.01,250,0.869,256,0.9,2.7,0,0,0,0,1,0,0,4,0,4,0,1,130,2,1,1,76,male,standard,1,0
PAT-00742,fever,6,chronic,1_week,head,throbbing,0,fluctuating,1,0,0,0,0,1,0,0,0,0,87,60,83,24,101.3,88,8,17.2,8.5,290425,140.3,5.4,1.9,160,0.014,614,1.1,1.2,0,0,0,0,0,0,0,4,5,10,0,0,39,7,2,1,59,male,standard,2,0
PAT-00743,back_pain,4,chronic,2_hours,chest,sharp,0,worsening,0,1,0,0,0,0,0,0,0,0,110,84,75,24,99.2,92,10,8.9,15.8,180586,136.3,5.3,1.24,222,0.378,29,2.9,2.8,1,0,0,0,0,0,0,1,2,8,1,0,201,0,1,1,33,female,standard,1,0
PAT-00744,shortness_of_breath,7,gradual,1_day,arm,pressure,1,fluctuating,0,0,0,0,0,0,0,0,0,0,117,82,107,24,98.6,92,5,14.0,9.1,134191,136.6,3.8,1.7,217,0.747,103,4.1,1.1,0,1,0,0,0,0,0,4,6,10,1,0,207,7,2,1,43,male,standard,0,0
PAT-00745,chest_pain,7,gradual,1_day,chest,throbbing,1,stable,0,0,0,0,1,0,0,0,0,0,106,66,65,27,97.7,97,0,13.2,14.4,205077,131.6,3.8,1.82,136,1.046,466,2.2,2.0,1,0,0,0,0,1,1,1,5,6,0,0,221,7,3,1,31,female,standard,1,0
PAT-00746,back_pain,8,chronic,1_month,abdomen,aching,0,worsening,0,1,0,0,0,0,0,0,0,0,146,69,64,19,97.6,96,6,13.3,10.1,137004,136.6,4.9,3.31,168,0.906,398,1.1,1.1,0,1,1,0,1,0,0,4,0,4,0,1,120,4,2,1,50,unknown,standard,1,0
PAT-00747,chest_pain,6,chronic,1_hour,leg,sharp,0,improving,1,0,0,0,0,0,0,0,0,0,89,99,89,17,99.1,98,2,13.3,10.7,369345,142.6,5.4,1.5,88,0.542,64,2.8,2.8,0,0,0,0,0,0,0,4,4,7,0,0,204,2,1,1,39,female,standard,1,0
PAT-00748,injury,10,chronic,2_hours,unknown,throbbing,0,improving,0,0,0,0,0,0,0,0,0,1,103,93,80,24,101.8,89,7,3.7,8.2,255723,131.1,3.5,3.42,179,0.864,656,2.9,2.0,0,1,0,0,1,0,0,3,2,8,0,0,235,0,2,1,21,unknown,standard,1,0
PAT-00749,abdominal_pain,0,gradual,1_hour,chest,sharp,0,fluctuating,0,0,0,0,0,0,0,1,0,1,93,93,98,23,98.5,94,5,15.5,12.7,406316,132.8,4.1,1.0,223,0.647,677,3.3,2.3,0,0,0,0,0,0,0,3,2,10,0,1,71,7,1,1,48,male,standard,2,0
PAT-00750,back_pain,2,gradual,1_month,generalized,sharp,0,fluctuating,0,0,0,0,0,0,0,0,0,0,142,69,58,22,99.1,96,2,16.9,12.0,290539,143.5,5.1,3.43,252,0.977,675,3.2,2.0,0,1,0,0,0,1,0,3,6,2,0,0,32,1,2,1,78,male,standard,0,0
PAT-00751,other,7,sudden,3_days,generalized,unknown,0,fluctuating,0,1,1,1,0,0,0,0,0,0,108,90,111,17,102.9,95,2,10.0,14.3,248914,139.1,4.3,1.33,143,0.928,521,3.1,2.0,0,0,0,0,0,0,0,2,0,0,0,0,96,6,1,1,26,unknown,standard,3,0
PAT-00752,shortness_of_breath,2,gradual,1_week,unknown,pressure,0,worsening,0,0,0,0,0,1,0,0,0,0,123,57,93,23,101.2,88,7,11.6,15.7,188079,140.7,5.1,1.17,217,1.171,635,3.2,1.3,0,0,0,0,1,0,0,0,0,2,0,0,337,5,2,0,56,male,standard,1,0
PAT-00753,back_pain,7,gradual,1_hour,generalized,unknown,0,improving,0,0,0,0,0,0,0,0,0,0,160,55,95,26,103.0,88,5,8.2,12.7,385296,135.1,3.5,1.04,137,0.13,59,3.5,3.1,0,1,1,0,0,0,0,3,4,8,0,0,10,2,1,1,49,male,standard,0,0
PAT-00754,back_pain,0,gradual,1_week,back,burning,0,stable,0,0,0,0,0,0,0,0,0,0,145,61,121,13,102.9,99,1,14.9,16.1,347665,137.8,5.0,1.59,245,0.412,419,3.8,2.6,0,0,0,0,0,0,0,0,4,8,0,0,264,3,1,1,44,female,standard,0,0
PAT-00755,back_pain,4,chronic,2_hours,chest,pressure,0,worsening,0,0,0,1,0,0,0,0,0,0,132,63,90,18,97.6,89,2,14.2,9.3,349162,142.2,4.1,2.43,101,0.235,635,0.6,2.2,0,1,0,0,0,0,0,1,0,10,0,0,105,1,1,1,22,female,standard,1,0
PAT-00756,fever,3,gradual,3_days,head,sharp,0,fluctuating,0,1,0,0,0,0,0,0,0,1,134,55,58,20,103.2,88,5,14.2,10.9,340157,144.0,4.8,2.57,200,0.759,379,3.0,1.4,0,0,0,0,0,0,0,0,1,2,0,0,102,1,2,1,45,unknown,standard,2,0
PAT-00757,back_pain,4,chronic,2_hours,chest,throbbing,0,improving,0,0,0,0,0,0,0,0,0,0,146,59,67,26,97.5,95,6,14.2,15.1,359147,145.6,3.9,1.74,135,0.799,729,4.0,1.8,0,1,0,1,0,0,0,1,5,11,0,0,137,7,3,1,61,female,standard,0,0
PAT-00758,chest_pain,7,sudden,3_days,leg,aching,1,fluctuating,0,0,0,0,0,0,0,0,0,0,137,101,124,20,103.0,94,3,6.7,12.7,236832,143.6,4.8,1.35,128,0.249,259,3.3,1.7,0,1,1,0,0,0,1,0,3,11,1,1,226,0,0,1,71,male,standard,0,0
PAT-00759,abdominal_pain,9,sudden,3_days,generalized,pressure,1,stable,1,0,0,0,0,0,0,0,0,0,105,90,61,13,100.6,93,7,5.1,12.6,274719,131.1,4.8,3.49,261,0.509,416,0.9,2.6,1,1,0,0,0,0,0,1,4,1,0,1,173,7,1,1,63,female,standard,1,0
PAT-00760,injury,3,chronic,1_week,abdomen,burning,0,stable,0,1,0,1,0,0,0,0,0,0,122,64,82,20,100.6,89,2,8.0,11.9,374904,135.5,4.2,1.46,241,0.725,499,3.3,1.3,0,0,1,0,0,0,0,3,3,1,1,0,79,7,3,0,66,female,standard,2,0
PAT-00761,headache,10,chronic,2_hours,generalized,sharp,0,improving,0,0,0,0,0,0,0,0,0,0,143,56,113,18,101.7,98,5,11.8,8.2,187281,142.0,5.4,1.76,191,0.792,581,1.5,2.4,0,0,0,0,0,0,0,3,4,8,1,0,291,2,2,0,53,male,standard,0,0
PAT-00762,back_pain,3,chronic,2_hours,chest,aching,0,worsening,1,0,0,0,0,0,0,0,0,0,127,77,91,16,102.7,96,6,9.3,8.7,417096,136.7,3.2,2.05,237,0.128,176,1.3,3.0,0,1,0,0,0,0,0,3,4,2,0,0,68,3,0,0,55,male,standard,1,0
PAT-00763,shortness_of_breath,2,gradual,1_hour,back,pressure,0,stable,0,0,0,0,0,0,0,0,0,0,101,93,69,16,101.1,88,7,7.1,8.8,156196,137.0,4.8,2.77,155,1.106,666,1.3,2.8,0,0,0,0,0,0,1,1,4,8,0,0,194,7,1,1,37,male,standard,0,0
PAT-00764,back_pain,6,sudden,2_hours,arm,unknown,0,stable,0,0,0,0,0,0,0,0,0,0,153,83,84,17,99.9,88,10,3.8,9.6,317679,142.7,5.3,1.13,83,0.046,244,4.1,1.7,0,1,0,0,0,0,0,2,4,3,0,1,296,4,3,1,42,female,standard,0,0
PAT-00765,shortness_of_breath,2,chronic,1_hour,chest,unknown,1,stable,0,0,0,0,0,0,0,0,1,0,128,73,66,24,97.9,89,3,5.3,8.8,121187,143.3,5.2,1.45,181,1.168,792,3.0,1.2,0,0,0,0,0,0,0,0,1,1,0,0,16,4,2,1,48,female,standard,1,0
PAT-00766,chest_pain,2,gradual,1_day,chest,pressure,0,stable,0,0,0,0,0,0,0,0,1,0,168,92,84,19,102.2,94,4,5.0,8.9,359810,142.7,4.5,3.49,184,0.383,781,4.1,1.7,0,1,1,0,1,0,0,1,1,8,0,0,92,2,3,1,58,male,standard,1,0
PAT-00767,shortness_of_breath,10,sudden,1_day,head,pressure,1,fluctuating,0,1,0,0,0,0,0,0,0,0,147,101,55,13,98.0,97,5,17.4,13.4,127147,135.7,5.3,3.01,197,0.383,187,3.6,1.8,0,0,0,1,0,0,0,3,3,2,0,0,87,7,0,1,66,male,standard,1,0
PAT-00768,other,9,gradual,1_day,back,pressure,1,fluctuating,0,0,0,0,0,0,0,0,0,0,107,74,90,14,101.8,99,0,14.8,9.0,234647,133.6,3.4,1.94,134,0.538,535,3.9,2.1,0,0,1,0,0,0,0,0,0,1,0,0,231,7,2,1,76,female,standard,0,0
PAT-00769,headache,4,sudden,1_month,leg,aching,1,worsening,0,0,0,0,0,0,0,0,0,0,152,66,75,21,100.5,88,8,5.3,12.0,280663,135.7,4.5,1.0,136,0.835,538,2.6,1.0,0,0,0,0,0,0,0,3,3,0,0,0,133,2,3,1,73,female,standard,0,0
PAT-00770,abdominal_pain,4,gradual,2_hours,arm,unknown,0,improving,0,0,0,0,0,0,0,0,1,0,110,65,86,18,99.6,90,2,10.3,8.5,200052,141.2,5.5,3.13,180,0.196,568,1.9,2.1,0,0,0,1,0,0,0,2,1,6,0,0,10,6,1,1,37,male,standard,1,0
PAT-00771,shortness_of_breath,5,sudden,1_month,generalized,throbbing,0,improving,1,0,0,1,0,0,0,0,0,0,132,89,117,14,101.1,97,1,13.0,10.3,322353,135.8,5.5,2.89,142,0.31,644,3.3,2.3,0,1,0,0,0,0,0,4,6,9,0,0,318,5,2,1,53,male,standard,2,0
PAT-00772,shortness_of_breath,7,sudden,2_hours,abdomen,burning,0,improving,0,1,0,0,0,0,0,0,0,0,131,103,67,12,102.1,95,10,17.4,15.9,212585,130.9,4.8,2.33,218,1.154,606,0.7,3.1,0,0,1,1,0,0,0,3,1,7,0,0,24,5,3,0,42,male,standard,1,0
PAT-00773,abdominal_pain,9,gradual,1_hour,chest,burning,0,stable,0,0,0,0,0,0,0,0,0,0,130,61,91,17,103.1,99,6,7.4,8.3,268276,142.8,3.6,1.83,218,1.053,206,2.9,2.6,1,1,0,0,0,0,0,4,2,2,0,0,125,0,1,0,48,unknown,standard,0,0
PAT-00774,headache,5,chronic,1_month,leg,sharp,0,fluctuating,1,0,0,0,0,0,0,0,0,0,113,77,98,18,98.9,94,10,7.3,15.5,391335,131.0,3.5,3.32,170,0.259,581,4.0,1.0,1,0,0,0,0,0,0,2,2,6,0,0,16,6,3,1,26,unknown,standard,1,0
PAT-00775,back_pain,0,sudden,1_month,arm,dull,0,fluctuating,0,0,0,1,0,0,0,0,0,0,118,104,75,27,103.2,95,10,11.7,14.5,259837,145.9,5.3,1.53,106,0.69,176,3.6,1.3,1,1,0,0,0,0,0,4,4,9,0,0,14,4,2,1,34,male,standard,1,0
PAT-00776,shortness_of_breath,7,chronic,1_month,abdomen,throbbing,0,worsening,0,1,0,0,0,0,0,0,0,0,94,71,72,20,103.3,99,3,15.9,15.8,239933,143.8,5.2,1.6,176,0.248,458,1.3,2.0,0,1,0,0,0,0,0,3,2,0,0,0,308,3,3,1,29,unknown,standard,1,0
PAT-00777,abdominal_pain,7,gradual,3_days,leg,unknown,1,improving,1,1,0,0,0,0,1,1,0,0,104,102,100,12,102.3,93,3,7.6,14.7,401570,145.3,3.9,3.15,112,0.662,620,1.1,3.1,1,0,0,0,0,0,0,2,0,8,0,0,363,3,1,1,48,male,standard,4,0
PAT-00778,other,8,chronic,1_hour,back,sharp,0,fluctuating,0,0,0,0,0,0,0,0,0,0,172,56,101,22,102.8,95,9,5.3,15.0,123256,143.3,5.3,2.45,241,0.442,214,3.6,2.3,0,0,0,0,0,0,0,0,3,9,0,0,12,3,1,1,36,male,standard,0,0
PAT-00779,other,8,chronic,1_day,back,sharp,0,worsening,0,0,0,0,0,0,0,0,0,0,118,59,80,27,101.6,92,8,7.4,8.9,318386,131.6,3.5,3.36,264,0.438,499,0.8,2.8,0,1,0,0,0,0,0,4,5,5,0,0,7,7,1,1,82,unknown,standard,0,0
PAT-00780,chest_pain,1,chronic,1_hour,arm,pressure,1,improving,1,0,0,0,0,1,0,0,0,0,97,75,59,20,97.4,96,6,10.0,15.1,154262,136.7,3.9,2.51,265,0.764,49,4.2,1.1,0,0,0,0,0,0,0,4,5,2,0,0,53,0,1,1,64,male,standard,2,0
PAT-00781,abdominal_pain,1,chronic,3_days,generalized,dull,0,stable,0,0,0,0,1,0,0,0,0,0,171,67,59,21,100.8,97,8,8.7,12.1,145926,144.5,4.7,0.79,179,0.306,423,2.3,1.9,0,0,0,0,0,0,0,1,3,5,0,0,118,3,0,1,45,unknown,standard,1,0
PAT-00782,chest_pain,2,chronic,2_hours,unknown,unknown,0,fluctuating,0,0,0,0,0,0,0,0,0,0,94,65,85,18,101.9,98,0,16.0,11.0,154694,131.5,3.6,1.2,90,0.488,86,3.9,1.0,1,0,0,1,0,1,0,3,6,0,0,0,242,6,3,1,61,unknown,standard,0,0
PAT-00783,other,0,sudden,1_hour,abdomen,dull,1,fluctuating,1,1,0,0,0,0,0,0,0,1,170,78,82,19,103.1,88,2,17.2,9.3,220221,134.9,5.5,1.49,128,1.111,592,3.5,1.5,0,1,1,0,0,1,0,3,1,4,0,0,171,3,1,1,30,female,standard,3,0
PAT-00784,headache,3,sudden,1_month,back,throbbing,1,improving,0,0,1,0,0,0,0,0,0,0,129,87,119,14,100.8,94,9,9.0,8.0,309725,137.5,3.7,3.13,217,0.908,319,3.1,2.8,0,1,1,1,0,0,0,4,5,9,0,0,71,7,3,0,20,unknown,standard,1,0
PAT-00785,back_pain,3,sudden,1_day,unknown,dull,0,stable,1,0,0,0,0,0,0,0,0,0,162,81,67,16,102.2,93,10,15.4,13.5,132441,137.2,3.8,3.03,92,0.463,587,1.3,2.3,0,0,0,0,0,0,0,4,3,11,0,0,330,7,0,1,74,male,standard,1,0
PAT-00786,abdominal_pain,8,gradual,1_day,arm,sharp,1,stable,0,0,0,0,0,0,0,0,1,1,173,89,72,27,101.6,95,9,4.5,14.2,132712,145.1,4.3,2.91,78,0.28,98,0.9,1.5,0,0,0,0,0,0,0,4,0,8,1,1,243,7,1,0,20,male,standard,2,0
PAT-00787,injury,8,chronic,2_hours,back,dull,0,fluctuating,0,0,0,0,0,0,0,0,1,0,166,72,78,26,99.0,89,5,11.5,11.3,125269,136.3,5.0,2.25,111,0.793,188,3.0,2.8,0,0,0,1,0,0,0,3,2,3,0,0,38,4,0,1,74,male,standard,1,0
PAT-00788,other,8,sudden,1_hour,back,dull,1,improving,0,0,0,0,0,0,0,0,0,0,168,75,83,14,98.2,88,10,15.6,9.4,405768,133.8,3.5,1.09,114,0.97,827,1.3,2.6,0,1,0,0,0,0,0,1,2,3,0,1,154,5,2,1,40,unknown,standard,0,0
PAT-00789,other,9,gradual,3_days,leg,burning,1,worsening,0,0,0,0,0,0,0,0,0,0,92,58,82,18,101.9,88,0,9.6,9.2,196077,137.1,4.7,1.07,137,1.034,837,3.6,2.1,0,0,0,0,0,0,0,4,0,10,0,0,56,7,2,1,67,male,standard,0,0
PAT-00790,injury,6,sudden,2_hours,unknown,unknown,0,fluctuating,0,0,0,0,0,0,0,0,0,0,89,95,99,13,98.7,89,4,5.6,9.4,151260,136.3,3.4,1.05,142,0.679,157,0.8,1.0,0,1,0,0,0,0,0,3,6,2,0,0,271,7,1,1,33,female,standard,0,0
PAT-00791,fever,1,sudden,1_hour,leg,unknown,0,stable,0,0,0,0,0,0,0,0,1,0,169,86,65,17,98.7,92,3,7.6,8.5,189640,140.0,3.4,3.09,219,0.623,804,2.5,3.0,0,1,0,0,0,0,0,3,2,2,0,1,198,6,3,1,57,female,standard,1,0
PAT-00792,other,9,chronic,1_week,back,sharp,0,worsening,0,0,0,0,0,0,0,0,0,0,104,97,105,21,101.3,94,3,10.6,11.1,350877,145.9,3.3,1.1,194,0.865,34,2.1,2.4,0,1,0,0,0,0,0,1,5,1,0,0,192,7,3,1,30,male,standard,0,0
PAT-00793,shortness_of_breath,4,gradual,1_day,unknown,aching,0,improving,0,0,0,0,0,0,0,0,0,0,128,103,113,13,102.2,96,6,15.7,13.2,240356,138.8,4.5,2.96,250,0.215,624,3.9,2.8,0,1,0,0,0,0,1,1,4,3,0,0,284,6,3,1,49,male,standard,0,0
PAT-00794,headache,3,chronic,3_days,head,dull,1,stable,0,0,0,0,0,0,0,0,0,0,164,65,67,20,100.9,91,4,14.4,11.8,151199,137.4,4.2,3.07,93,1.023,712,3.8,3.1,0,0,0,1,0,0,0,1,3,8,0,0,11,5,3,1,82,unknown,standard,0,0
PAT-00795,abdominal_pain,10,chronic,1_month,unknown,dull,0,worsening,0,0,0,0,0,0,0,0,0,0,142,57,101,26,102.8,96,6,4.7,9.1,319431,139.5,3.9,0.99,160,0.093,501,3.2,1.2,0,0,1,0,0,0,0,0,2,3,1,0,75,3,2,1,34,unknown,standard,0,0
PAT-00796,injury,7,sudden,3_days,leg,pressure,0,fluctuating,1,0,0,0,0,0,0,0,0,0,104,75,97,17,98.5,98,0,11.4,14.9,166487,145.7,4.4,3.23,241,0.726,70,3.3,2.6,1,0,0,0,0,0,0,0,3,4,1,0,56,2,3,1,75,unknown,standard,1,0
PAT-00797,shortness_of_breath,1,chronic,1_month,abdomen,unknown,1,stable,0,0,0,0,0,0,0,0,0,1,173,97,78,16,98.8,90,10,16.1,10.4,120067,140.0,4.4,3.21,267,0.71,740,3.1,1.3,0,0,0,0,0,0,0,4,0,3,0,0,348,2,2,0,29,female,standard,1,0
PAT-00798,injury,5,gradual,3_days,arm,dull,1,improving,0,0,0,1,0,0,0,0,0,0,155,68,102,17,101.2,99,8,11.9,13.1,276979,132.0,4.3,2.49,127,0.376,140,3.0,2.1,0,0,0,0,0,0,0,3,2,11,0,0,36,1,1,1,57,unknown,standard,1,0
PAT-00799,abdominal_pain,4,chronic,1_day,arm,unknown,1,stable,1,0,0,0,0,0,0,0,0,0,173,60,117,24,102.4,93,7,4.4,10.1,394733,144.6,3.6,2.14,220,0.047,85,4.2,2.6,0,1,0,0,0,0,1,1,6,9,1,0,56,0,3,1,44,unknown,standard,1,0
PAT-00800,chest_pain,1,chronic,1_month,generalized,dull,0,fluctuating,0,0,0,0,0,0,0,0,0,0,158,83,71,23,100.6,96,6,15.4,13.1,163280,139.5,5.3,2.51,113,0.863,45,3.2,2.1,0,0,0,0,0,0,0,0,4,7,0,1,217,4,2,1,68,unknown,standard,0,0
PAT-00801,abdominal_pain,10,chronic,1_hour,abdomen,burning,0,improving,0,0,0,0,0,0,0,0,0,0,124,85,123,17,97.3,98,9,16.6,9.1,179951,132.5,4.6,1.83,262,0.034,825,4.0,2.0,0,0,1,0,1,0,0,4,4,8,0,0,36,1,2,0,63,female,standard,0,0
PAT-00802,fever,9,sudden,1_month,abdomen,sharp,0,fluctuating,0,0,0,0,0,0,0,0,0,0,100,101,108,17,101.5,88,1,9.1,13.6,275400,133.7,3.5,2.35,166,0.22,305,2.2,1.6,0,0,0,0,1,0,0,3,0,5,0,0,285,1,1,1,23,male,standard,0,0
PAT-00803,abdominal_pain,0,gradual,2_hours,abdomen,unknown,0,worsening,1,0,0,0,0,1,0,0,0,0,88,82,68,26,102.3,99,10,8.0,12.9,235451,131.9,3.8,3.41,279,0.655,766,4.2,2.7,0,0,0,0,0,0,0,1,4,4,1,0,240,0,3,1,76,female,standard,2,0
PAT-00804,abdominal_pain,7,sudden,1_hour,generalized,throbbing,0,stable,0,0,0,0,0,0,1,0,0,0,94,97,69,21,98.9,91,5,11.4,12.4,191108,145.4,5.0,1.02,237,1.128,74,2.8,1.1,0,0,0,0,1,0,0,0,0,9,0,0,311,7,0,1,63,male,standard,1,0
PAT-00805,fever,1,sudden,2_hours,abdomen,sharp,0,fluctuating,0,0,0,0,0,0,0,0,0,1,135,104,64,17,97.5,92,3,17.8,9.8,247492,131.1,5.0,1.35,147,0.084,668,3.9,1.4,1,1,0,1,1,0,0,0,5,3,0,0,101,5,2,1,40,female,standard,1,0
PAT-00806,headache,6,sudden,3_days,chest,pressure,0,worsening,1,0,0,0,0,0,0,0,0,0,132,90,76,20,100.5,98,2,15.6,12.5,292509,142.2,4.9,2.17,155,0.697,803,0.9,1.0,0,0,0,1,0,0,0,3,4,8,0,0,165,6,2,1,44,male,standard,1,0
PAT-00807,other,8,sudden,1_hour,generalized,sharp,1,improving,1,0,0,1,0,0,0,0,0,0,160,82,67,18,97.5,93,7,15.3,15.6,304837,135.4,5.0,1.42,236,0.398,43,2.8,1.3,0,1,0,1,0,0,0,0,2,3,1,0,250,0,1,1,20,male,standard,2,0
PAT-00808,abdominal_pain,8,sudden,3_days,arm,dull,0,improving,0,0,0,0,0,0,0,0,1,0,104,73,119,22,99.8,98,3,6.3,9.1,395399,131.3,4.6,3.48,89,0.805,233,4.2,1.8,0,0,0,0,0,0,0,3,6,1,0,0,123,1,1,0,26,female,standard,1,0
PAT-00809,fever,7,gradual,1_week,chest,pressure,0,worsening,0,0,0,0,0,0,0,0,0,0,116,57,68,27,97.3,95,2,16.5,14.0,268479,136.9,3.9,2.72,147,1.144,807,0.8,1.0,0,0,0,0,0,0,0,1,3,8,0,0,42,3,2,1,51,female,standard,0,0
PAT-00810,shortness_of_breath,10,chronic,3_days,generalized,sharp,0,worsening,1,1,0,0,0,1,0,0,0,0,150,66,98,12,98.6,99,10,11.6,9.0,266031,130.0,4.0,1.92,177,0.326,81,4.0,1.4,0,0,0,0,0,0,0,3,3,8,1,0,245,2,2,1,57,unknown,standard,3,0
PAT-00811,chest_pain,9,sudden,3_days,back,pressure,0,improving,0,0,0,0,0,0,0,0,0,0,144,90,93,21,99.6,89,4,16.8,10.9,240526,143.1,4.4,3.23,93,1.147,71,1.1,1.0,0,0,0,0,0,0,0,1,6,5,0,0,168,1,1,1,32,male,standard,0,0
PAT-00812,chest_pain,8,sudden,2_hours,back,throbbing,0,fluctuating,0,0,0,0,0,0,0,0,0,0,95,78,89,20,97.9,93,8,12.9,13.8,326692,138.7,3.8,1.1,149,1.045,657,4.2,2.9,0,1,1,0,0,0,1,2,1,0,0,0,340,5,0,1,79,male,standard,0,0
PAT-00813,abdominal_pain,1,gradual,1_month,arm,sharp,1,worsening,0,1,0,0,0,0,0,0,0,0,104,66,119,17,97.9,94,9,15.6,12.8,345726,137.2,5.2,1.51,159,0.73,353,1.6,2.9,1,0,0,1,0,0,0,0,3,1,0,0,29,0,3,1,50,male,standard,1,0
PAT-00814,headache,5,gradual,1_week,back,unknown,0,fluctuating,0,0,0,0,0,0,0,0,1,0,107,78,81,27,102.4,93,2,5.9,13.8,223042,143.3,4.9,3.38,265,0.911,71,3.5,2.5,0,0,0,1,0,0,0,2,4,9,0,0,74,1,3,1,47,female,standard,1,0
PAT-00815,headache,3,chronic,3_days,abdomen,unknown,0,improving,1,0,0,0,0,0,0,0,0,0,161,55,99,21,97.5,91,8,13.7,16.2,368186,138.3,5.5,2.26,156,1.039,318,0.7,2.3,1,1,0,0,0,1,0,3,1,11,0,0,79,2,1,0,33,male,standard,1,0
PAT-00816,shortness_of_breath,3,gradual,3_days,generalized,aching,0,fluctuating,0,1,0,0,0,0,0,0,0,0,119,82,111,26,101.5,93,3,7.2,16.2,337734,139.5,4.2,3.28,100,0.965,627,1.6,2.7,0,1,0,0,1,0,1,1,1,6,1,0,33,5,0,1,44,unknown,standard,1,0
PAT-00817,abdominal_pain,4,chronic,1_week,chest,dull,0,fluctuating,1,0,0,0,0,0,0,0,0,0,101,70,76,19,102.3,91,9,5.9,15.8,378063,143.0,5.2,3.46,251,0.395,669,2.8,1.5,0,0,0,0,0,0,0,0,2,0,0,1,354,4,1,0,29,male,standard,1,0
PAT-00818,chest_pain,2,sudden,1_week,abdomen,pressure,0,worsening,0,0,0,0,0,0,0,0,1,1,94,75,88,25,98.0,96,3,11.8,12.2,337691,141.5,5.0,1.71,78,0.976,341,1.4,2.6,0,1,0,0,0,0,0,4,6,5,0,0,183,2,3,0,58,male,standard,2,0
PAT-00819,headache,0,sudden,1_hour,back,aching,0,fluctuating,0,0,0,0,0,0,0,0,0,1,122,84,63,27,98.4,88,1,12.2,10.9,256930,140.5,5.1,2.31,268,0.38,346,3.3,1.7,0,1,0,0,0,1,0,0,2,8,0,0,232,4,2,1,41,male,standard,1,0
PAT-00820,abdominal_pain,7,chronic,2_hours,leg,aching,0,fluctuating,0,0,0,0,0,0,0,0,0,1,162,88,104,14,101.2,99,7,10.6,10.4,292806,141.3,4.8,3.07,219,1.041,632,3.0,1.9,0,0,1,1,0,0,0,4,6,5,1,0,31,0,2,1,45,male,standard,1,0
PAT-00821,injury,4,gradual,1_week,unknown,burning,1,fluctuating,0,0,0,0,0,0,0,0,0,0,167,80,108,14,99.2,96,3,4.8,12.9,200226,134.2,4.0,1.46,203,0.31,34,4.2,3.2,0,1,0,1,0,0,0,0,2,10,0,0,331,4,3,0,59,male,standard,0,0
PAT-00822,headache,2,chronic,1_week,chest,pressure,0,improving,1,0,0,0,0,0,0,0,0,0,116,89,112,24,100.2,98,2,7.0,11.9,213807,131.9,3.8,1.95,151,0.689,350,2.7,2.8,0,1,0,0,0,0,0,1,5,6,0,0,6,3,1,1,31,unknown,standard,1,0
PAT-00823,fever,9,gradual,1_day,abdomen,aching,0,improving,0,0,0,0,0,0,0,0,0,1,138,85,116,25,102.5,91,2,6.9,16.5,304047,140.0,3.8,1.13,276,0.833,615,3.4,1.9,0,0,0,0,0,0,0,3,4,3,0,0,13,1,0,1,81,male,standard,1,0
PAT-00824,injury,6,sudden,1_month,generalized,burning,1,stable,0,0,0,1,0,0,0,0,0,1,141,70,92,23,98.1,90,0,8.0,12.6,381778,133.6,4.5,2.53,155,0.514,325,0.9,3.0,0,0,1,0,0,0,0,1,6,10,0,0,119,1,1,1,75,unknown,standard,2,0
PAT-00825,other,6,gradual,1_week,arm,aching,0,improving,0,0,0,0,0,0,0,0,0,0,173,96,81,20,101.1,98,7,12.6,10.8,167634,130.8,5.2,0.71,193,0.941,60,0.8,1.1,0,1,0,0,0,0,0,0,4,9,0,0,92,3,2,1,82,female,standard,0,0
PAT-00826,headache,0,chronic,2_hours,abdomen,dull,1,improving,1,1,0,0,0,0,0,0,0,0,109,83,118,23,103.1,92,10,9.9,13.4,172310,134.1,4.2,1.96,187,1.111,79,2.7,3.0,0,0,0,0,1,0,0,4,5,11,0,0,115,5,1,1,82,female,standard,2,0
PAT-00827,chest_pain,8,chronic,1_month,leg,throbbing,0,stable,1,0,0,0,0,0,0,0,0,0,98,83,57,20,97.6,90,4,17.5,8.4,134083,141.5,4.6,3.3,181,0.228,308,4.1,2.9,1,1,1,1,0,0,0,1,6,0,0,0,275,7,1,1,34,female,standard,1,0
PAT-00828,back_pain,1,sudden,1_month,back,burning,0,stable,0,0,0,0,0,0,0,0,0,1,129,63,65,16,97.6,88,4,3.7,8.9,357537,141.3,4.9,3.21,211,0.045,839,1.6,2.4,1,0,0,0,0,0,0,1,4,10,0,0,262,2,1,1,54,unknown,standard,1,0
PAT-00829,injury,4,gradual,3_days,chest,throbbing,0,worsening,0,0,0,0,0,0,0,0,1,0,128,68,78,16,100.7,95,3,6.6,13.6,164235,144.5,5.2,2.95,169,0.754,697,0.6,1.6,0,1,0,0,0,0,0,4,3,0,0,0,309,0,3,0,72,unknown,standard,1,0
PAT-00830,other,4,gradual,3_days,arm,pressure,0,worsening,0,0,0,0,0,0,0,0,0,0,122,62,83,14,103.2,96,4,11.8,9.0,221047,140.8,4.7,1.1,173,0.725,487,1.8,2.8,0,1,0,0,0,0,1,2,0,7,0,0,150,3,2,1,33,female,standard,0,0
PAT-00831,shortness_of_breath,7,gradual,3_days,chest,dull,0,improving,0,0,0,0,0,0,0,0,0,0,120,56,123,18,98.6,93,4,16.3,14.4,295604,137.0,4.6,2.16,212,0.413,397,3.3,1.5,1,0,0,0,0,0,0,0,2,4,0,0,78,6,3,1,64,female,standard,0,0
PAT-00832,shortness_of_breath,7,sudden,3_days,arm,burning,0,fluctuating,0,0,0,0,0,0,0,0,0,0,172,65,62,18,99.3,89,8,4.0,8.5,183057,134.2,5.5,2.71,251,0.944,211,3.5,1.2,0,1,1,0,0,0,0,1,5,6,0,0,266,1,2,1,70,male,standard,0,0
PAT-00833,chest_pain,6,gradual,1_day,unknown,pressure,0,worsening,0,1,0,0,0,0,0,0,0,0,123,56,73,14,97.8,93,10,16.3,13.0,332447,142.1,5.2,0.98,122,0.992,413,3.4,2.2,0,0,0,0,0,0,0,1,6,8,0,0,25,6,3,1,77,unknown,standard,1,0
PAT-00834,headache,6,chronic,1_week,generalized,aching,0,worsening,0,0,0,0,0,0,0,0,0,0,123,101,122,19,99.5,93,5,10.9,13.8,394354,136.6,4.9,1.11,250,0.402,371,0.9,1.2,1,0,0,0,0,0,0,0,1,2,0,0,283,4,0,1,67,female,standard,0,0
PAT-00835,abdominal_pain,10,gradual,3_days,chest,unknown,1,improving,0,0,0,0,0,0,0,0,0,0,97,72,123,17,97.5,93,8,14.9,14.6,239632,143.0,5.1,0.81,217,0.82,631,3.4,1.7,0,1,0,1,0,0,0,4,1,11,0,1,43,6,1,1,31,unknown,standard,0,0
PAT-00836,headache,5,sudden,1_hour,back,sharp,1,fluctuating,0,0,0,0,0,0,0,0,0,0,150,59,102,14,99.7,97,7,17.3,15.5,226654,143.6,5.5,1.6,119,0.772,334,0.9,2.2,0,0,0,0,0,0,0,0,1,5,0,0,323,2,0,1,31,unknown,standard,0,0
PAT-00837,chest_pain,5,gradual,3_days,generalized,pressure,0,stable,0,0,0,0,0,0,0,0,0,0,118,61,94,17,100.7,98,2,6.6,10.7,265315,135.6,4.4,3.16,76,0.414,159,4.2,1.4,0,1,1,0,0,0,0,3,0,5,0,0,54,2,3,0,71,unknown,standard,0,0
PAT-00838,shortness_of_breath,10,gradual,1_week,generalized,throbbing,1,stable,0,0,0,0,0,0,0,0,0,0,99,77,121,12,103.3,99,1,12.0,14.1,290998,135.5,4.8,2.12,132,1.163,589,1.9,1.9,0,0,0,0,0,1,0,3,6,5,0,0,102,3,1,0,82,female,standard,0,0
PAT-00839,headache,8,chronic,3_days,unknown,dull,1,improving,0,0,0,0,0,0,0,0,0,0,142,73,70,17,102.4,96,5,16.3,8.7,282059,144.6,5.1,3.09,240,0.419,236,3.1,1.6,0,0,0,0,0,0,0,1,4,0,0,0,203,1,1,1,72,female,standard,0,0
PAT-00840,shortness_of_breath,5,gradual,1_day,arm,dull,0,improving,0,1,0,0,0,0,0,0,0,0,143,73,118,18,102.4,91,1,15.7,15.1,239416,136.4,4.2,0.93,77,0.746,28,2.3,1.3,0,1,0,0,0,0,0,3,5,10,0,0,10,1,1,1,55,male,standard,1,0
PAT-00841,injury,1,chronic,2_hours,head,pressure,0,fluctuating,0,0,0,0,0,0,0,0,0,0,150,102,62,15,98.6,89,2,11.1,15.6,354499,141.3,5.4,0.86,187,0.459,464,1.5,2.4,0,0,0,0,0,0,0,0,4,9,0,0,325,0,2,1,34,unknown,standard,0,0
PAT-00842,other,1,chronic,2_hours,chest,aching,1,improving,0,0,0,0,0,0,0,0,0,0,136,73,59,26,97.7,95,2,17.3,14.4,176549,136.0,4.1,2.95,261,0.019,100,2.8,2.3,0,0,1,0,0,1,0,1,4,8,1,1,150,0,0,1,70,unknown,standard,0,0
PAT-00843,abdominal_pain,4,sudden,1_week,chest,sharp,0,improving,1,1,0,0,0,0,0,0,0,1,173,103,79,15,101.0,93,0,13.8,10.4,133641,141.7,3.8,2.09,171,0.115,737,0.7,2.2,0,0,0,0,0,0,0,3,5,8,0,0,295,7,1,1,57,unknown,standard,3,0
PAT-00844,injury,3,chronic,2_hours,abdomen,throbbing,0,improving,0,0,0,0,0,0,0,0,0,0,153,99,107,14,100.5,97,4,11.1,8.5,129421,132.8,4.8,2.02,265,0.283,491,2.4,3.0,0,1,0,0,0,0,0,4,1,7,0,0,51,3,1,1,60,male,standard,0,0
PAT-00845,shortness_of_breath,10,chronic,2_hours,arm,pressure,0,fluctuating,1,0,0,0,0,0,0,0,0,0,89,94,103,16,100.5,88,7,4.3,11.6,364740,143.4,3.4,2.03,168,0.976,636,0.7,3.0,0,0,0,0,0,1,0,3,0,8,0,1,71,5,2,0,64,unknown,standard,1,0
PAT-00846,shortness_of_breath,1,sudden,1_hour,leg,pressure,0,improving,0,1,0,0,0,0,0,0,0,0,127,82,75,23,97.9,93,8,10.6,10.3,156617,145.7,3.5,1.77,117,0.533,782,2.6,2.2,1,0,0,0,1,0,1,4,3,2,0,0,69,3,3,1,70,male,standard,1,0
PAT-00847,back_pain,2,chronic,1_week,head,unknown,1,worsening,0,0,0,0,0,0,0,0,0,0,92,65,105,24,100.3,89,6,9.6,12.5,393560,142.3,5.4,3.18,78,0.708,582,2.2,2.6,0,0,0,0,0,0,0,3,5,4,0,0,135,1,2,1,26,male,standard,0,0
PAT-00848,back_pain,6,sudden,1_week,back,dull,0,fluctuating,0,0,0,0,0,0,0,0,0,1,162,104,100,22,98.1,91,4,7.9,11.3,285288,135.7,3.8,2.16,245,1.133,448,3.8,2.8,0,1,0,0,0,0,0,4,5,8,0,0,214,6,2,1,80,male,standard,1,0
PAT-00849,injury,7,gradual,2_hours,abdomen,throbbing,1,worsening,0,0,0,0,0,0,0,0,0,0,147,65,63,12,99.9,89,7,17.2,9.2,153772,138.9,3.3,3.43,263,0.181,86,4.1,1.2,0,1,0,0,0,0,0,0,5,11,1,0,19,6,2,1,44,male,standard,0,0
PAT-00850,fever,5,sudden,2_hours,unknown,sharp,1,fluctuating,0,0,0,0,0,0,0,0,0,0,152,63,118,17,97.6,91,8,16.9,15.1,307408,140.7,4.3,3.07,160,1.035,389,2.9,2.8,0,0,0,0,0,0,0,0,6,9,0,0,41,5,3,1,42,male,standard,0,0
PAT-00851,injury,10,chronic,2_hours,head,dull,0,worsening,0,0,0,0,0,0,0,0,0,0,119,68,77,13,102.6,94,8,8.4,15.3,333203,133.1,5.2,2.77,123,0.458,380,1.3,0.9,1,1,0,0,0,0,0,2,0,3,0,0,277,3,0,1,76,male,standard,0,0
PAT-00852,back_pain,4,sudden,1_month,arm,pressure,0,fluctuating,0,0,0,0,0,0,0,0,0,0,155,88,114,15,97.3,95,8,9.8,14.9,213472,134.5,4.0,2.48,266,0.408,99,2.5,0.9,0,1,0,0,0,0,0,0,0,7,0,0,119,2,2,1,28,male,standard,0,0
PAT-00853,shortness_of_breath,0,chronic,1_day,head,dull,0,stable,1,0,0,0,0,0,0,0,0,0,174,83,113,25,103.1,90,10,14.4,9.8,128369,142.8,4.2,3.04,94,0.753,549,0.6,1.6,0,0,0,1,0,0,0,3,2,6,1,0,276,4,0,1,30,female,standard,1,0
PAT-00854,chest_pain,7,gradual,3_days,unknown,dull,0,improving,0,0,0,0,0,0,0,0,0,1,116,103,62,17,102.6,88,1,15.6,11.6,216132,145.1,3.6,3.17,159,1.079,762,3.4,2.7,1,0,0,0,0,0,0,1,3,2,0,0,289,1,2,1,49,unknown,standard,1,0
PAT-00855,injury,2,sudden,1_day,generalized,burning,0,improving,0,0,0,0,0,0,0,0,0,0,108,75,118,22,101.9,97,2,5.1,9.5,230765,134.4,4.0,1.07,247,0.422,197,0.7,3.0,0,1,1,0,1,0,0,4,0,0,0,1,220,2,2,0,37,female,standard,0,0
PAT-00856,shortness_of_breath,5,gradual,1_week,chest,dull,1,fluctuating,0,0,0,0,0,0,0,0,0,0,134,102,108,22,103.4,88,1,10.6,13.7,193731,132.4,5.4,1.71,219,0.915,673,3.5,1.8,1,1,0,0,0,0,0,0,3,0,0,0,24,4,1,1,34,female,standard,0,0
PAT-00857,chest_pain,2,chronic,1_hour,generalized,aching,0,worsening,0,0,0,0,0,0,0,0,0,0,143,59,69,17,97.5,97,10,16.8,14.8,133178,145.7,5.2,2.96,140,0.028,669,1.6,2.4,0,1,0,1,0,0,0,1,0,9,0,0,352,1,1,1,40,male,standard,0,1
PAT-00858,chest_pain,6,chronic,3_days,chest,dull,0,stable,0,0,0,0,0,0,0,0,0,0,149,87,106,23,101.2,98,10,13.1,12.9,382161,135.1,4.9,1.32,224,0.75,409,1.5,2.0,0,0,0,1,0,0,0,4,3,3,1,0,153,1,0,1,21,male,standard,0,0
PAT-00859,back_pain,6,gradual,1_hour,abdomen,aching,0,worsening,0,0,0,0,0,0,0,0,0,0,122,63,105,21,102.6,94,4,11.4,12.6,307386,142.5,5.0,2.34,252,0.759,790,0.9,1.5,1,0,0,0,0,0,0,4,5,6,0,0,155,1,3,0,28,female,standard,0,0
PAT-00860,injury,8,sudden,1_month,unknown,throbbing,1,improving,0,0,0,0,0,0,0,0,0,0,122,57,58,18,98.0,99,2,13.9,14.1,157095,136.1,4.7,2.89,272,0.669,644,3.1,2.9,1,0,0,0,0,0,0,4,3,11,0,1,332,2,0,1,83,female,standard,0,0
PAT-00861,headache,4,sudden,1_week,arm,dull,0,improving,0,0,0,0,0,0,0,0,0,0,105,68,88,12,100.9,88,8,13.1,9.0,318433,145.2,3.5,1.33,99,1.126,617,1.9,2.2,1,1,0,0,0,0,0,0,3,11,0,0,115,6,1,1,33,female,standard,0,0
PAT-00862,abdominal_pain,7,chronic,1_month,arm,sharp,1,worsening,0,0,0,0,0,0,0,0,0,0,107,72,78,23,99.7,90,1,17.2,10.1,144623,139.6,3.5,1.83,201,1.127,405,0.9,2.5,0,1,1,1,0,0,0,4,2,11,0,0,315,7,2,1,54,male,standard,0,0
PAT-00863,back_pain,9,gradual,1_week,head,aching,0,fluctuating,0,0,0,0,0,0,0,0,1,1,130,66,75,27,99.9,98,4,16.7,10.7,126206,136.6,4.4,3.26,204,0.414,762,1.8,2.3,0,0,0,0,0,0,0,2,4,1,0,0,193,1,1,1,62,female,standard,2,0
PAT-00864,back_pain,9,gradual,1_hour,abdomen,aching,0,fluctuating,1,0,0,0,0,0,0,0,0,0,153,77,56,17,102.9,92,4,9.3,12.5,372173,132.9,4.6,1.7,245,0.55,120,3.9,1.1,0,1,0,0,1,0,0,0,0,5,0,0,41,3,3,0,49,male,standard,1,0
PAT-00865,headache,7,sudden,1_hour,arm,pressure,0,worsening,1,0,0,0,0,1,0,0,0,0,114,68,61,20,100.6,98,4,4.0,16.3,401689,134.1,5.4,2.39,219,0.952,160,0.7,2.8,0,0,0,0,1,0,0,1,2,5,1,0,277,3,2,0,83,female,standard,2,0
PAT-00866,abdominal_pain,0,sudden,1_hour,leg,throbbing,0,improving,1,0,0,0,0,0,0,0,0,0,124,70,110,19,97.8,92,0,8.3,15.3,154815,143.7,4.2,1.91,147,1.013,563,3.0,1.0,0,0,0,0,0,0,1,2,0,5,1,0,336,7,2,0,50,female,standard,1,0
PAT-00867,shortness_of_breath,4,sudden,1_week,leg,dull,0,worsening,0,0,0,0,0,0,0,0,0,0,166,91,122,19,103.1,98,9,6.4,10.1,127766,130.9,5.3,3.16,222,0.504,518,2.4,2.5,1,1,0,0,0,0,0,2,0,2,0,0,310,5,2,1,60,unknown,standard,0,0
PAT-00868,fever,2,gradual,2_hours,generalized,unknown,0,improving,0,0,0,1,0,1,0,0,0,0,154,74,89,22,98.4,91,6,5.4,10.0,258320,132.5,5.5,1.89,239,0.422,441,2.8,1.2,1,0,0,0,0,0,0,0,1,6,0,0,277,6,2,1,69,female,standard,2,0
PAT-00869,injury,0,sudden,1_hour,chest,sharp,0,worsening,0,0,0,0,0,0,0,0,0,0,153,74,80,25,102.8,95,1,16.4,11.7,144745,133.1,5.1,1.71,254,0.986,408,2.0,2.2,0,0,0,0,0,0,0,4,6,11,0,0,362,2,1,1,73,female,standard,0,0
PAT-00870,fever,3,sudden,1_month,head,pressure,0,fluctuating,0,0,0,0,0,0,0,0,0,0,126,69,72,17,103.3,90,1,13.8,16.3,398175,131.1,4.1,1.19,153,0.455,157,2.3,1.2,0,1,0,0,0,0,0,2,5,1,0,0,303,2,0,1,30,male,standard,0,0
PAT-00871,shortness_of_breath,7,chronic,3_days,back,throbbing,0,stable,0,1,0,0,0,0,0,0,0,0,102,95,118,15,102.7,95,8,4.0,9.3,214306,141.0,4.9,1.68,100,0.489,200,3.3,3.1,0,1,0,0,0,0,0,3,1,1,1,0,156,1,0,1,80,unknown,standard,1,0
PAT-00872,other,2,sudden,1_week,unknown,aching,1,improving,1,0,0,0,0,0,0,0,0,1,143,79,110,12,101.5,93,0,16.8,16.1,173930,145.7,4.5,2.57,227,0.167,742,2.3,1.9,0,1,0,0,1,0,0,1,2,0,0,0,294,6,0,1,62,unknown,standard,2,0
PAT-00873,back_pain,9,sudden,1_month,chest,sharp,0,stable,0,0,0,0,0,0,0,0,0,0,97,71,109,16,101.9,91,8,16.6,9.6,335182,132.2,3.7,1.19,138,0.654,437,2.0,2.7,0,1,1,0,0,0,0,3,0,10,0,0,228,7,0,1,33,female,standard,0,0
PAT-00874,abdominal_pain,1,gradual,1_day,abdomen,dull,0,fluctuating,0,0,0,0,0,0,0,0,0,0,168,66,66,24,101.6,97,5,17.3,15.5,290355,142.8,3.5,2.68,233,0.395,561,1.6,2.7,0,1,0,0,1,1,0,0,2,5,0,0,245,3,2,0,73,unknown,standard,0,0
PAT-00875,back_pain,10,gradual,1_day,arm,unknown,1,worsening,0,0,0,0,0,0,0,0,0,0,105,99,91,16,100.1,98,4,15.5,15.1,403751,132.8,3.4,0.73,232,0.711,670,2.2,1.2,1,0,0,0,0,0,1,2,4,10,0,0,92,1,2,1,82,male,standard,0,0
PAT-00876,chest_pain,8,chronic,3_days,chest,burning,1,fluctuating,0,0,0,0,0,0,0,0,0,0,152,96,106,25,98.9,90,4,4.6,15.5,290711,145.6,4.0,1.73,187,0.541,617,2.7,2.2,0,1,0,0,0,0,0,4,4,7,0,0,245,5,0,0,30,female,standard,0,0
PAT-00877,back_pain,9,sudden,2_hours,back,burning,1,stable,0,1,1,0,0,0,0,0,0,0,161,93,73,18,99.0,97,4,12.5,15.6,127203,138.1,4.8,2.0,212,0.899,177,1.9,3.2,0,1,0,0,0,0,0,4,6,10,0,1,260,5,0,1,70,male,standard,2,0
PAT-00878,back_pain,4,chronic,1_hour,back,throbbing,0,fluctuating,0,0,0,0,0,1,1,0,0,1,166,61,69,12,101.8,99,5,4.7,9.9,349071,143.6,5.3,0.97,240,0.337,532,3.8,1.8,0,1,1,0,0,0,0,2,1,3,1,0,226,4,3,1,34,unknown,standard,3,0
PAT-00879,shortness_of_breath,6,gradual,1_week,leg,unknown,1,fluctuating,0,0,1,0,0,1,0,0,1,0,161,62,106,24,101.1,97,6,13.8,14.6,338065,132.7,3.9,2.62,183,0.211,25,4.2,1.1,0,0,0,0,0,0,0,2,1,3,0,0,318,1,1,1,67,female,standard,3,0
PAT-00880,shortness_of_breath,10,chronic,1_month,abdomen,sharp,0,worsening,0,0,0,0,0,0,0,0,0,0,161,78,80,22,100.9,89,10,6.4,13.8,361406,144.2,4.4,0.99,198,0.845,609,1.3,2.7,0,0,0,1,1,0,0,4,2,6,0,0,128,5,2,1,57,unknown,standard,0,0
PAT-00881,shortness_of_breath,10,gradual,1_hour,chest,pressure,0,stable,0,0,0,1,0,0,0,0,0,0,145,101,99,17,101.3,93,8,17.1,15.5,131202,131.3,4.3,0.95,159,0.464,715,2.9,2.3,0,1,0,0,0,0,0,1,6,7,0,0,346,5,2,1,60,male,standard,1,0
PAT-00882,fever,1,chronic,1_month,head,sharp,1,stable,0,0,0,0,0,0,0,0,0,1,122,79,75,26,102.1,88,1,17.0,12.2,365549,130.4,3.5,1.73,172,0.679,214,1.3,2.5,1,0,0,0,0,0,0,0,4,11,0,0,260,3,3,1,69,unknown,standard,1,0
PAT-00883,chest_pain,8,chronic,1_week,chest,unknown,0,stable,1,0,0,0,0,0,0,0,0,0,124,75,107,18,101.9,97,3,12.1,11.5,171689,141.3,4.9,2.77,230,1.13,77,2.5,2.1,1,1,0,1,0,0,1,1,5,1,1,0,260,6,3,1,33,female,standard,1,0
PAT-00884,other,8,sudden,1_day,leg,aching,0,improving,0,0,0,0,0,0,0,0,0,0,111,104,83,12,97.9,95,10,14.4,14.2,206780,131.7,4.4,3.4,190,0.583,226,2.0,1.5,1,0,0,0,0,0,0,4,6,4,0,0,97,2,3,1,60,unknown,standard,0,0
PAT-00885,other,3,chronic,1_hour,generalized,burning,0,fluctuating,0,0,0,1,0,0,0,0,0,0,142,87,102,26,99.5,92,4,15.9,10.3,141668,143.9,5.3,2.87,226,0.187,626,1.5,2.0,0,0,1,0,0,0,0,0,4,2,0,0,88,4,1,1,68,male,standard,1,0
PAT-00886,shortness_of_breath,3,sudden,3_days,back,throbbing,1,stable,1,1,0,0,0,0,0,0,0,0,174,64,73,14,98.9,94,5,9.1,15.0,171793,139.9,5.1,2.0,231,0.515,275,1.8,2.2,0,0,1,0,0,0,0,0,2,7,0,0,276,5,2,1,82,female,standard,2,0
PAT-00887,abdominal_pain,5,sudden,2_hours,abdomen,dull,0,fluctuating,0,0,0,0,0,0,0,0,0,0,160,76,108,21,100.6,99,6,11.9,10.4,185436,135.3,3.8,1.46,155,0.577,529,1.0,1.4,0,0,1,1,0,0,0,4,4,0,0,0,204,3,3,0,77,male,standard,0,0
PAT-00888,fever,9,sudden,3_days,abdomen,sharp,0,worsening,0,1,0,0,0,0,0,0,0,1,150,73,56,20,97.6,99,2,6.1,8.4,278692,134.4,3.9,1.54,177,0.92,166,0.9,2.9,0,1,0,1,0,0,0,4,1,6,0,1,134,2,3,1,41,female,standard,2,0
PAT-00889,headache,9,sudden,2_hours,head,burning,0,worsening,0,0,0,0,1,0,0,0,0,1,127,83,86,24,102.0,94,2,17.8,12.7,138219,131.3,4.4,1.49,91,0.238,849,2.2,1.8,0,0,0,0,0,0,0,2,2,10,0,0,220,0,0,1,71,female,standard,2,0
PAT-00890,abdominal_pain,9,chronic,1_month,abdomen,pressure,0,improving,0,0,0,0,0,0,0,0,0,0,104,57,116,19,97.9,98,8,17.0,15.1,375836,141.0,3.5,1.48,175,0.42,238,3.5,2.5,0,0,0,0,0,0,0,2,3,5,0,1,212,4,0,1,63,male,standard,0,0
PAT-00891,injury,5,gradual,1_hour,leg,throbbing,1,improving,0,0,0,0,0,0,0,0,0,0,119,93,61,24,98.9,97,8,10.5,13.9,267267,144.7,3.8,0.89,144,0.065,190,3.1,3.1,0,0,0,0,0,0,0,2,6,1,0,0,134,5,2,0,37,male,standard,0,0
PAT-00892,injury,0,gradual,1_hour,leg,dull,0,worsening,0,0,0,0,0,0,0,0,0,0,139,58,122,25,102.1,93,1,11.5,16.4,256267,142.1,5.1,1.32,138,0.844,536,2.7,1.9,0,1,0,0,0,0,0,4,3,5,0,1,302,1,3,1,66,male,standard,0,0
PAT-00893,abdominal_pain,8,gradual,2_hours,leg,sharp,0,stable,0,0,0,0,0,0,0,0,0,0,158,91,76,21,97.5,92,3,9.8,9.2,374284,139.9,3.6,1.0,180,0.894,147,2.1,2.0,1,0,0,0,1,0,0,1,6,7,0,0,255,2,3,0,31,unknown,standard,0,0
PAT-00894,shortness_of_breath,1,chronic,1_day,abdomen,pressure,1,worsening,0,0,0,0,0,0,0,0,0,0,156,85,83,17,101.4,89,3,3.5,10.9,182349,131.9,4.5,0.72,175,0.551,65,2.3,1.3,0,1,0,0,0,0,0,0,5,11,0,0,244,1,2,1,18,male,standard,0,0
PAT-00895,headache,4,sudden,1_week,abdomen,dull,0,fluctuating,1,0,0,0,0,0,0,0,0,0,124,60,57,19,103.0,90,4,6.8,11.2,402445,143.2,4.1,1.5,233,0.648,822,0.7,1.8,0,0,1,0,0,0,0,1,3,0,0,0,8,6,2,1,70,male,standard,1,0
PAT-00896,headache,8,gradual,3_days,leg,aching,0,improving,0,0,0,0,0,0,0,0,0,0,130,82,76,23,101.1,90,1,5.0,8.5,200585,145.4,3.7,1.69,131,0.901,375,4.0,2.1,0,0,1,0,0,0,0,3,4,7,0,0,14,1,1,1,49,unknown,standard,0,0
PAT-00897,fever,3,chronic,1_month,abdomen,burning,1,improving,0,0,0,0,0,0,0,0,1,0,163,64,107,13,101.7,92,10,8.2,8.4,405008,134.2,5.4,3.3,222,0.326,120,1.7,1.4,0,0,0,0,0,0,0,1,1,9,1,1,119,2,3,1,21,female,standard,1,0
PAT-00898,headache,10,sudden,3_days,unknown,aching,0,worsening,0,0,0,0,0,0,0,0,0,0,126,66,111,24,102.2,89,10,6.9,8.3,300804,136.7,5.1,3.49,248,0.73,655,3.9,1.0,0,0,0,0,0,0,0,3,6,0,0,0,283,0,0,1,33,unknown,standard,0,0
PAT-00899,injury,2,gradual,3_days,abdomen,burning,0,stable,0,0,0,0,1,0,0,0,0,0,102,100,64,27,98.6,98,3,14.5,11.5,217185,130.2,3.8,2.32,204,1.157,746,3.2,1.5,0,0,0,0,0,0,0,3,1,8,0,0,210,4,1,1,47,female,standard,1,0
PAT-00900,chest_pain,6,sudden,1_month,unknown,pressure,0,stable,1,0,0,0,0,0,0,0,0,0,99,56,94,24,100.9,88,10,10.8,15.2,133376,143.3,5.0,3.22,179,0.791,791,2.6,2.5,0,0,0,0,0,1,0,0,4,0,0,0,78,0,1,1,37,female,standard,1,0
PAT-00901,shortness_of_breath,5,gradual,1_month,back,aching,1,fluctuating,1,0,0,0,0,0,0,0,1,0,167,57,74,23,99.1,91,2,15.3,14.0,154330,130.3,3.2,2.43,156,0.098,464,2.2,2.9,0,1,0,0,0,0,0,0,1,7,0,0,320,3,1,1,77,male,standard,2,0
PAT-00902,headache,7,gradual,1_hour,chest,burning,1,improving,0,0,0,0,0,0,0,0,0,0,172,55,65,18,98.8,97,10,12.7,11.8,264295,137.8,3.8,2.09,124,0.352,277,1.8,1.2,0,0,0,0,0,0,0,3,6,7,0,0,287,0,2,1,50,male,standard,0,0
PAT-00903,fever,2,gradual,3_days,arm,throbbing,1,worsening,1,0,0,0,0,0,0,0,0,1,150,89,62,13,98.4,90,5,13.0,10.2,194165,139.2,3.4,0.82,262,0.625,120,2.9,2.4,0,0,0,0,0,0,0,4,6,9,0,0,96,5,1,1,32,unknown,standard,2,0
PAT-00904,injury,4,sudden,1_week,unknown,pressure,1,worsening,0,0,0,0,0,0,0,0,1,0,97,78,90,14,100.9,98,3,16.2,8.1,237876,130.9,4.2,0.82,115,0.092,182,4.1,1.7,0,0,0,0,1,0,0,3,2,8,1,0,82,0,1,1,74,male,standard,1,0
PAT-00905,chest_pain,9,chronic,1_week,unknown,burning,1,improving,1,0,0,0,1,0,0,0,0,0,141,101,79,13,102.2,90,0,15.8,9.5,416902,132.8,4.7,0.79,164,0.814,577,3.5,1.6,0,1,0,0,0,0,0,2,2,9,0,0,267,0,3,1,32,female,standard,2,0
PAT-00906,back_pain,3,sudden,2_hours,abdomen,sharp,1,worsening,0,1,0,0,0,0,0,0,0,0,93,102,93,22,102.7,99,2,4.4,11.3,368822,142.7,3.6,1.12,150,0.787,23,2.0,1.9,1,1,0,0,0,0,0,0,4,11,0,0,43,6,1,1,37,unknown,standard,1,0
PAT-00907,back_pain,3,gradual,1_month,arm,burning,0,improving,0,0,1,1,0,0,0,0,0,0,150,88,116,16,99.9,97,7,11.9,11.1,182560,134.0,3.7,0.92,272,1.052,782,2.3,2.9,0,1,0,0,0,0,0,1,1,9,0,0,202,6,3,1,59,male,standard,2,0
PAT-00908,chest_pain,3,sudden,1_hour,generalized,aching,0,stable,0,0,1,0,1,0,0,0,0,0,100,74,75,24,99.5,98,2,9.5,10.2,352757,141.6,4.1,1.25,219,0.602,403,2.3,2.2,0,0,0,0,1,0,0,0,4,3,0,0,295,1,3,1,58,female,standard,2,0
PAT-00909,injury,9,chronic,1_week,arm,throbbing,0,stable,0,0,0,0,0,0,0,0,0,0,86,70,73,21,101.5,93,6,12.2,16.5,290145,142.0,4.7,2.15,212,0.832,463,1.5,2.4,0,0,1,0,0,0,0,4,1,2,0,0,158,1,3,1,32,unknown,standard,0,0
PAT-00910,fever,7,sudden,1_day,back,dull,0,worsening,0,0,0,0,0,0,0,0,0,0,100,84,79,16,102.1,99,1,16.0,11.8,173810,136.5,3.9,2.11,164,0.223,579,3.7,1.2,0,0,1,0,0,0,0,2,6,3,0,1,328,7,3,0,29,female,standard,0,0
PAT-00911,chest_pain,5,chronic,1_hour,unknown,dull,0,stable,1,0,0,1,0,0,0,0,0,0,156,101,59,17,98.8,96,4,3.7,10.3,201728,131.0,4.6,1.66,189,0.008,395,3.1,1.2,0,0,0,0,0,0,0,4,1,7,0,0,142,6,0,1,36,male,standard,2,0
PAT-00912,shortness_of_breath,2,chronic,1_hour,abdomen,burning,0,stable,1,1,0,0,0,0,1,0,0,0,85,93,66,26,99.1,97,6,3.7,11.5,142269,130.2,4.0,2.56,269,0.211,535,2.8,2.1,0,0,0,1,0,0,0,1,5,3,0,0,17,2,2,0,30,female,standard,3,0
PAT-00913,shortness_of_breath,9,sudden,1_week,leg,dull,0,fluctuating,0,0,0,0,0,0,0,0,0,0,166,79,79,17,100.6,97,0,4.4,10.4,274964,137.9,3.8,1.8,244,0.079,729,2.2,2.6,1,0,0,0,0,0,0,0,6,8,0,0,303,1,0,1,50,unknown,standard,0,0
PAT-00914,back_pain,4,gradual,1_day,arm,burning,0,improving,0,0,0,0,0,0,0,0,0,0,110,59,59,27,100.0,98,10,16.2,11.0,165575,131.1,5.2,1.32,218,0.516,582,1.5,1.3,0,1,1,1,1,0,0,1,2,2,0,0,121,2,1,1,24,female,standard,0,0
PAT-00915,headache,5,chronic,2_hours,abdomen,throbbing,1,improving,1,0,0,0,0,0,0,0,0,0,128,83,81,26,101.6,89,0,8.6,9.1,147037,141.6,4.1,2.64,240,0.565,36,2.9,2.2,0,0,0,0,0,0,0,2,2,4,0,0,16,0,2,1,61,female,standard,1,0
PAT-00916,fever,4,sudden,1_week,head,dull,1,worsening,0,0,0,0,0,0,0,0,0,0,89,91,58,18,100.4,92,10,8.9,8.0,125383,136.1,5.3,3.44,216,0.775,279,1.5,3.0,0,1,0,0,0,0,0,1,5,7,0,0,174,5,2,0,35,male,standard,0,0
PAT-00917,back_pain,5,chronic,1_day,generalized,aching,1,improving,0,0,0,0,0,0,0,0,0,1,105,82,99,25,97.9,89,7,8.5,12.2,202811,140.9,3.9,2.97,238,0.173,361,0.6,2.1,0,0,0,0,0,0,0,3,2,7,0,0,164,6,0,1,78,male,standard,1,0
PAT-00918,headache,7,gradual,1_hour,leg,aching,1,fluctuating,0,0,0,0,0,0,0,0,0,0,119,95,101,19,98.2,93,1,6.8,12.2,156186,136.5,4.4,1.86,215,0.262,716,0.8,2.0,0,0,1,0,0,0,0,2,0,0,0,0,148,1,1,1,65,female,standard,0,0
PAT-00919,headache,6,sudden,1_day,head,sharp,0,worsening,0,1,0,0,0,0,0,0,0,0,138,77,82,15,102.9,88,10,4.1,9.3,179127,140.1,3.3,1.75,261,0.959,666,3.1,2.2,0,1,0,0,0,1,0,4,5,6,0,0,167,6,3,1,42,female,standard,1,0
PAT-00920,other,4,sudden,1_hour,head,burning,0,worsening,0,0,0,0,0,0,0,1,0,0,174,86,89,20,98.6,88,3,16.6,15.1,134798,143.3,4.8,0.81,229,0.694,257,2.0,2.5,0,1,0,0,0,0,0,4,6,11,0,0,127,1,3,1,78,unknown,standard,1,0
PAT-00921,shortness_of_breath,9,sudden,1_week,arm,dull,0,improving,0,0,0,0,0,0,0,0,0,0,134,100,70,14,97.5,96,2,6.9,9.6,306292,144.2,5.0,2.54,82,0.04,510,1.3,1.6,0,0,0,0,1,0,0,1,4,4,0,0,95,3,2,0,51,unknown,standard,0,0
PAT-00922,injury,5,gradual,1_month,head,aching,0,stable,0,1,0,0,0,0,0,0,0,0,128,72,66,16,101.8,97,4,16.5,14.5,173446,130.3,5.4,1.32,161,1.019,180,1.5,1.7,0,0,0,0,0,0,0,2,3,11,0,1,342,4,3,1,47,unknown,standard,1,0
PAT-00923,abdominal_pain,3,chronic,1_week,back,unknown,0,stable,0,0,0,0,0,0,0,0,0,1,169,95,97,26,101.5,92,1,17.4,9.6,137483,140.3,5.1,2.61,127,0.758,507,2.4,1.3,0,0,0,1,0,0,0,1,1,3,0,0,173,4,3,1,76,unknown,standard,1,0
PAT-00924,injury,8,sudden,3_days,back,throbbing,0,stable,1,1,0,0,0,0,0,0,0,0,88,89,82,26,101.0,96,5,11.9,10.4,304177,139.0,3.9,2.83,277,0.228,215,3.9,3.1,0,0,0,0,0,0,0,3,0,0,0,0,250,6,1,1,74,female,standard,2,0
PAT-00925,abdominal_pain,3,chronic,3_days,arm,throbbing,0,stable,0,0,0,0,0,0,0,0,0,0,126,97,73,14,100.4,99,7,8.9,10.3,269923,140.2,4.5,3.16,207,0.306,147,1.6,1.0,0,0,1,0,0,0,0,2,5,3,0,0,307,0,1,0,80,female,standard,0,0
PAT-00926,chest_pain,0,chronic,3_days,abdomen,unknown,0,fluctuating,0,0,0,0,0,0,1,0,0,0,125,78,122,26,103.3,99,4,14.6,10.0,239653,130.9,4.6,2.24,207,0.666,459,3.0,2.0,1,0,0,0,0,0,1,0,2,2,0,0,143,0,1,1,64,unknown,standard,1,0
PAT-00927,shortness_of_breath,6,gradual,1_week,chest,unknown,1,worsening,0,0,0,0,0,0,0,0,0,0,120,101,109,13,98.0,95,6,3.9,16.1,209450,131.1,3.3,3.02,156,0.675,300,3.6,2.5,1,0,0,1,0,1,0,4,4,0,0,1,363,6,2,1,56,unknown,standard,0,0
PAT-00928,headache,6,sudden,2_hours,abdomen,sharp,0,stable,0,0,0,0,0,0,0,0,0,0,108,82,90,23,100.4,96,4,17.0,10.2,246557,138.0,3.4,2.72,122,0.967,103,2.4,2.5,0,0,0,0,1,0,0,1,6,8,0,0,248,4,1,0,33,unknown,standard,0,0
PAT-00929,fever,3,chronic,1_week,abdomen,throbbing,0,fluctuating,0,0,1,0,0,0,0,0,0,1,89,90,116,22,100.8,96,5,9.4,12.1,262781,130.9,3.9,1.69,98,0.434,377,0.7,2.3,1,0,1,0,0,0,0,3,1,6,1,0,267,2,1,1,37,male,standard,2,0
PAT-00930,abdominal_pain,2,sudden,1_month,abdomen,throbbing,0,worsening,0,0,0,0,0,0,0,0,0,0,141,75,93,16,97.3,95,8,8.0,14.2,171602,142.4,4.9,1.0,275,0.661,182,3.5,1.7,1,0,0,0,1,0,0,4,1,6,1,0,67,2,0,0,35,male,standard,0,0
PAT-00931,injury,7,sudden,1_day,abdomen,dull,0,improving,0,0,0,0,0,0,0,0,0,0,151,59,95,20,99.8,90,10,5.3,10.7,371921,142.4,3.9,1.38,277,0.701,348,3.8,1.1,0,1,0,0,1,0,0,2,0,1,0,0,353,4,3,0,47,male,standard,0,0
PAT-00932,headache,4,gradual,1_week,leg,burning,0,improving,0,0,0,0,0,0,0,0,0,0,95,80,114,17,102.1,94,9,17.3,8.1,293739,131.9,5.2,3.06,116,0.673,625,0.7,3.0,0,1,0,0,0,0,0,4,2,10,0,0,132,3,1,1,53,female,standard,0,0
PAT-00933,abdominal_pain,9,sudden,1_week,chest,pressure,0,fluctuating,0,1,0,0,0,0,0,0,0,0,129,104,120,15,100.2,91,10,15.3,14.5,327216,137.3,4.7,2.2,211,0.092,442,1.0,1.3,0,1,1,0,0,0,1,4,3,6,0,0,243,1,2,1,42,male,standard,1,0
PAT-00934,abdominal_pain,6,sudden,1_hour,leg,throbbing,0,worsening,0,0,0,0,0,0,0,0,0,0,106,77,113,18,102.7,95,0,14.0,10.4,286547,139.5,4.3,2.56,266,0.496,42,0.9,3.0,0,0,0,0,0,0,0,0,1,3,0,0,277,3,0,1,62,male,standard,0,0
PAT-00935,other,3,chronic,1_hour,head,throbbing,1,stable,0,0,0,0,0,0,0,0,1,0,95,98,94,21,101.3,94,9,17.0,15.4,316637,143.8,4.4,2.96,271,0.41,414,1.4,1.4,0,0,0,0,1,0,0,0,6,3,0,0,247,3,0,1,57,unknown,standard,1,0
PAT-00936,abdominal_pain,3,gradual,1_hour,generalized,pressure,0,worsening,0,0,0,0,0,0,0,0,0,1,122,87,73,16,102.0,99,8,17.4,12.2,342379,145.8,4.0,2.57,196,1.191,98,2.4,1.1,1,1,0,0,0,0,0,3,2,8,1,0,246,3,0,0,21,male,standard,1,0
PAT-00937,fever,7,sudden,1_week,abdomen,throbbing,1,stable,1,0,0,0,0,0,0,0,0,1,143,80,109,23,102.3,96,2,7.4,13.3,164281,130.3,5.4,3.1,165,0.561,770,0.7,1.1,0,0,0,0,0,0,0,3,6,3,0,0,157,1,0,1,83,female,standard,2,0
PAT-00938,shortness_of_breath,7,chronic,2_hours,generalized,dull,1,fluctuating,0,1,0,0,0,0,1,0,0,0,170,76,100,18,101.5,95,9,14.9,16.1,395946,137.6,3.6,0.94,213,0.525,136,1.2,1.7,0,0,0,0,0,0,0,1,0,2,0,0,63,2,1,1,43,male,standard,2,0
PAT-00939,fever,1,gradual,1_day,back,dull,0,stable,0,0,0,0,0,0,0,0,0,0,88,74,58,27,101.9,90,2,14.6,15.4,234734,142.9,5.2,3.23,211,0.583,809,2.1,1.2,0,1,0,0,0,0,1,0,6,4,1,0,234,2,0,0,55,unknown,standard,0,0
PAT-00940,back_pain,1,gradual,1_day,arm,pressure,0,fluctuating,0,0,0,0,0,0,0,0,1,0,151,56,116,24,101.6,92,3,11.6,14.7,308714,142.7,4.8,2.98,151,1.104,356,2.9,2.0,1,0,0,0,1,0,0,2,4,5,0,0,41,2,1,1,72,male,standard,1,0
PAT-00941,headache,2,chronic,1_month,arm,aching,0,worsening,1,0,0,0,0,0,0,0,0,0,94,95,79,13,100.7,90,7,5.7,12.5,359114,138.7,4.8,3.23,135,0.736,287,3.9,1.9,0,0,0,0,0,0,0,1,5,7,0,0,78,7,2,1,74,unknown,standard,1,0
PAT-00942,shortness_of_breath,2,chronic,2_hours,leg,throbbing,0,worsening,0,0,0,0,1,0,0,0,0,0,103,72,117,13,100.8,98,0,17.1,9.4,139925,132.9,5.1,2.75,157,0.47,262,3.6,2.8,0,0,0,1,0,0,0,2,6,3,0,0,186,7,1,1,79,unknown,standard,1,0
PAT-00943,other,0,chronic,2_hours,leg,aching,0,stable,0,0,0,0,0,0,0,0,0,0,166,59,124,20,98.4,99,3,8.1,15.1,184786,138.9,3.5,1.47,146,1.096,438,0.8,2.5,0,0,0,0,0,0,0,0,4,8,0,1,112,5,0,1,31,unknown,standard,0,0
PAT-00944,shortness_of_breath,2,chronic,1_day,back,throbbing,0,worsening,0,0,0,0,0,0,0,0,0,1,112,86,67,26,102.4,96,6,11.9,8.8,337474,136.3,4.8,1.02,129,1.116,309,4.1,2.5,1,0,1,0,0,0,0,2,0,2,1,0,115,3,1,1,58,unknown,standard,1,0
PAT-00945,shortness_of_breath,5,chronic,3_days,abdomen,burning,0,stable,0,0,1,0,0,0,0,0,0,0,101,100,58,26,99.2,88,2,3.8,15.5,330435,136.5,5.0,1.06,270,0.321,148,1.6,2.3,1,0,1,0,0,0,0,2,3,4,0,0,254,0,2,1,62,male,standard,1,0
PAT-00946,injury,7,sudden,1_hour,generalized,throbbing,1,worsening,0,0,0,0,0,0,0,0,0,0,108,65,56,15,100.6,94,6,9.7,14.5,174949,135.3,5.5,2.1,182,0.475,268,1.9,1.0,0,0,0,0,0,0,0,0,4,10,1,0,16,3,2,0,67,female,standard,0,0
PAT-00947,shortness_of_breath,9,sudden,1_hour,unknown,dull,1,improving,0,0,0,0,0,0,0,0,0,0,85,75,121,12,98.8,96,10,12.4,14.8,130695,132.3,4.9,1.79,99,1.16,179,0.9,2.6,0,1,0,0,0,0,0,0,0,2,0,0,269,6,0,1,76,unknown,standard,0,0
PAT-00948,other,5,gradual,1_day,generalized,sharp,1,stable,0,0,0,0,0,0,0,0,1,0,89,76,84,20,101.6,90,4,9.0,11.2,320865,141.8,5.4,2.53,201,0.652,427,4.0,1.7,1,0,0,0,0,0,0,4,4,5,1,0,292,0,0,1,69,unknown,standard,1,0
PAT-00949,fever,4,sudden,2_hours,chest,unknown,0,fluctuating,1,0,0,1,0,0,0,0,0,0,116,57,58,26,103.3,94,9,10.4,8.7,284178,141.3,5.2,2.11,273,0.521,474,2.6,2.8,0,0,0,0,0,0,0,2,0,2,0,0,243,1,1,1,53,male,standard,2,0
PAT-00950,shortness_of_breath,3,sudden,1_month,head,sharp,1,improving,0,0,0,0,0,0,0,0,0,0,137,63,102,12,102.3,94,10,6.3,14.2,231652,138.7,5.2,1.05,130,0.239,528,2.5,1.5,0,0,0,0,0,0,0,1,4,6,0,0,86,4,1,0,43,male,standard,0,0
PAT-00951,chest_pain,2,sudden,3_days,arm,sharp,0,fluctuating,0,0,0,0,0,0,0,0,0,0,165,56,97,25,101.1,98,8,8.6,16.3,246175,135.7,5.3,0.71,101,0.464,351,0.7,2.4,1,0,0,0,0,0,0,3,6,11,0,0,111,3,3,1,27,female,standard,0,0
PAT-00952,headache,3,chronic,1_day,head,sharp,0,worsening,0,0,0,0,0,0,0,0,0,0,141,100,99,26,100.8,89,7,14.0,15.3,244843,143.2,4.4,1.06,225,0.759,260,0.6,2.3,0,0,0,0,0,0,0,4,3,10,0,0,165,6,3,1,76,unknown,standard,0,0
PAT-00953,shortness_of_breath,6,gradual,1_hour,chest,unknown,1,improving,0,0,0,0,0,0,0,0,0,1,169,82,67,22,100.3,92,10,17.6,15.2,327723,132.6,4.8,1.11,114,0.051,488,3.1,1.2,1,0,1,0,1,0,0,3,0,11,0,0,166,6,2,1,81,female,standard,1,0
PAT-00954,headache,0,gradual,1_week,leg,aching,0,worsening,0,0,0,1,0,0,0,0,0,0,127,88,101,13,98.5,97,2,10.3,13.4,187944,137.0,3.5,2.72,189,0.105,432,2.3,1.2,0,1,1,0,0,0,0,1,3,2,0,0,199,6,0,1,29,female,standard,1,0
PAT-00955,chest_pain,6,gradual,2_hours,generalized,unknown,0,stable,1,0,0,0,0,0,0,0,0,1,170,64,82,20,99.4,94,3,13.4,9.0,400457,140.5,4.0,1.5,132,0.011,132,2.4,3.2,1,0,1,0,0,0,0,1,3,4,0,0,133,2,1,1,21,male,standard,2,0
PAT-00956,chest_pain,0,gradual,1_week,arm,aching,0,fluctuating,0,0,0,0,0,0,0,0,0,0,123,73,91,22,99.8,89,6,17.7,15.3,269956,143.1,5.2,0.96,110,0.267,175,2.9,1.7,0,1,0,0,0,0,0,0,5,6,0,0,137,0,2,1,26,male,standard,0,0
PAT-00957,headache,1,sudden,1_month,head,unknown,0,worsening,0,0,0,0,0,0,0,0,0,0,118,83,82,14,103.2,97,1,14.7,9.9,405902,140.4,5.4,2.82,276,0.224,322,1.1,1.8,0,1,0,0,0,0,0,2,1,7,0,0,42,2,2,1,45,unknown,standard,0,0
PAT-00958,abdominal_pain,3,sudden,1_day,unknown,unknown,0,fluctuating,0,0,0,0,0,0,0,0,0,0,162,56,81,22,99.9,97,9,3.6,10.2,343256,131.9,3.5,3.33,234,1.022,444,4.2,2.9,0,0,0,1,0,0,0,0,0,8,0,1,25,3,1,1,69,unknown,standard,0,0
PAT-00959,back_pain,0,chronic,1_hour,leg,throbbing,0,fluctuating,1,0,0,0,0,0,0,0,0,0,164,102,84,12,100.9,89,10,17.1,14.4,260371,131.6,4.5,0.98,202,0.226,36,0.9,2.4,0,1,0,1,0,0,0,2,3,11,0,0,63,1,2,0,59,unknown,standard,1,0
PAT-00960,injury,10,gradual,3_days,chest,aching,0,worsening,0,0,0,0,0,0,0,0,0,0,89,60,60,14,103.0,98,5,16.1,14.1,269751,130.8,4.9,3.4,225,0.795,535,1.6,2.5,0,1,0,0,1,0,0,4,5,5,0,0,98,1,2,1,44,female,standard,0,0
PAT-00961,abdominal_pain,10,sudden,1_week,unknown,throbbing,0,stable,0,0,0,0,0,1,0,0,0,1,102,98,63,20,100.5,93,8,7.4,8.6,192951,139.0,4.4,3.36,242,0.146,523,3.1,2.4,0,0,0,0,0,0,0,0,1,5,0,0,280,7,1,0,45,unknown,standard,2,0
PAT-00962,abdominal_pain,10,sudden,3_days,head,burning,1,fluctuating,0,0,0,0,0,0,0,0,0,0,88,61,60,23,98.8,89,8,6.1,10.1,400752,133.9,3.7,2.16,185,0.714,60,2.5,1.6,0,0,0,0,0,0,0,0,1,0,0,0,355,0,3,1,27,female,standard,0,0
PAT-00963,fever,8,chronic,1_month,unknown,throbbing,0,worsening,0,0,0,0,0,0,0,0,0,0,154,90,83,13,99.6,97,5,16.5,15.0,144741,132.6,3.3,1.53,250,0.526,665,0.9,2.8,0,0,0,1,1,0,0,1,3,5,1,0,47,2,3,1,45,female,standard,0,0
PAT-00964,injury,5,chronic,1_hour,generalized,sharp,0,stable,0,0,0,0,0,0,1,0,0,1,95,62,124,16,99.6,88,5,13.5,16.1,308541,131.4,5.4,1.09,226,0.493,171,3.4,1.0,0,0,0,0,1,0,0,2,5,4,0,0,236,4,0,1,20,unknown,standard,2,0
PAT-00965,injury,0,chronic,1_week,abdomen,pressure,1,worsening,1,0,0,0,0,0,0,0,0,0,131,73,120,12,101.7,90,5,6.9,10.3,418352,140.3,3.7,3.01,241,1.029,73,4.1,1.7,1,0,1,0,0,0,0,1,2,8,0,0,322,7,1,1,32,female,standard,1,0
PAT-00966,abdominal_pain,0,sudden,1_month,unknown,pressure,0,stable,0,1,1,0,0,0,0,0,0,0,169,64,107,21,99.1,99,10,13.9,14.5,202801,142.1,3.9,2.39,114,0.205,731,2.3,3.1,1,1,0,0,0,0,0,0,0,10,0,0,262,6,0,1,64,unknown,standard,2,0
PAT-00967,shortness_of_breath,5,sudden,3_days,leg,dull,0,fluctuating,0,0,0,0,0,0,0,0,0,0,165,87,124,12,101.8,88,9,12.2,12.3,322541,143.7,4.7,2.52,103,0.716,366,1.5,1.8,1,0,0,0,0,0,0,2,0,3,0,0,334,5,0,1,44,male,standard,0,0
PAT-00968,fever,3,chronic,3_days,chest,dull,0,improving,0,0,0,0,0,0,0,0,0,0,115,91,59,25,102.8,93,5,8.0,11.2,127414,139.5,4.2,3.11,119,0.987,658,1.0,0.9,1,1,0,0,0,0,0,2,6,3,0,0,303,7,0,1,72,female,standard,0,0
PAT-00969,fever,3,gradual,1_week,head,throbbing,0,worsening,0,0,0,0,0,1,0,0,0,0,97,92,74,23,99.3,91,2,11.6,15.6,124165,135.7,4.2,1.94,183,0.858,818,1.3,1.3,1,0,0,0,0,0,0,4,2,10,0,0,290,0,3,1,45,female,standard,1,0
PAT-00970,chest_pain,10,chronic,1_hour,generalized,unknown,0,fluctuating,0,0,0,0,0,0,0,0,0,0,107,81,66,18,98.1,89,3,11.1,12.7,322745,137.5,3.4,1.73,165,1.18,284,1.7,3.1,0,0,1,0,0,1,0,1,0,1,0,0,171,1,3,1,44,unknown,standard,0,0
PAT-00971,other,5,chronic,3_days,abdomen,unknown,0,worsening,0,1,0,0,0,0,0,0,1,1,149,83,62,21,101.2,99,5,10.9,13.9,413970,140.2,5.5,2.83,108,0.008,741,1.3,2.9,0,0,0,0,0,0,0,4,5,10,1,0,198,0,0,1,35,unknown,standard,3,0
PAT-00972,injury,10,chronic,1_day,abdomen,pressure,0,worsening,0,0,0,0,0,0,0,0,1,0,152,73,112,21,99.5,94,9,11.0,13.0,229215,141.4,3.9,1.53,164,1.062,840,3.1,1.3,0,0,0,0,0,0,0,1,6,6,0,0,7,1,3,1,18,male,standard,1,0
PAT-00973,abdominal_pain,6,chronic,1_month,chest,sharp,0,stable,1,0,0,0,0,0,0,0,0,0,114,72,103,14,100.6,94,0,3.5,13.5,358977,140.3,3.5,1.62,89,0.738,655,0.7,3.1,1,0,0,0,0,0,0,1,3,10,0,0,208,5,1,1,83,unknown,standard,1,0
PAT-00974,chest_pain,8,sudden,1_week,back,aching,0,worsening,0,1,0,0,0,0,0,0,0,0,115,77,118,26,101.2,95,0,7.4,12.4,188665,145.4,4.8,1.77,144,0.008,21,2.1,1.3,1,0,0,0,0,0,0,2,1,5,0,0,103,7,3,1,35,female,standard,1,0
PAT-00975,headache,9,gradual,2_hours,generalized,sharp,1,stable,0,0,0,0,0,0,0,0,0,0,131,55,104,12,99.8,99,6,9.7,12.5,241684,142.0,4.9,3.1,156,0.561,233,1.9,3.2,0,0,0,0,0,0,1,2,6,6,0,0,133,3,1,1,66,male,standard,0,0
PAT-00976,back_pain,4,chronic,2_hours,generalized,sharp,0,fluctuating,0,0,0,0,0,0,0,0,0,0,100,97,93,12,103.0,99,0,5.3,15.2,273784,142.0,3.3,2.88,145,0.922,423,3.8,2.8,1,1,0,0,0,1,0,3,1,8,0,0,133,6,1,1,61,male,standard,0,0
PAT-00977,other,8,gradual,1_hour,arm,throbbing,1,worsening,0,0,0,0,0,0,0,0,0,0,127,57,94,24,99.7,94,4,14.4,10.6,264460,143.1,3.8,1.52,204,0.223,791,1.6,3.0,1,1,0,0,0,0,0,0,6,1,0,0,289,3,2,0,72,female,standard,0,0
PAT-00978,other,3,gradual,1_day,chest,throbbing,1,fluctuating,0,0,0,0,0,0,0,0,1,0,87,64,85,22,99.1,88,9,15.8,14.3,284934,137.4,3.6,1.1,172,0.816,249,2.7,1.2,0,0,0,0,0,0,0,4,2,9,0,0,232,3,2,1,29,male,standard,1,0
PAT-00979,other,9,gradual,3_days,abdomen,burning,0,improving,0,0,0,0,0,0,0,0,0,0,96,61,57,26,102.8,90,10,15.4,10.3,137523,134.2,5.0,1.8,203,0.172,703,0.6,1.6,0,1,1,0,0,0,0,3,3,7,0,0,269,5,1,1,51,male,standard,0,0
PAT-00980,fever,1,chronic,2_hours,abdomen,sharp,0,fluctuating,0,1,0,0,0,0,0,0,0,0,160,103,84,22,98.1,88,7,10.2,8.6,192002,143.1,3.6,2.45,195,0.965,849,3.9,2.5,0,1,0,0,1,0,0,4,3,10,0,0,144,1,3,0,42,female,standard,1,0
PAT-00981,headache,2,sudden,1_hour,unknown,unknown,1,worsening,1,0,0,0,0,0,0,0,1,0,95,80,83,16,98.0,89,5,13.5,15.7,128206,137.4,3.7,2.59,256,0.684,288,2.9,2.1,0,1,0,0,0,0,0,4,6,7,0,0,317,3,0,1,75,unknown,standard,2,0
PAT-00982,other,10,chronic,1_month,chest,unknown,1,improving,0,0,0,0,0,0,0,0,0,0,100,70,124,14,103.1,88,2,4.6,11.5,266259,139.7,5.5,1.26,199,0.045,132,3.5,1.6,1,0,0,0,0,0,0,0,1,8,0,0,234,3,0,1,77,female,standard,0,0
PAT-00983,headache,0,gradual,1_day,back,sharp,0,stable,0,0,0,0,0,0,0,0,0,0,113,93,110,22,98.5,99,1,6.4,13.8,159353,136.9,4.8,1.4,184,0.114,167,2.6,2.5,0,0,0,0,0,0,0,4,6,5,1,0,343,4,1,1,62,female,standard,0,0
PAT-00984,shortness_of_breath,5,gradual,1_day,arm,throbbing,1,improving,0,0,0,0,0,0,0,0,0,0,105,99,120,15,98.1,96,1,4.2,14.4,285378,136.3,4.1,3.3,204,1.037,153,3.5,2.7,1,1,0,1,1,0,0,4,4,1,0,0,120,4,3,0,21,female,standard,0,0
PAT-00985,other,5,sudden,1_hour,head,throbbing,0,worsening,1,0,0,0,0,0,0,0,0,0,142,86,117,17,100.6,94,3,17.5,14.8,157945,140.7,4.9,1.78,238,0.044,674,0.9,1.6,0,0,1,0,0,0,0,2,4,4,0,1,344,2,3,1,73,female,standard,1,0
PAT-00986,back_pain,0,chronic,1_hour,chest,burning,0,worsening,1,0,0,0,0,0,0,0,0,0,127,66,84,13,97.5,96,8,11.8,9.9,370555,140.6,4.3,1.58,270,0.362,219,3.2,1.1,0,0,0,0,1,0,0,2,5,1,0,0,232,0,3,1,42,unknown,standard,1,0
PAT-00987,headache,10,gradual,3_days,arm,burning,0,fluctuating,0,0,0,0,0,0,0,0,0,0,89,98,107,18,101.1,95,8,6.0,13.6,146286,134.9,3.7,2.65,102,0.682,595,1.1,2.2,1,0,0,0,0,0,0,2,6,3,0,0,114,4,1,0,73,unknown,standard,0,0
PAT-00988,headache,2,sudden,1_hour,generalized,dull,0,stable,0,1,0,0,0,0,0,0,0,0,136,62,100,16,100.1,97,0,13.8,14.5,294656,133.0,4.3,2.01,177,0.26,529,2.7,1.8,1,0,1,1,0,0,0,0,6,11,0,0,350,0,2,1,53,male,standard,1,0
PAT-00989,back_pain,4,gradual,3_days,arm,pressure,0,worsening,0,0,0,0,0,0,0,0,0,0,97,62,63,19,101.2,89,4,10.6,9.0,359028,132.1,5.0,1.39,222,0.273,625,4.1,2.9,0,0,1,1,0,0,0,2,0,4,0,0,83,0,2,1,51,female,standard,0,0
PAT-00990,other,2,sudden,3_days,unknown,sharp,0,worsening,0,0,0,0,0,0,0,0,0,0,165,99,61,15,99.0,88,8,9.8,9.2,321619,131.8,3.6,1.85,239,0.932,183,1.2,1.0,1,1,1,0,0,0,0,3,5,7,0,0,318,0,1,1,76,female,standard,0,0
PAT-00991,back_pain,9,sudden,1_week,leg,unknown,0,stable,0,0,0,0,0,0,0,0,0,0,96,65,117,25,102.9,92,3,16.7,11.1,154584,143.1,4.3,1.1,133,0.353,150,1.5,2.4,0,1,0,0,1,0,0,3,0,9,1,0,62,6,3,0,54,male,standard,0,0
PAT-00992,headache,2,chronic,1_day,abdomen,sharp,0,stable,1,0,0,0,1,0,0,0,0,0,165,87,101,23,98.9,94,10,13.8,10.6,343422,134.6,3.5,1.48,118,0.051,366,1.4,1.0,0,1,0,0,0,0,0,3,5,8,0,0,172,2,2,0,55,unknown,standard,2,0
PAT-00993,back_pain,9,gradual,1_month,unknown,burning,1,fluctuating,0,0,0,0,1,0,0,0,1,0,85,79,98,19,101.2,89,6,13.5,14.8,322243,140.9,5.1,1.87,214,0.867,241,2.1,1.2,0,1,0,0,1,0,0,0,0,10,0,0,48,0,2,1,62,female,standard,2,0
PAT-00994,headache,2,chronic,1_day,head,burning,1,improving,1,0,0,0,0,0,0,0,0,0,92,71,103,15,103.2,91,10,4.9,13.5,389138,134.6,5.1,2.15,106,1.145,142,2.4,1.7,0,0,0,0,0,1,1,1,3,10,0,0,103,1,0,1,39,female,standard,1,0
PAT-00995,headache,4,gradual,1_day,chest,dull,0,stable,0,0,0,0,0,0,0,0,0,0,100,85,116,22,99.7,94,5,4.8,12.2,410357,140.7,4.7,2.78,112,0.999,483,1.2,1.4,0,0,0,0,0,0,0,1,1,4,0,0,323,6,1,1,84,female,standard,0,0
PAT-00996,shortness_of_breath,4,chronic,1_week,unknown,pressure,0,worsening,0,0,0,0,0,0,0,0,0,0,99,73,113,25,98.2,96,3,13.1,8.9,355579,145.7,5.3,1.78,105,0.661,59,0.7,1.3,1,0,0,1,0,0,0,3,3,10,0,0,155,7,0,1,79,female,standard,0,0
PAT-00997,abdominal_pain,3,gradual,3_days,abdomen,dull,0,stable,0,0,0,0,0,0,0,0,0,0,103,99,67,25,97.6,93,9,5.8,9.0,362682,131.1,4.1,2.23,92,0.513,441,1.8,2.7,0,0,0,0,0,0,0,1,6,5,0,1,281,4,3,0,21,unknown,standard,0,0
PAT-00998,headache,0,chronic,3_days,leg,unknown,0,worsening,0,1,0,0,0,0,0,0,0,0,109,69,84,16,103.3,94,10,10.1,12.4,224916,140.5,3.5,3.36,231,1.111,64,2.0,1.4,0,1,0,0,0,0,0,4,2,11,0,0,148,1,0,0,65,male,standard,1,0
PAT-00999,other,4,sudden,1_hour,unknown,pressure,0,fluctuating,1,0,0,0,0,0,0,0,0,0,115,98,97,14,102.0,95,6,11.8,15.5,199439,134.5,5.4,2.99,125,0.921,209,2.0,1.7,1,1,0,0,1,0,0,0,1,0,0,0,358,1,1,1,25,male,standard,1,0
PAT-01000,chest_pain,9,gradual,1_week,leg,aching,0,improving,0,0,0,0,0,0,0,0,0,0,86,103,105,27,103.0,99,6,9.1,14.6,166125,131.3,4.4,1.36,231,0.687,744,3.0,3.0,0,0,0,0,0,0,0,3,5,0,0,0,72,6,1,0,49,female,standard,0,0
PAT-01001,fever,4,gradual,1_hour,unknown,sharp,1,fluctuating,0,0,0,0,0,0,0,0,0,0,143,89,62,22,101.6,99,1,4.7,15.5,174015,131.3,4.3,1.3,165,1.056,229,2.2,2.7,1,1,0,0,0,0,1,3,1,0,0,0,12,5,0,1,40,female,standard,0,0
PAT-01002,injury,3,sudden,1_week,abdomen,dull,1,stable,0,0,0,0,0,0,1,0,0,0,173,93,91,27,99.4,95,6,14.3,12.8,240963,135.9,3.3,2.56,137,0.724,636,1.0,2.1,1,0,0,0,1,0,0,3,1,1,0,0,306,7,1,1,75,unknown,standard,1,0
PAT-01003,abdominal_pain,5,chronic,1_hour,back,burning,0,worsening,0,0,0,0,0,0,0,0,1,0,115,56,118,15,98.0,96,8,16.3,9.9,351834,138.6,4.5,2.37,186,1.168,626,4.0,1.1,1,1,0,1,0,0,0,4,1,7,0,0,342,1,3,1,56,female,standard,1,0
PAT-01004,abdominal_pain,9,gradual,2_hours,arm,dull,0,stable,1,0,0,0,0,0,0,0,0,0,152,88,93,20,103.1,99,5,5.8,8.3,182056,140.4,4.7,2.23,155,1.031,597,3.1,3.1,0,1,0,0,0,0,1,2,0,4,0,0,41,7,0,0,36,female,standard,1,0
PAT-01005,abdominal_pain,3,gradual,1_day,chest,aching,0,stable,0,0,0,0,0,0,0,0,0,0,152,79,62,16,100.3,97,5,15.9,16.0,366573,139.1,4.3,1.13,94,0.663,43,1.4,2.5,0,1,0,0,0,0,0,3,1,10,0,0,68,0,3,1,76,female,standard,0,0
PAT-01006,shortness_of_breath,6,chronic,1_day,chest,dull,0,stable,0,0,0,0,0,0,0,0,0,1,96,92,116,24,99.7,89,10,14.9,12.0,131143,144.4,5.3,1.72,233,1.108,793,4.0,1.0,0,0,0,0,0,0,0,1,3,9,0,0,84,0,1,1,74,male,standard,1,0
PAT-01007,headache,6,sudden,1_month,chest,sharp,0,stable,0,0,0,0,0,0,0,0,0,1,101,58,93,15,100.8,94,5,11.7,15.3,171160,132.5,4.9,2.83,105,0.414,401,4.2,3.1,0,0,0,0,0,0,0,2,6,2,0,0,222,0,0,1,38,unknown,standard,1,0
PAT-01008,shortness_of_breath,1,chronic,3_days,abdomen,aching,0,improving,0,0,0,0,0,0,0,0,0,0,169,70,68,15,97.9,89,1,12.1,14.2,367833,143.3,3.3,2.73,260,0.843,513,1.3,1.1,1,0,0,0,0,0,0,4,1,4,0,0,222,3,1,1,28,female,standard,0,0
PAT-01009,headache,2,chronic,1_month,generalized,burning,0,worsening,0,0,0,0,0,0,0,0,0,0,113,86,106,18,99.1,94,5,12.9,15.1,388800,138.5,4.4,1.16,159,0.21,356,2.0,2.3,0,0,1,1,0,0,0,3,6,10,0,0,86,0,0,1,53,unknown,standard,0,0
PAT-01010,other,0,chronic,2_hours,back,burning,1,stable,0,0,0,0,0,0,0,0,1,0,170,69,111,13,101.2,98,5,11.1,9.8,126076,143.8,5.5,1.9,209,1.075,519,0.8,1.8,0,1,0,0,1,0,0,2,2,7,0,0,183,4,3,1,58,male,standard,1,0
PAT-01011,shortness_of_breath,7,gradual,1_month,head,throbbing,0,worsening,0,0,0,0,0,0,0,0,0,0,120,96,75,15,97.8,96,8,15.7,13.8,198291,136.8,3.7,1.94,86,0.301,504,2.3,3.2,0,0,1,0,0,1,0,3,4,6,0,1,295,0,2,1,57,male,standard,0,0
PAT-01012,shortness_of_breath,8,sudden,1_day,leg,aching,1,improving,1,0,0,0,0,0,0,0,1,0,164,68,77,14,98.1,91,1,10.4,14.1,188305,137.7,4.6,2.12,263,1.139,661,3.4,3.0,0,0,0,0,0,0,0,3,3,9,0,0,24,5,2,0,28,female,standard,2,0
PAT-01013,fever,3,sudden,3_days,abdomen,throbbing,1,worsening,0,1,0,1,0,0,0,0,0,0,147,95,58,18,100.4,99,8,11.4,12.7,379110,136.8,3.8,1.99,117,0.025,557,3.9,2.3,0,1,0,0,0,0,0,4,6,1,0,0,127,4,0,1,73,female,standard,2,0
PAT-01014,chest_pain,5,chronic,2_hours,generalized,throbbing,1,worsening,0,0,1,0,0,0,0,0,0,0,99,69,97,15,101.1,92,4,4.0,15.1,376904,131.5,4.1,2.1,123,0.82,63,2.6,2.5,0,0,0,0,0,0,0,1,3,9,1,0,280,7,0,1,41,unknown,standard,1,0
PAT-01015,shortness_of_breath,8,gradual,1_day,head,sharp,0,improving,0,0,0,1,0,0,0,0,0,0,114,61,65,19,98.4,92,8,6.1,16.4,410842,132.3,3.3,2.98,181,0.184,532,1.8,2.8,0,1,0,1,0,0,1,4,3,8,0,1,79,5,0,1,61,female,standard,1,0
PAT-01016,fever,5,chronic,1_hour,leg,dull,0,stable,1,0,0,0,0,0,0,0,0,0,135,61,73,16,97.4,99,9,16.6,8.1,161157,138.3,4.8,1.79,114,0.926,661,2.7,2.8,1,1,0,0,0,1,0,4,5,11,0,0,67,4,3,0,34,male,standard,1,0
PAT-01017,back_pain,8,gradual,1_week,leg,burning,0,worsening,0,1,0,0,0,0,0,0,0,1,95,62,119,20,103.2,89,9,5.3,11.9,369792,138.5,5.0,2.25,272,0.593,244,1.0,2.3,1,1,0,0,0,0,1,1,6,9,0,1,81,2,1,1,77,unknown,standard,2,0
PAT-01018,chest_pain,3,gradual,2_hours,back,burning,0,fluctuating,0,0,0,0,0,0,0,0,0,0,141,73,56,20,97.4,90,1,16.6,14.4,331685,137.5,5.0,2.4,234,1.092,798,3.6,1.5,0,1,0,0,0,0,0,2,0,3,0,0,358,3,2,0,54,unknown,standard,0,0
PAT-01019,other,7,gradual,3_days,arm,dull,0,worsening,0,0,0,0,0,0,0,0,0,0,97,72,103,14,97.2,97,4,12.7,14.2,332495,130.2,5.4,3.34,265,0.86,433,2.5,1.6,0,0,0,1,0,0,0,4,5,5,0,0,273,5,1,0,35,female,standard,0,0
PAT-01020,shortness_of_breath,8,gradual,1_month,chest,burning,0,stable,0,0,0,0,0,0,0,0,0,0,171,71,123,20,99.2,88,10,16.8,12.0,232579,138.1,5.1,2.53,89,0.923,565,4.1,2.4,0,0,0,1,0,0,0,3,2,1,0,0,331,0,0,1,69,male,standard,0,0
PAT-01021,injury,3,sudden,1_month,unknown,dull,0,fluctuating,0,0,0,0,0,0,0,0,0,0,139,72,88,15,98.6,90,1,15.3,15.2,367106,132.1,3.7,1.07,164,0.149,848,2.0,2.5,0,0,0,0,0,0,0,4,1,10,1,0,357,7,0,1,25,unknown,standard,0,0
PAT-01022,abdominal_pain,4,gradual,2_hours,head,aching,0,stable,1,0,0,0,0,0,0,0,0,0,147,73,58,20,100.8,92,4,16.0,13.7,134357,139.1,3.7,2.33,86,0.12,366,3.0,1.8,0,0,0,0,0,0,0,1,2,4,0,0,90,5,3,1,81,female,standard,1,0
PAT-01023,back_pain,7,gradual,3_days,abdomen,sharp,1,worsening,0,0,0,1,0,1,0,0,0,0,168,94,93,23,102.8,96,6,11.1,12.7,383863,134.6,5.0,2.55,185,1.021,126,1.8,2.9,0,0,0,0,0,0,0,2,1,5,0,0,159,1,0,1,56,female,standard,2,0
PAT-01024,back_pain,9,chronic,2_hours,head,sharp,0,improving,0,0,0,0,0,0,0,0,0,0,86,67,103,27,100.2,88,6,15.5,10.3,148535,145.9,5.0,0.73,228,0.275,218,1.1,1.8,0,1,1,0,0,0,0,1,0,1,0,0,355,0,1,1,46,female,standard,0,0
PAT-01025,other,5,chronic,3_days,arm,unknown,0,stable,0,0,0,0,0,0,0,0,0,0,156,65,57,25,102.1,93,10,10.2,11.1,375622,135.7,3.5,0.91,232,1.041,378,3.3,2.5,0,0,0,1,0,0,0,3,4,0,0,0,319,0,0,1,24,female,standard,0,0
PAT-01026,fever,6,sudden,1_month,chest,sharp,0,stable,0,1,0,0,0,0,0,0,0,1,166,61,80,13,102.9,99,6,4.1,16.4,293387,143.1,3.2,0.75,167,0.175,762,3.0,1.4,1,0,0,0,0,0,0,2,6,9,0,0,219,5,0,1,42,female,standard,2,0
PAT-01027,back_pain,2,chronic,1_day,head,dull,1,improving,0,0,0,0,0,0,0,0,0,0,140,81,95,16,98.4,89,4,12.9,15.7,413301,133.9,4.1,0.84,232,0.374,277,3.4,1.7,0,1,0,0,0,0,0,4,0,10,0,0,295,4,3,0,54,male,standard,0,0
PAT-01028,chest_pain,6,gradual,1_hour,arm,unknown,0,worsening,0,0,0,0,0,0,0,0,0,0,91,91,119,27,100.3,99,6,14.1,13.9,206923,133.0,4.8,0.95,151,1.115,83,4.1,2.2,0,1,0,1,0,0,0,2,2,10,1,0,356,6,2,1,83,male,standard,0,0
PAT-01029,shortness_of_breath,7,chronic,1_day,abdomen,dull,0,stable,0,0,0,0,0,0,0,0,0,0,127,59,70,17,101.2,93,5,5.0,15.3,286095,133.5,5.2,3.38,264,1.008,625,4.2,1.0,0,1,0,0,0,0,0,4,0,2,0,0,187,5,1,1,36,unknown,standard,0,0
PAT-01030,shortness_of_breath,9,sudden,1_hour,back,pressure,0,worsening,0,1,0,0,0,0,0,0,0,0,115,62,112,14,99.3,97,6,15.3,9.2,263373,135.3,3.6,1.28,245,0.07,771,3.9,1.0,0,1,0,0,0,0,0,4,6,10,0,0,329,2,3,1,83,male,standard,1,0
PAT-01031,injury,5,chronic,1_month,generalized,unknown,0,worsening,0,0,0,0,0,0,0,0,0,0,145,64,89,13,101.9,93,4,4.6,10.3,387485,143.6,5.1,1.27,96,0.54,406,3.8,1.5,0,1,0,0,0,0,1,0,5,1,0,0,263,5,2,1,67,male,standard,0,0
PAT-01032,other,9,chronic,1_day,leg,burning,0,worsening,0,0,0,0,0,0,0,0,0,0,106,91,70,12,101.6,88,1,9.9,15.5,369490,142.2,4.8,3.1,91,1.092,402,1.7,2.8,0,1,0,0,0,0,0,4,2,11,0,0,174,6,2,0,73,male,standard,0,0
PAT-01033,abdominal_pain,8,sudden,1_day,abdomen,burning,0,improving,0,0,0,0,0,0,0,0,0,0,146,80,87,22,99.9,92,8,10.6,12.0,186834,137.0,3.6,2.81,225,0.023,469,2.3,1.4,0,0,0,0,0,1,0,4,2,5,0,0,299,1,3,0,30,unknown,standard,0,0
PAT-01034,fever,5,sudden,2_hours,chest,pressure,0,worsening,1,0,0,0,0,0,0,0,0,0,112,69,85,18,97.8,97,1,4.0,13.0,285452,133.0,5.2,2.59,99,0.133,177,0.8,2.9,0,0,0,0,0,0,0,4,2,10,0,0,304,5,3,1,18,male,standard,1,0
PAT-01035,abdominal_pain,8,gradual,1_week,leg,pressure,0,worsening,1,0,0,0,1,0,0,0,0,0,109,70,76,15,97.3,89,2,4.5,15.5,415019,130.8,5.3,1.88,144,0.776,120,3.1,2.5,0,1,0,0,1,1,0,0,5,2,0,0,211,0,3,1,32,female,standard,2,0
PAT-01036,back_pain,3,chronic,1_month,generalized,sharp,0,fluctuating,0,0,0,0,0,0,0,0,0,0,149,83,115,19,99.5,88,8,10.0,11.4,121353,139.9,3.8,0.79,111,0.13,496,2.6,2.5,1,0,1,0,0,0,0,2,0,1,0,0,198,5,2,1,70,female,standard,0,0
PAT-01037,other,7,gradual,3_days,abdomen,pressure,1,fluctuating,0,0,0,0,0,0,0,0,0,0,116,82,118,19,97.7,98,1,8.0,12.1,120236,141.3,3.5,3.01,131,0.541,694,3.1,2.5,0,1,0,1,1,0,0,0,4,6,0,0,187,6,2,1,24,male,standard,0,0
PAT-01038,injury,10,chronic,1_month,unknown,dull,1,fluctuating,0,1,0,0,0,0,0,1,0,0,173,64,124,19,102.1,96,7,15.3,9.0,184247,139.7,5.4,3.11,173,0.612,653,3.1,3.1,0,1,0,1,0,0,0,1,1,0,0,0,35,1,3,0,24,unknown,standard,2,0
PAT-01039,abdominal_pain,3,chronic,3_days,abdomen,throbbing,0,stable,0,0,0,0,0,0,0,0,0,0,132,94,89,13,99.3,93,2,9.5,16.4,373354,138.0,3.3,2.05,144,1.033,249,1.6,2.4,1,0,1,0,0,0,0,4,4,8,0,0,165,1,2,1,80,male,standard,0,0
PAT-01040,chest_pain,1,gradual,3_days,abdomen,dull,0,stable,0,0,0,0,0,0,0,0,0,0,164,58,93,24,101.4,88,5,5.0,16.3,328905,145.6,5.4,2.51,96,1.149,681,2.3,2.4,1,1,1,0,0,1,0,0,1,0,0,0,146,4,2,1,31,unknown,standard,0,0
PAT-01041,shortness_of_breath,9,chronic,1_hour,unknown,unknown,0,fluctuating,0,0,0,0,0,0,0,0,0,0,108,100,57,16,99.4,97,8,5.8,10.5,240739,130.4,3.7,2.04,277,0.617,270,1.0,1.9,1,0,1,0,0,0,0,0,0,4,0,0,226,7,3,1,40,female,standard,0,0
PAT-01042,back_pain,10,chronic,3_days,abdomen,pressure,0,improving,0,0,0,0,0,0,0,0,0,0,165,94,67,19,102.2,96,9,13.3,15.2,135103,145.8,4.2,1.53,78,0.615,248,0.9,2.9,0,1,0,0,0,0,1,2,6,6,0,0,102,4,3,0,74,unknown,standard,0,0
PAT-01043,injury,8,chronic,3_days,leg,burning,0,improving,1,0,0,0,0,0,0,0,0,0,126,68,68,21,102.8,99,9,17.3,14.3,370814,134.4,3.9,2.21,132,0.874,613,2.3,1.0,0,0,0,0,0,0,0,2,2,9,0,0,243,6,0,1,40,male,standard,1,0
PAT-01044,abdominal_pain,4,sudden,2_hours,chest,dull,0,fluctuating,0,0,0,0,0,0,0,0,0,0,154,98,95,13,102.5,96,2,16.1,9.2,172400,136.1,3.6,2.63,246,0.235,849,2.6,1.7,0,1,1,0,0,0,0,2,6,4,0,0,33,2,2,1,41,female,standard,0,0
PAT-01045,fever,3,gradual,1_day,generalized,burning,0,stable,0,0,0,0,0,0,0,0,0,0,162,87,62,13,100.3,94,8,5.4,8.2,267341,142.0,4.0,1.13,148,1.129,507,1.7,1.6,1,0,0,0,0,0,0,3,1,2,0,0,12,4,2,1,53,unknown,standard,0,0
PAT-01046,chest_pain,1,sudden,1_month,arm,dull,0,stable,0,1,0,0,0,0,0,0,0,0,174,72,73,12,97.7,96,6,3.7,8.1,171965,133.6,4.4,2.19,91,0.006,640,0.8,1.8,0,0,0,0,0,1,0,2,1,1,0,0,337,2,2,1,72,male,standard,1,0
PAT-01047,chest_pain,0,gradual,1_month,head,burning,0,improving,0,0,0,0,0,0,0,0,0,0,120,66,68,27,99.5,88,4,3.9,8.6,316447,141.4,3.4,2.87,220,0.007,585,3.0,2.0,0,1,0,0,0,0,0,4,0,1,0,0,53,5,0,1,46,unknown,standard,0,0
PAT-01048,abdominal_pain,10,gradual,3_days,unknown,aching,0,worsening,0,0,0,0,0,0,0,0,0,0,115,64,104,17,99.9,90,7,11.5,13.3,224030,135.3,5.1,2.03,255,0.753,501,3.0,3.1,1,1,1,0,0,0,0,0,3,8,0,0,148,6,3,1,73,male,standard,0,0
PAT-01049,shortness_of_breath,6,chronic,1_week,back,dull,0,improving,0,1,0,0,0,0,0,0,0,0,111,75,115,25,103.2,95,5,10.5,12.2,195558,145.0,5.0,1.14,93,0.413,719,1.8,3.0,0,0,0,1,0,0,0,1,1,10,0,1,93,2,0,1,28,male,standard,1,0
PAT-01050,abdominal_pain,5,gradual,1_month,unknown,unknown,0,worsening,0,0,0,0,0,0,0,0,0,0,150,87,90,27,100.8,90,6,3.7,16.5,195855,132.7,5.0,3.14,160,0.481,512,0.6,2.3,1,0,0,0,0,0,1,1,0,5,0,1,172,2,0,1,72,unknown,standard,0,0
PAT-01051,back_pain,1,sudden,3_days,generalized,burning,0,stable,0,0,0,0,0,0,0,0,0,0,167,68,121,25,101.2,95,2,4.3,10.4,369561,144.9,4.8,2.59,135,0.27,132,2.9,0.9,0,1,0,0,0,0,0,1,6,3,0,0,7,2,2,0,42,female,standard,0,0
PAT-01052,abdominal_pain,7,sudden,1_hour,head,throbbing,0,stable,0,0,0,0,0,1,0,0,0,0,129,63,99,16,102.1,90,9,18.0,14.2,160656,142.7,4.2,2.47,131,0.492,569,0.9,2.2,0,0,0,1,0,0,0,4,4,9,0,0,17,7,3,0,58,female,standard,1,0
PAT-01053,chest_pain,10,sudden,1_hour,head,unknown,0,fluctuating,0,0,0,1,0,0,1,0,0,0,128,80,61,26,100.8,91,10,17.5,11.3,409891,132.7,5.1,2.52,153,0.994,305,1.4,1.1,0,1,1,1,0,1,0,0,3,9,0,1,234,2,1,0,65,female,standard,2,0
PAT-01054,injury,3,gradual,1_hour,back,sharp,0,stable,0,0,0,0,0,0,0,0,0,0,141,69,76,24,101.0,99,5,5.3,8.8,159330,136.2,5.2,1.39,118,0.841,405,1.5,1.7,0,1,0,1,0,0,0,3,4,6,0,0,209,4,1,0,68,male,standard,0,0
PAT-01055,abdominal_pain,7,sudden,3_days,generalized,dull,0,worsening,1,0,0,0,0,0,0,0,0,0,105,75,63,27,98.7,99,10,5.9,15.5,168920,131.7,3.9,2.08,221,0.118,39,1.5,1.6,0,1,1,0,0,0,0,3,2,1,0,0,30,6,3,1,25,unknown,standard,1,0
PAT-01056,shortness_of_breath,6,gradual,2_hours,leg,throbbing,0,improving,0,0,1,0,0,0,0,1,0,0,139,76,114,27,97.6,91,2,16.6,11.4,338713,139.6,4.3,1.61,227,0.073,483,2.8,2.4,0,0,0,0,0,0,0,2,2,3,1,0,166,6,0,1,21,unknown,standard,2,0
PAT-01057,other,4,sudden,1_week,chest,sharp,0,fluctuating,0,0,0,0,0,0,0,0,0,1,99,100,96,12,101.7,92,6,10.9,15.8,313276,145.4,3.7,3.03,111,0.61,599,0.9,0.9,0,0,0,0,1,0,0,3,1,0,0,0,143,6,1,1,54,male,standard,1,0
PAT-01058,injury,9,sudden,3_days,back,dull,0,worsening,0,1,0,0,0,0,1,0,0,0,118,95,113,22,102.5,97,9,17.4,16.0,167035,131.3,3.8,2.35,220,0.878,736,2.9,2.7,1,0,0,0,0,0,1,0,4,10,0,0,293,3,0,1,65,female,standard,2,0
PAT-01059,fever,9,gradual,2_hours,chest,throbbing,0,improving,0,0,0,0,0,0,0,0,0,0,87,97,94,19,99.8,97,5,11.0,15.0,204453,134.1,3.7,2.71,132,0.799,225,2.3,2.8,0,0,0,1,0,0,0,2,3,3,0,0,217,1,1,1,31,unknown,standard,0,0
PAT-01060,headache,7,sudden,2_hours,leg,throbbing,0,improving,0,0,0,1,0,0,0,0,0,0,85,59,83,19,100.7,98,9,11.9,8.2,176837,142.1,5.1,2.55,86,1.038,540,1.9,1.0,0,0,0,1,0,0,0,4,5,6,1,0,347,4,0,1,40,unknown,standard,1,0
PAT-01061,abdominal_pain,8,chronic,1_month,head,unknown,1,improving,1,0,0,0,0,0,0,0,1,0,108,98,109,16,99.1,91,7,6.7,16.2,264402,137.3,3.8,2.05,106,0.164,767,2.8,1.1,0,1,1,0,0,0,0,1,4,9,1,1,217,7,1,1,50,female,standard,2,0
PAT-01062,shortness_of_breath,4,gradual,3_days,chest,aching,1,stable,0,0,0,0,0,0,0,0,0,0,127,70,118,22,100.0,94,7,16.2,9.1,200750,135.4,4.5,2.95,228,0.729,417,3.7,3.0,0,1,1,0,0,0,0,1,0,8,0,0,299,6,0,1,59,female,standard,0,0
PAT-01063,injury,9,gradual,3_days,leg,throbbing,0,improving,0,0,0,0,0,0,0,0,0,0,111,89,96,26,98.5,98,5,15.5,15.9,215204,139.6,4.6,2.42,228,0.92,798,2.6,2.3,1,0,0,1,0,1,0,2,6,10,0,0,178,0,1,1,41,female,standard,0,0
PAT-01064,shortness_of_breath,4,gradual,2_hours,leg,aching,1,stable,0,0,0,0,0,0,0,0,0,0,93,59,83,14,102.0,91,1,8.4,13.2,228939,134.7,4.9,1.33,249,1.126,525,1.2,3.1,0,0,0,0,0,0,0,2,6,4,0,0,214,7,2,1,81,female,standard,0,0
PAT-01065,fever,1,chronic,2_hours,arm,pressure,0,improving,0,0,0,0,0,0,0,0,0,0,172,80,75,19,100.3,98,9,12.4,11.2,239820,135.3,3.3,1.51,244,0.126,285,2.6,2.0,0,0,0,1,0,0,0,2,4,5,0,0,46,3,1,1,41,male,standard,0,0
PAT-01066,chest_pain,4,gradual,2_hours,back,unknown,0,improving,0,1,0,0,0,0,0,0,0,0,101,80,117,14,100.6,88,9,8.5,14.1,382485,142.9,4.3,3.02,163,0.291,218,2.2,1.3,1,0,1,0,0,0,0,0,1,6,0,1,133,4,1,1,65,female,standard,1,0
PAT-01067,shortness_of_breath,2,sudden,1_month,arm,burning,0,stable,0,0,0,0,0,0,0,0,0,0,123,59,117,24,97.4,92,5,10.2,12.3,345201,136.3,3.9,3.34,125,0.429,332,4.0,1.8,1,1,0,0,0,0,0,2,5,8,0,0,327,6,0,1,65,male,standard,0,0
PAT-01068,injury,6,sudden,3_days,unknown,unknown,1,stable,0,0,0,0,0,0,0,0,0,0,139,104,92,15,101.1,99,0,15.9,14.8,225035,141.2,5.1,2.23,115,0.651,25,2.7,3.0,1,0,0,0,0,1,0,0,4,10,0,0,214,4,2,1,84,female,standard,0,0
PAT-01069,shortness_of_breath,9,sudden,2_hours,head,sharp,0,worsening,0,0,0,0,0,0,0,0,0,0,152,90,120,22,98.5,95,5,9.5,12.4,183204,132.4,3.3,1.78,267,0.493,288,0.7,1.2,0,0,0,0,0,0,0,2,6,9,0,0,114,0,2,1,20,female,standard,0,0
PAT-01070,shortness_of_breath,4,gradual,1_hour,back,burning,1,improving,1,0,0,0,0,0,0,0,0,0,129,78,66,25,99.6,93,5,15.7,11.1,399574,136.4,3.7,2.45,171,1.034,590,1.0,3.0,1,0,1,0,0,0,0,0,0,10,0,0,113,7,0,1,27,male,standard,1,0
PAT-01071,shortness_of_breath,7,sudden,3_days,head,burning,0,stable,0,1,0,0,0,0,0,0,0,0,112,69,87,18,99.8,91,5,17.4,11.1,317628,138.8,3.9,2.05,135,1.141,834,2.5,2.1,0,0,0,1,0,0,0,0,3,9,1,0,24,3,3,1,77,male,standard,1,0
PAT-01072,back_pain,0,gradual,1_month,arm,aching,0,worsening,0,0,0,0,0,0,0,0,0,0,140,84,55,18,100.0,91,8,9.5,11.0,232332,134.3,3.4,3.06,201,0.089,781,3.5,1.1,1,1,0,0,1,0,0,3,2,7,0,0,140,4,1,1,21,female,standard,0,0
PAT-01073,back_pain,2,sudden,1_hour,generalized,burning,0,worsening,0,0,0,0,0,0,0,0,0,0,113,59,122,15,98.6,88,3,16.2,12.0,412677,136.7,4.1,3.03,277,0.841,399,0.9,1.8,0,1,1,0,0,0,0,3,6,8,0,0,326,3,3,0,67,male,standard,0,0
PAT-01074,chest_pain,2,chronic,1_day,leg,throbbing,0,stable,0,0,0,0,0,0,0,0,0,0,113,94,82,20,102.6,97,10,7.9,8.9,169020,142.2,4.9,1.98,109,0.142,139,2.6,1.5,0,0,0,0,0,0,0,2,0,4,0,0,120,1,3,1,81,unknown,standard,0,0
PAT-01075,abdominal_pain,8,chronic,3_days,head,aching,0,improving,0,0,0,0,0,0,0,0,0,0,153,102,116,17,99.9,88,6,3.5,13.6,207262,132.6,3.7,2.95,159,1.078,791,2.2,2.2,1,1,1,0,0,0,0,2,0,8,0,0,175,0,2,1,50,female,standard,0,0
PAT-01076,shortness_of_breath,4,chronic,1_day,back,burning,0,worsening,0,0,0,0,0,0,0,1,1,0,95,76,113,19,101.1,90,10,4.7,10.9,125547,138.0,4.9,1.24,96,0.175,557,1.9,1.3,0,1,0,0,0,0,0,0,5,7,0,0,342,6,0,1,53,female,standard,2,0
PAT-01077,fever,8,chronic,2_hours,unknown,aching,0,improving,0,0,0,0,0,0,0,0,1,0,86,87,103,18,101.1,91,2,14.2,12.8,308229,134.2,4.4,1.75,271,1.19,563,0.9,3.1,0,0,0,0,0,1,0,0,6,1,0,0,257,4,2,1,74,male,standard,1,0
PAT-01078,abdominal_pain,8,gradual,1_month,back,pressure,0,improving,0,0,0,0,0,0,0,0,0,0,152,59,99,15,101.0,91,7,5.0,12.5,298001,136.6,4.0,0.92,114,0.516,470,3.8,1.4,0,1,0,0,0,0,1,3,2,11,0,0,249,5,0,1,51,female,standard,0,0
PAT-01079,fever,0,sudden,2_hours,head,aching,0,worsening,0,0,0,0,0,0,0,0,0,0,94,86,60,23,100.7,89,1,17.1,15.3,149703,136.0,4.0,2.96,128,0.461,414,3.3,2.4,1,0,0,0,1,0,0,4,4,0,0,0,124,0,1,1,62,unknown,standard,0,0
PAT-01080,abdominal_pain,1,chronic,1_month,back,dull,1,stable,0,0,0,0,0,0,0,0,0,0,156,104,74,13,102.4,98,1,16.1,15.3,396337,140.5,3.5,3.43,239,0.706,461,3.9,2.8,0,0,1,0,0,0,0,1,1,3,0,0,206,5,3,1,79,female,standard,0,0
PAT-01081,chest_pain,4,gradual,1_week,unknown,throbbing,0,improving,0,0,0,0,0,0,0,0,0,0,171,102,70,22,102.3,96,4,11.0,16.4,326316,142.3,3.8,2.31,246,0.476,839,1.2,2.3,0,0,0,1,0,0,0,1,3,11,0,0,304,6,0,0,34,unknown,standard,0,0
PAT-01082,shortness_of_breath,3,chronic,2_hours,leg,sharp,0,fluctuating,0,0,0,0,0,0,0,0,0,0,111,77,66,27,99.8,95,0,11.9,10.1,232382,138.0,4.9,2.85,103,0.285,176,2.7,2.4,0,0,1,1,0,0,0,4,5,1,0,0,116,1,3,1,82,female,standard,0,0
PAT-01083,shortness_of_breath,9,chronic,1_day,generalized,dull,0,stable,0,0,0,0,0,0,0,0,0,1,171,64,106,24,101.2,90,0,13.6,8.3,126466,132.7,5.2,1.82,156,0.757,149,0.7,1.8,1,1,0,0,0,0,0,4,4,2,0,1,294,6,3,1,44,unknown,standard,1,0
PAT-01084,headache,8,gradual,1_month,leg,dull,0,worsening,0,0,0,0,0,0,0,0,0,0,119,90,74,13,97.8,98,10,14.1,11.6,207756,143.9,3.8,2.27,191,0.875,254,1.2,1.1,0,1,0,0,0,0,0,1,2,6,0,0,266,4,2,0,31,female,standard,0,0
PAT-01085,fever,6,gradual,2_hours,back,dull,1,fluctuating,0,0,0,0,0,0,0,0,0,0,165,104,112,27,97.8,89,2,10.6,15.6,404582,133.0,4.6,1.67,86,1.135,471,3.4,1.2,0,0,0,1,0,0,0,3,6,9,0,0,307,0,1,1,75,male,standard,0,0
PAT-01086,abdominal_pain,5,sudden,3_days,unknown,burning,1,improving,0,0,0,1,0,0,0,0,0,0,134,71,99,25,100.2,88,5,8.0,13.1,373600,139.3,3.3,2.65,223,0.494,68,1.6,2.5,0,0,0,1,0,0,0,1,1,4,0,0,55,2,2,1,19,female,standard,1,0
PAT-01087,abdominal_pain,6,sudden,1_month,unknown,aching,0,stable,1,0,0,0,1,0,0,0,0,0,158,81,56,19,102.9,97,9,16.7,11.2,181041,138.4,3.4,1.39,114,0.848,388,1.3,2.7,0,1,0,0,0,0,0,4,3,2,0,0,239,7,1,1,45,male,standard,2,0
PAT-01088,other,0,chronic,1_month,head,aching,0,fluctuating,0,0,0,0,0,0,0,0,0,0,86,99,88,19,101.3,96,5,4.2,14.6,313268,134.6,5.4,1.13,104,1.001,424,2.6,2.8,0,1,0,0,0,0,0,1,1,1,0,0,25,1,3,1,39,female,standard,0,0
PAT-01089,other,0,chronic,2_hours,arm,unknown,1,stable,0,1,0,0,0,0,0,0,0,0,101,62,80,23,101.4,92,7,8.7,14.1,389002,145.2,5.3,3.22,138,0.999,548,3.0,1.7,0,0,0,0,0,0,0,1,2,8,0,1,212,3,0,0,71,unknown,standard,1,0
PAT-01090,back_pain,7,sudden,1_week,back,burning,1,improving,0,0,0,0,0,0,0,1,0,0,164,94,87,12,98.2,95,6,13.2,14.1,310680,140.8,3.4,3.12,115,0.046,128,2.8,3.1,0,1,0,1,0,0,0,4,1,6,1,0,340,3,3,1,25,unknown,standard,1,0
PAT-01091,headache,1,sudden,2_hours,back,throbbing,1,stable,0,1,0,0,0,0,0,0,1,0,108,98,96,24,100.1,91,0,16.4,12.4,274768,137.5,5.1,3.04,153,0.43,736,1.0,2.4,1,1,0,0,0,0,0,3,3,8,0,0,255,0,0,1,65,male,standard,2,0
PAT-01092,injury,9,gradual,1_day,back,burning,1,fluctuating,0,0,0,0,0,0,0,0,0,1,141,104,119,12,99.7,89,0,4.6,12.5,237617,137.1,3.4,3.0,121,0.021,115,3.9,1.3,1,1,0,0,0,0,0,1,4,3,0,0,193,0,0,1,76,male,standard,1,0
PAT-01093,other,10,sudden,1_day,back,burning,0,stable,0,0,0,0,0,1,0,0,0,0,155,60,62,15,102.1,92,3,13.1,12.7,400170,131.5,5.1,2.74,78,0.673,518,1.2,1.1,1,0,0,1,0,0,1,2,2,2,1,0,326,1,0,0,18,unknown,standard,1,0
PAT-01094,injury,8,sudden,1_month,head,burning,0,worsening,0,0,0,1,0,0,0,0,1,0,167,61,119,12,98.1,95,0,10.6,12.7,244663,142.5,5.3,3.15,230,1.039,573,3.9,2.2,0,1,1,0,1,0,0,2,5,9,0,0,20,3,2,0,81,female,standard,2,0
PAT-01095,back_pain,6,chronic,1_month,arm,throbbing,0,worsening,0,0,0,0,0,0,1,0,0,0,100,80,64,21,100.6,93,0,13.5,9.8,281611,131.3,3.6,1.29,168,0.979,707,2.3,2.6,0,0,0,0,0,0,0,1,1,2,0,0,42,0,0,1,73,unknown,standard,1,0
PAT-01096,back_pain,5,sudden,2_hours,arm,unknown,0,fluctuating,0,0,0,1,0,0,0,0,0,0,120,71,86,12,102.9,95,9,8.1,10.1,137236,133.2,3.5,3.14,250,0.974,135,1.0,0.9,0,1,0,0,0,0,0,4,2,2,0,0,276,2,3,0,83,unknown,standard,1,0
PAT-01097,back_pain,0,chronic,1_day,chest,throbbing,0,stable,0,0,0,0,0,0,0,0,0,0,129,91,105,21,102.8,98,0,13.8,11.2,272795,132.6,5.3,3.27,131,0.425,370,1.1,1.0,0,1,0,0,0,0,0,2,5,0,0,0,247,6,0,1,43,female,standard,0,0
PAT-01098,fever,0,sudden,1_day,back,pressure,0,fluctuating,0,0,0,1,0,0,0,0,0,0,94,77,111,22,102.6,90,10,6.1,15.3,162704,131.1,3.9,2.7,195,0.06,690,2.2,2.2,0,1,0,0,0,0,0,1,5,9,0,0,115,2,3,1,24,female,standard,1,0
PAT-01099,fever,1,gradual,1_week,back,unknown,0,stable,0,0,0,0,1,0,0,0,0,1,147,81,94,26,99.6,92,2,14.7,11.9,315060,143.3,4.3,2.38,90,0.211,657,4.2,3.2,0,0,0,0,0,0,0,4,3,7,0,1,195,4,0,1,30,unknown,standard,2,0
PAT-01100,chest_pain,5,sudden,3_days,chest,pressure,0,improving,0,0,0,1,0,0,0,0,0,0,127,94,120,16,103.1,89,9,14.4,15.9,389360,144.5,3.9,1.36,170,0.806,404,3.8,2.6,1,0,0,0,1,0,0,2,3,6,0,0,287,6,0,0,49,female,standard,1,0
PAT-01101,chest_pain,5,sudden,1_week,arm,pressure,0,worsening,0,0,0,0,0,0,0,0,0,0,135,73,85,12,102.3,99,1,17.2,14.7,400568,140.0,4.9,3.13,214,0.165,367,4.1,1.2,0,1,0,0,0,0,0,3,4,3,0,0,8,5,1,1,20,male,standard,0,0
PAT-01102,back_pain,1,sudden,1_hour,unknown,pressure,0,improving,0,0,0,0,0,0,0,1,0,0,163,81,117,21,102.6,98,10,6.0,15.3,125121,144.0,3.7,2.32,129,0.155,618,2.2,1.1,0,0,0,0,0,0,0,4,5,1,0,0,164,6,3,1,38,male,standard,1,0
PAT-01103,headache,0,chronic,1_week,unknown,aching,0,stable,0,0,0,0,0,0,0,0,0,0,87,79,122,23,103.1,99,9,14.0,9.1,229144,140.8,4.3,2.41,238,0.428,647,3.0,2.8,0,0,1,1,0,0,0,2,5,6,0,0,345,4,1,0,48,unknown,standard,0,0
PAT-01104,abdominal_pain,9,gradual,2_hours,abdomen,dull,1,improving,0,0,0,0,0,1,0,0,0,0,150,94,110,17,103.1,90,7,8.2,9.3,381842,141.0,5.2,2.4,217,0.118,522,2.5,2.8,0,0,0,0,0,0,0,0,3,7,0,0,274,1,2,1,56,male,standard,1,0
PAT-01105,fever,4,sudden,3_days,leg,dull,1,fluctuating,0,0,0,0,0,0,0,0,0,0,119,79,66,26,98.7,94,6,7.6,10.0,120069,144.2,5.4,3.13,221,0.399,600,0.7,2.0,1,0,0,0,0,0,0,0,4,0,0,0,247,0,1,1,31,female,standard,0,0
PAT-01106,headache,4,chronic,2_hours,abdomen,pressure,0,fluctuating,0,0,0,0,1,0,0,0,0,0,153,75,85,15,98.0,88,9,9.3,13.6,321408,131.5,4.0,1.08,220,1.164,532,1.1,1.0,0,0,0,0,1,0,0,4,6,11,0,0,118,1,2,1,77,unknown,standard,1,0
PAT-01107,shortness_of_breath,1,gradual,1_hour,arm,pressure,0,stable,0,0,0,0,0,0,0,0,0,0,163,79,77,21,101.6,95,7,7.6,12.0,242925,130.9,3.5,0.87,277,0.029,222,1.6,2.7,0,0,0,0,0,0,0,2,0,7,1,0,119,6,2,1,83,female,standard,0,1
PAT-01108,fever,5,chronic,3_days,generalized,sharp,0,worsening,0,0,0,0,0,0,0,0,0,0,120,61,87,24,100.7,92,3,7.1,9.4,303358,130.9,5.1,1.33,230,0.997,55,1.7,1.8,0,1,0,0,0,0,0,3,4,11,0,0,329,6,1,1,35,unknown,standard,0,0
PAT-01109,fever,8,chronic,1_month,back,dull,0,fluctuating,0,0,0,0,0,0,0,0,0,0,133,89,62,22,99.3,89,8,14.6,14.3,241569,136.7,3.5,2.08,258,1.192,632,3.1,2.8,0,0,0,1,0,0,0,4,1,1,0,0,98,1,2,1,25,female,standard,0,0
PAT-01110,chest_pain,1,gradual,1_day,abdomen,sharp,0,worsening,0,1,0,0,0,0,0,0,1,0,85,60,116,22,101.5,90,4,13.6,12.4,406548,145.1,5.0,2.01,225,0.527,718,3.2,1.2,0,0,0,1,0,0,0,4,6,5,1,1,232,5,3,1,45,unknown,standard,2,0
PAT-01111,abdominal_pain,9,sudden,1_week,head,unknown,0,stable,0,0,0,0,0,0,0,0,0,0,160,94,69,16,97.6,91,6,5.1,14.2,163504,143.9,4.8,2.13,186,1.132,592,2.2,2.0,1,1,0,0,1,0,0,3,0,7,0,1,345,2,3,1,42,male,standard,0,0
PAT-01112,abdominal_pain,1,chronic,2_hours,unknown,sharp,1,worsening,1,0,0,0,0,0,0,0,1,0,126,104,95,25,97.5,89,3,11.6,15.7,383194,142.5,4.5,1.02,85,0.317,351,2.0,2.1,0,0,1,0,0,0,0,1,3,7,0,0,284,0,2,1,52,female,standard,2,0
PAT-01113,other,2,chronic,1_hour,head,burning,0,stable,0,0,0,0,0,0,0,0,0,1,125,69,106,20,99.4,97,0,8.3,15.8,137598,136.5,5.4,2.92,245,1.179,753,1.2,1.8,0,1,1,0,0,0,0,1,5,8,1,0,91,7,0,1,33,female,standard,1,0
PAT-01114,injury,6,sudden,1_day,chest,aching,0,improving,0,1,0,0,0,0,0,0,0,0,157,78,80,13,98.4,92,10,17.6,10.6,121814,143.2,3.9,1.55,159,1.035,767,0.7,3.2,1,1,0,0,0,1,0,3,1,1,1,0,292,3,0,0,35,unknown,standard,1,0
PAT-01115,injury,5,sudden,1_week,arm,unknown,0,stable,0,0,0,0,0,0,0,0,0,0,141,103,66,14,101.7,94,7,9.7,9.3,141347,133.5,3.4,3.26,202,1.062,279,2.7,2.7,1,0,0,1,1,1,0,3,1,1,0,0,222,2,1,1,36,female,standard,0,0
PAT-01116,injury,7,gradual,1_day,arm,throbbing,0,improving,0,0,0,0,0,0,0,0,0,0,104,58,81,24,103.2,96,8,4.1,11.7,239007,139.4,5.5,3.05,119,0.161,138,1.9,2.8,0,1,0,0,0,0,0,2,6,9,0,0,62,7,0,1,19,female,standard,0,0
PAT-01117,injury,7,gradual,1_week,abdomen,dull,0,stable,0,0,0,0,0,0,0,0,0,0,98,61,122,14,101.4,88,8,8.3,8.7,377318,141.9,4.2,0.88,113,1.045,324,2.3,1.5,1,0,1,0,0,0,0,3,1,4,0,0,188,0,3,1,72,female,standard,0,0
PAT-01118,shortness_of_breath,5,gradual,1_month,back,pressure,1,fluctuating,0,1,0,0,0,0,0,0,0,0,171,84,84,22,101.3,97,9,8.0,8.4,356173,131.5,4.2,0.85,153,1.13,828,3.8,1.8,0,1,0,1,0,0,0,0,3,2,1,0,280,3,2,1,25,unknown,standard,1,0
PAT-01119,shortness_of_breath,10,sudden,3_days,arm,unknown,0,fluctuating,1,0,0,1,0,0,0,0,0,0,136,71,58,27,97.2,93,7,3.6,16.3,217941,144.0,3.4,2.46,226,0.984,761,3.0,1.2,0,0,0,0,0,0,0,0,3,7,0,0,230,7,2,1,47,unknown,standard,2,0
PAT-01120,fever,9,chronic,1_day,abdomen,pressure,0,worsening,0,0,0,0,0,0,0,0,0,0,138,92,108,20,100.4,93,0,10.6,16.3,388816,141.6,4.9,0.92,247,0.114,207,3.4,3.2,0,0,0,0,0,1,0,1,5,10,0,1,134,6,1,0,43,unknown,standard,0,0
PAT-01121,back_pain,2,chronic,1_day,abdomen,throbbing,0,stable,0,0,0,0,0,0,0,0,0,0,133,84,88,14,102.3,88,2,16.6,11.0,290735,138.5,4.9,2.3,110,0.106,219,1.2,1.5,1,0,0,0,0,1,0,0,1,7,0,0,77,5,3,1,79,male,standard,0,0
PAT-01122,chest_pain,2,gradual,1_day,leg,unknown,0,stable,0,0,0,0,0,0,0,0,1,0,114,99,122,21,101.3,89,4,15.1,15.0,174309,131.0,3.5,0.92,171,0.432,219,0.6,1.1,0,0,0,0,0,0,0,0,6,7,0,0,305,3,0,1,50,male,standard,1,0
PAT-01123,chest_pain,0,sudden,3_days,leg,dull,0,stable,0,0,0,0,0,1,0,0,0,0,87,93,110,16,98.6,98,6,13.4,9.9,373785,141.1,3.7,2.04,182,0.847,808,1.1,1.4,0,0,0,0,0,1,1,2,0,10,0,1,19,4,2,0,21,female,standard,1,0
PAT-01124,injury,6,chronic,1_hour,arm,unknown,0,worsening,0,0,0,0,0,0,0,1,0,1,96,63,72,17,102.5,95,7,8.5,11.5,301594,137.2,3.2,1.87,78,0.02,59,3.4,2.2,0,0,0,0,0,0,0,1,1,7,0,0,134,7,3,1,25,female,standard,2,0
PAT-01125,fever,4,gradual,1_week,abdomen,pressure,0,fluctuating,0,0,0,0,0,0,0,0,0,0,115,73,101,17,103.3,93,0,6.9,14.2,210646,141.8,5.2,2.35,267,1.141,609,2.2,1.7,0,1,1,0,0,0,0,2,6,7,0,0,197,3,1,1,51,unknown,standard,0,0
PAT-01126,other,3,chronic,1_month,chest,pressure,0,stable,0,0,0,0,0,0,0,0,0,0,121,67,114,17,99.0,88,4,8.5,12.7,140961,130.6,3.8,1.7,176,0.633,633,1.4,1.3,0,0,0,1,0,0,0,4,3,4,0,0,89,6,0,1,53,male,standard,0,0
PAT-01127,headache,9,chronic,1_day,chest,burning,1,worsening,0,0,0,0,0,0,0,0,0,1,111,101,113,12,98.5,97,2,5.3,15.0,139153,139.2,5.3,1.09,258,0.433,477,4.1,2.0,1,0,1,0,0,0,0,0,3,11,0,0,333,2,0,0,46,female,standard,1,0
PAT-01128,back_pain,3,sudden,3_days,leg,sharp,0,stable,1,0,0,0,0,0,0,0,0,0,108,103,56,17,99.3,97,6,4.9,16.3,187731,137.2,4.5,3.06,213,0.676,750,2.4,2.4,1,0,0,0,0,0,0,0,4,6,0,0,301,4,1,1,52,female,standard,1,0
PAT-01129,fever,3,sudden,1_hour,arm,unknown,0,improving,0,1,0,0,0,0,0,0,0,0,125,91,70,12,97.6,98,5,11.8,8.1,366879,136.9,4.2,1.54,159,0.86,187,1.9,2.4,0,1,0,0,0,0,0,2,2,10,0,0,351,1,2,1,45,male,standard,1,0
PAT-01130,back_pain,5,chronic,1_week,unknown,pressure,0,stable,0,0,0,0,0,0,0,0,1,0,148,73,112,27,102.7,93,0,15.3,15.9,369928,138.3,3.2,0.89,227,0.332,264,4.1,0.9,0,0,0,0,0,0,0,4,0,11,0,0,170,7,2,1,39,male,standard,1,0
PAT-01131,back_pain,7,gradual,3_days,back,aching,0,improving,0,1,0,0,0,0,0,0,0,0,95,60,66,17,103.1,97,10,4.9,11.5,271882,132.0,3.4,2.1,124,0.353,189,1.1,2.6,0,1,0,1,0,0,0,0,4,0,1,0,244,1,2,1,75,female,standard,1,0
PAT-01132,back_pain,7,sudden,1_month,generalized,dull,0,worsening,1,0,0,0,0,0,0,0,0,0,157,66,59,24,101.2,94,1,8.4,11.5,156912,145.0,3.6,3.16,166,0.564,269,2.8,1.5,0,1,0,0,0,1,0,3,2,0,0,0,56,6,3,0,68,male,standard,1,0
PAT-01133,fever,4,chronic,1_month,unknown,aching,0,worsening,0,0,0,0,0,0,0,0,1,1,100,69,93,21,102.0,89,4,5.3,8.0,369053,141.3,3.4,1.49,188,0.806,502,3.3,3.0,0,0,0,0,1,0,0,2,6,7,0,0,125,7,0,1,43,female,standard,2,0
PAT-01134,injury,5,sudden,1_week,chest,throbbing,0,fluctuating,0,0,0,0,0,0,0,1,0,0,98,101,69,26,101.4,98,4,8.0,15.1,288440,131.4,3.8,1.96,126,0.849,439,4.0,1.2,0,1,1,0,0,0,1,1,3,4,1,0,54,3,3,1,23,unknown,standard,1,0
PAT-01135,chest_pain,3,sudden,1_day,chest,unknown,0,stable,1,0,0,0,0,0,0,0,0,0,131,57,73,17,99.6,91,0,15.5,14.5,183519,131.3,3.6,1.83,80,0.392,670,3.6,1.8,1,0,0,1,1,0,0,4,2,11,0,0,280,5,2,1,41,unknown,standard,1,0
PAT-01136,chest_pain,10,sudden,1_month,unknown,burning,0,worsening,0,0,0,0,0,0,0,0,0,0,114,58,103,14,101.2,94,10,4.0,15.6,212699,133.4,4.7,0.84,120,0.39,96,1.6,1.6,0,0,0,1,0,0,0,0,3,3,0,1,90,3,2,1,63,unknown,standard,0,0
PAT-01137,injury,8,chronic,1_hour,leg,dull,0,fluctuating,0,0,0,0,0,0,0,0,0,0,108,91,93,14,102.5,98,3,12.9,9.4,352242,133.8,3.9,3.13,272,0.587,54,1.5,2.0,0,0,0,0,0,0,0,0,1,6,0,0,21,2,3,0,24,unknown,standard,0,0
PAT-01138,back_pain,7,gradual,3_days,leg,burning,0,stable,0,0,0,1,0,0,0,0,0,0,97,92,69,17,102.3,93,8,4.4,9.8,218983,137.9,4.9,2.82,89,0.653,520,1.0,1.6,0,0,0,0,0,0,0,1,0,7,1,0,66,3,1,1,54,male,standard,1,0
PAT-01139,headache,9,gradual,1_hour,arm,sharp,0,worsening,0,0,0,0,0,0,0,0,0,0,93,60,109,13,97.7,98,8,9.7,10.6,404708,138.6,3.5,0.97,192,0.781,312,1.2,2.7,0,1,0,0,1,0,0,0,3,9,0,0,310,5,0,1,40,male,standard,0,0
PAT-01140,abdominal_pain,9,gradual,1_day,leg,pressure,1,improving,1,0,0,0,0,0,0,0,0,1,133,103,121,26,100.1,95,4,10.4,12.5,200878,132.3,3.7,1.07,263,0.743,511,3.2,1.8,0,0,1,1,0,0,0,3,3,6,1,0,326,7,0,0,49,female,standard,2,0
PAT-01141,fever,0,sudden,1_hour,head,dull,0,worsening,0,0,0,0,0,0,0,0,0,1,110,82,110,23,99.7,93,6,9.3,10.9,294575,145.6,5.0,0.73,107,0.45,159,1.6,1.7,0,0,0,1,0,0,0,3,3,8,0,0,67,7,2,1,71,male,standard,1,0
PAT-01142,abdominal_pain,1,chronic,1_hour,generalized,throbbing,0,improving,0,0,0,0,0,0,0,0,0,0,133,62,99,16,101.9,89,10,12.7,10.5,153351,143.2,4.7,3.46,155,0.36,453,2.2,3.1,0,1,0,0,1,0,0,4,6,8,0,0,339,7,3,1,72,male,standard,0,0
PAT-01143,other,8,sudden,2_hours,unknown,unknown,0,fluctuating,1,0,0,0,0,0,0,0,0,0,126,85,111,21,100.4,88,1,17.6,9.6,310658,140.1,3.4,1.87,199,0.373,394,3.1,1.8,1,0,0,0,0,0,0,3,2,9,0,0,165,0,0,1,28,unknown,standard,1,0
PAT-01144,injury,7,gradual,1_hour,unknown,sharp,0,fluctuating,0,0,0,0,0,0,0,0,0,0,129,75,121,14,99.4,92,0,7.4,9.4,304322,134.4,5.4,3.31,214,0.776,639,3.0,1.2,0,1,0,0,0,0,0,4,3,8,0,0,136,6,1,1,57,male,standard,0,0
PAT-01145,headache,2,gradual,1_week,abdomen,sharp,0,stable,0,0,0,0,1,0,0,0,0,0,161,99,60,16,101.7,98,1,12.3,12.0,245129,144.6,5.0,1.88,105,0.523,523,3.5,1.5,0,1,0,0,0,0,0,4,1,8,0,0,127,5,3,0,38,male,standard,1,0
PAT-01146,fever,7,chronic,3_days,chest,burning,1,stable,0,0,0,0,0,0,0,0,1,0,105,83,124,25,100.2,97,3,8.6,11.8,359499,135.0,4.5,0.99,108,0.166,485,0.8,2.6,0,0,0,0,0,0,0,2,4,8,0,0,197,2,2,1,64,male,standard,1,0
PAT-01147,injury,0,sudden,2_hours,unknown,sharp,0,stable,0,0,0,0,0,0,0,0,0,0,113,69,85,24,98.8,99,5,18.0,14.7,365082,135.1,4.0,1.66,106,0.012,285,2.7,1.5,0,0,0,1,0,0,0,0,4,0,0,0,204,1,3,1,52,unknown,standard,0,0
PAT-01148,back_pain,9,gradual,3_days,head,dull,1,fluctuating,0,0,0,0,0,0,0,0,0,0,108,103,76,14,102.8,97,2,17.3,15.0,176825,135.6,3.4,1.87,97,0.04,845,3.8,2.5,0,0,0,0,0,0,0,0,6,10,0,0,212,4,2,0,64,male,standard,0,0
PAT-01149,chest_pain,3,chronic,3_days,unknown,burning,0,improving,1,1,0,0,0,1,0,0,0,0,161,78,92,13,97.9,96,1,4.9,14.0,188146,130.8,4.0,1.19,176,1.042,122,1.9,3.0,0,1,0,0,0,0,0,3,4,4,0,0,353,3,2,1,65,male,standard,3,0
PAT-01150,abdominal_pain,2,sudden,1_day,back,sharp,0,stable,0,0,0,0,0,0,0,0,0,0,126,75,112,15,97.3,89,6,17.6,15.1,393133,131.0,3.9,0.85,143,0.552,534,1.3,1.8,1,0,0,1,0,0,0,0,5,9,0,0,108,3,3,1,43,male,standard,0,0
PAT-01151,shortness_of_breath,5,sudden,1_day,head,unknown,0,stable,0,0,0,0,0,0,0,0,0,0,168,103,124,16,98.1,94,7,14.2,8.9,260170,137.6,3.4,1.59,114,0.791,728,0.8,1.3,0,0,1,0,0,0,0,4,3,0,0,1,123,4,2,1,46,female,standard,0,0
PAT-01152,shortness_of_breath,6,gradual,2_hours,arm,throbbing,0,fluctuating,0,0,0,0,0,0,0,0,0,0,155,77,83,17,98.2,96,8,17.9,11.9,162891,144.1,5.0,2.21,268,1.115,842,4.0,2.5,1,0,0,0,0,0,0,4,6,5,0,0,334,4,1,1,76,female,standard,0,0
PAT-01153,headache,3,gradual,1_month,back,unknown,0,improving,0,0,0,0,0,0,0,0,0,0,125,85,110,24,100.6,91,10,14.7,10.4,187537,145.1,4.2,1.41,197,0.156,320,0.6,1.9,0,1,0,0,0,1,0,1,1,6,0,0,155,2,3,1,32,male,standard,0,0
PAT-01154,back_pain,6,sudden,1_day,back,aching,1,worsening,0,0,0,0,0,0,0,0,0,0,132,88,65,24,101.1,91,9,5.4,10.1,416216,142.4,5.2,3.38,105,0.54,700,3.5,1.0,0,1,0,0,1,0,0,0,2,10,0,1,206,7,1,1,25,unknown,standard,0,0
PAT-01155,other,8,sudden,1_day,unknown,dull,0,stable,0,0,0,0,0,0,0,0,0,0,163,82,102,25,100.0,97,7,14.4,14.1,223649,136.5,3.6,2.05,214,0.649,371,1.6,2.2,0,0,0,0,0,0,0,0,0,4,0,0,252,2,0,1,58,male,standard,0,0
PAT-01156,abdominal_pain,10,gradual,1_day,leg,throbbing,1,worsening,1,0,0,0,0,0,0,0,0,0,173,86,114,25,98.5,92,1,14.0,15.1,371417,135.0,3.9,1.06,177,1.011,701,1.5,2.2,1,0,0,0,0,0,0,3,2,1,0,0,5,4,3,1,18,male,standard,1,0
PAT-01157,back_pain,1,sudden,3_days,unknown,throbbing,1,worsening,0,0,0,0,0,0,0,0,0,0,161,76,105,25,98.0,93,2,5.9,9.0,245859,133.5,3.8,1.86,116,1.192,564,1.2,2.5,1,1,0,0,0,0,1,3,6,8,0,0,330,4,2,1,49,female,standard,0,0
PAT-01158,abdominal_pain,10,gradual,2_hours,head,burning,1,stable,0,0,0,0,0,1,0,0,0,0,127,57,93,26,100.3,99,0,14.4,9.1,254164,138.6,5.2,2.68,222,0.855,497,1.3,2.6,0,0,0,0,0,0,0,2,5,7,0,0,85,7,1,1,20,unknown,standard,1,0
PAT-01159,headache,2,sudden,3_days,arm,pressure,0,fluctuating,0,0,0,0,0,0,0,0,0,0,92,63,60,13,100.8,94,0,13.3,13.4,310000,137.7,4.4,2.06,88,0.772,537,2.5,2.4,0,0,0,0,0,0,0,3,3,0,0,0,64,3,1,1,50,unknown,standard,0,0
PAT-01160,headache,4,gradual,1_week,chest,burning,0,stable,0,0,0,0,0,0,0,0,0,0,169,60,84,24,99.1,96,5,17.9,9.2,403987,137.5,3.5,1.63,149,1.105,498,3.8,1.7,0,0,0,0,0,0,0,4,1,7,0,0,323,3,3,0,45,unknown,standard,0,0
PAT-01161,other,2,chronic,3_days,generalized,dull,0,improving,0,0,0,0,0,0,0,0,0,0,147,55,55,25,98.6,93,2,12.5,14.5,377397,135.1,4.0,1.0,262,1.006,173,1.9,2.8,0,0,0,1,0,0,1,4,0,0,0,0,53,6,1,1,78,unknown,standard,0,0
PAT-01162,shortness_of_breath,10,gradual,1_week,leg,dull,0,improving,0,0,0,0,0,0,0,0,0,0,147,76,63,14,97.7,90,3,9.5,15.0,154363,139.3,5.4,1.99,189,1.039,67,3.3,3.1,0,1,0,0,0,0,1,0,3,11,0,0,335,7,3,0,74,unknown,standard,0,0
PAT-01163,back_pain,7,gradual,1_hour,head,burning,0,stable,0,0,1,0,0,0,0,0,0,0,90,58,99,14,97.4,89,9,17.3,12.4,157737,139.7,4.5,0.97,164,0.008,755,1.5,1.6,0,0,1,0,0,0,0,1,1,10,0,0,97,3,1,1,75,male,standard,1,0
PAT-01164,fever,9,chronic,1_hour,chest,pressure,0,worsening,1,0,0,0,0,0,0,0,0,0,158,99,62,17,97.9,93,7,12.6,15.7,233018,144.0,3.3,1.74,76,0.62,844,3.9,1.5,1,1,0,0,0,1,0,0,2,4,1,0,64,0,1,0,41,male,standard,1,0
PAT-01165,shortness_of_breath,7,sudden,1_week,head,unknown,0,improving,0,0,0,0,0,0,0,0,0,0,136,62,88,12,101.9,96,4,8.6,8.2,307922,142.2,3.3,1.03,233,0.94,88,3.9,2.1,1,0,0,0,1,0,0,1,1,9,0,0,32,6,2,1,67,unknown,standard,0,0
PAT-01166,back_pain,7,chronic,1_week,leg,burning,1,improving,0,0,0,1,0,0,0,0,0,0,105,91,62,18,99.4,90,10,3.8,9.9,353037,135.3,3.7,2.59,257,0.222,193,1.0,3.2,0,1,0,0,0,1,0,3,1,6,0,0,81,0,0,0,43,female,standard,1,0
PAT-01167,shortness_of_breath,8,gradual,3_days,chest,dull,1,stable,0,0,0,0,0,0,0,0,0,0,98,96,66,24,97.4,91,5,14.5,14.6,158243,136.1,4.6,2.86,109,0.903,451,3.6,1.3,1,0,1,0,0,0,0,2,2,5,0,0,136,7,3,0,66,male,standard,0,0
PAT-01168,fever,3,sudden,1_week,leg,pressure,0,stable,0,0,0,0,0,0,0,0,0,0,142,73,97,19,100.4,90,8,5.2,16.1,186178,133.8,3.8,1.38,101,0.016,572,3.1,2.0,0,0,0,0,1,0,0,2,4,1,0,0,184,1,3,1,29,female,standard,0,0
PAT-01169,chest_pain,4,chronic,2_hours,head,dull,0,fluctuating,0,0,0,1,0,0,0,0,1,0,109,98,110,18,100.6,94,10,16.9,16.2,212600,132.7,5.2,0.91,207,0.692,126,2.0,1.3,0,1,0,1,0,0,0,2,0,2,0,0,84,7,3,1,59,male,standard,2,0
PAT-01170,chest_pain,4,sudden,1_hour,back,pressure,0,stable,0,0,0,0,0,0,0,0,0,0,140,55,85,15,99.9,91,10,17.4,8.0,271679,131.7,4.6,1.67,149,1.022,547,3.6,1.8,0,1,0,0,0,0,0,3,5,5,0,0,314,2,0,0,18,female,standard,0,0
PAT-01171,other,7,sudden,1_hour,generalized,pressure,0,stable,0,1,0,0,0,0,0,0,0,1,167,95,96,18,97.9,99,1,6.9,13.4,374463,130.5,3.9,2.27,253,0.52,199,3.9,1.8,0,0,0,1,1,0,0,1,2,2,0,0,166,0,0,1,60,unknown,standard,2,0
PAT-01172,chest_pain,6,chronic,1_month,abdomen,burning,0,improving,0,0,0,0,0,0,0,0,0,0,93,78,87,12,102.0,93,2,5.1,8.2,395908,136.7,4.1,2.85,166,0.889,799,2.4,2.2,1,1,1,0,0,0,1,0,0,0,1,0,20,2,3,1,64,male,standard,0,0
PAT-01173,chest_pain,8,sudden,1_week,generalized,burning,0,improving,0,1,0,0,0,1,0,0,0,0,120,102,73,27,101.5,93,4,12.1,14.0,377716,145.3,4.1,1.83,218,0.639,290,2.4,1.0,1,0,0,0,0,0,0,2,3,1,0,0,344,3,1,1,78,unknown,standard,2,0
PAT-01174,injury,7,chronic,1_day,back,burning,0,improving,0,0,0,1,0,0,0,0,0,0,141,71,109,24,99.7,96,1,6.6,14.5,165761,138.6,3.9,1.72,190,0.779,232,3.1,2.8,0,0,1,0,0,0,0,0,5,8,0,0,258,4,2,1,44,female,standard,1,0
PAT-01175,abdominal_pain,1,gradual,1_day,leg,pressure,0,worsening,0,0,0,0,0,0,0,0,0,0,163,86,58,26,99.6,92,7,11.4,15.3,249931,141.9,4.6,3.24,242,0.622,376,1.5,2.5,0,1,1,0,0,0,0,2,3,10,0,0,362,7,2,1,81,unknown,standard,0,0
PAT-01176,injury,9,sudden,1_week,generalized,pressure,0,improving,0,0,0,0,0,0,0,0,0,1,89,104,66,24,98.2,94,1,9.5,12.5,197117,136.4,3.7,1.96,164,0.574,552,0.9,3.2,0,1,0,0,0,0,0,1,4,2,0,0,295,7,2,1,67,male,standard,1,0
PAT-01177,injury,3,gradual,2_hours,leg,dull,0,improving,0,0,0,0,0,0,0,0,0,0,165,68,82,19,101.9,88,3,15.0,15.2,353857,136.2,3.9,1.95,162,1.011,740,2.5,1.5,0,0,0,0,0,0,0,3,4,2,0,0,40,3,2,0,67,unknown,standard,0,0
PAT-01178,other,5,gradual,1_day,leg,throbbing,1,stable,0,0,0,1,0,0,0,0,0,0,91,71,112,25,101.0,95,2,18.0,15.9,395772,132.0,3.4,1.85,270,0.116,820,1.8,2.9,0,1,1,0,0,1,0,1,5,4,0,1,85,6,1,1,59,male,standard,1,0
PAT-01179,injury,1,sudden,1_month,chest,burning,0,fluctuating,0,0,0,0,0,0,0,0,0,0,90,86,102,21,97.7,89,3,10.1,12.5,253636,134.8,4.1,1.72,278,0.704,820,1.0,2.3,0,0,0,0,0,0,0,1,2,0,0,1,169,4,2,0,60,female,standard,0,0
PAT-01180,chest_pain,6,chronic,1_week,arm,aching,0,improving,0,0,0,0,0,0,0,0,0,0,163,87,55,26,99.6,91,3,13.4,12.5,246427,144.9,3.3,2.74,193,0.142,775,1.1,1.4,0,0,0,0,1,0,0,4,2,10,0,0,91,6,0,1,66,female,standard,0,0
PAT-01181,fever,2,sudden,2_hours,leg,dull,0,fluctuating,0,0,1,0,0,0,0,0,0,0,136,84,98,21,102.9,97,5,8.5,12.3,171106,137.8,3.2,1.49,155,0.678,175,1.4,1.6,0,1,0,0,1,0,0,2,0,0,1,0,178,7,3,1,20,male,standard,1,0
PAT-01182,other,2,gradual,2_hours,generalized,dull,0,improving,0,0,0,1,0,0,0,0,0,0,158,101,117,14,100.0,94,9,16.0,12.3,319698,133.3,4.7,1.76,246,1.156,109,1.8,0.9,1,1,0,1,0,0,0,1,5,0,0,0,39,4,3,0,80,unknown,standard,1,0
PAT-01183,other,10,gradual,3_days,generalized,sharp,0,improving,0,0,0,0,0,1,0,0,0,0,154,88,92,20,99.2,99,9,4.0,14.6,325854,140.6,3.6,1.49,243,0.073,828,2.2,1.7,0,0,0,0,1,0,0,4,2,3,0,0,187,1,3,1,29,unknown,standard,1,0
PAT-01184,headache,1,chronic,2_hours,generalized,burning,0,fluctuating,0,0,0,0,0,0,0,0,0,0,139,82,63,12,101.3,93,9,10.7,8.6,121514,136.5,3.3,2.3,90,0.509,82,4.0,3.0,0,0,1,1,0,0,0,0,4,8,1,0,138,2,0,1,26,unknown,standard,0,0
PAT-01185,other,10,sudden,1_day,back,unknown,0,stable,0,1,0,0,0,0,0,0,0,0,161,78,60,27,98.5,91,8,6.1,11.8,297067,143.2,3.4,3.39,191,0.963,438,2.3,1.1,0,0,1,0,0,0,0,1,6,4,0,0,325,4,2,0,66,male,standard,1,0
PAT-01186,headache,7,gradual,1_day,abdomen,dull,0,improving,0,0,0,0,0,0,0,0,0,0,98,68,124,27,100.5,95,2,6.1,12.5,179859,131.5,3.7,1.79,116,0.447,451,3.9,3.0,0,1,0,0,0,0,0,3,5,7,0,0,131,0,0,1,70,male,standard,0,0
PAT-01187,other,5,gradual,1_week,leg,sharp,0,fluctuating,0,0,0,0,0,0,0,0,0,0,85,88,106,17,101.4,99,0,11.2,9.8,400400,138.3,4.9,3.41,222,0.627,510,2.6,1.8,0,1,0,0,0,1,0,4,4,10,0,0,364,0,3,1,63,male,standard,0,0
PAT-01188,abdominal_pain,0,gradual,1_week,unknown,aching,0,improving,0,1,0,0,0,0,0,1,0,0,167,101,121,12,102.6,94,7,8.0,12.6,267289,142.8,3.2,2.54,264,0.142,58,1.2,2.6,1,1,0,0,0,0,0,3,4,2,0,0,238,3,2,1,80,male,standard,2,0
PAT-01189,chest_pain,0,chronic,2_hours,leg,aching,0,worsening,0,0,0,0,0,0,0,1,0,0,157,55,70,19,101.6,93,6,10.2,11.9,180345,143.7,4.9,2.93,190,0.272,167,3.6,2.4,1,1,0,0,0,0,0,4,0,9,0,0,7,5,0,1,29,female,standard,1,0
PAT-01190,other,6,gradual,1_month,leg,unknown,1,worsening,0,0,0,0,0,0,0,0,0,0,121,76,56,25,99.6,92,1,7.9,14.3,332295,136.3,4.6,1.63,181,0.825,498,0.7,2.4,0,0,0,0,0,0,0,2,6,3,1,0,49,3,0,1,81,male,standard,0,0
PAT-01191,chest_pain,7,gradual,1_hour,unknown,burning,0,worsening,0,0,0,0,0,0,0,0,0,0,133,87,90,14,102.0,92,4,10.1,11.0,323623,141.9,4.4,1.33,230,0.995,185,2.6,2.2,0,1,1,0,0,0,0,0,2,4,0,0,183,7,1,0,57,male,standard,0,0
PAT-01192,chest_pain,4,sudden,3_days,chest,pressure,1,worsening,0,0,0,0,0,0,1,0,1,0,96,98,89,15,102.9,98,9,7.6,16.1,167640,145.5,5.3,2.32,262,0.778,42,1.8,2.0,0,0,1,1,0,1,0,3,6,11,0,0,83,7,2,1,40,male,standard,2,0
PAT-01193,shortness_of_breath,10,sudden,1_hour,leg,sharp,1,stable,1,0,0,0,0,0,0,0,0,0,89,101,84,23,100.2,94,3,15.2,11.5,289612,140.0,5.1,3.47,115,1.005,281,2.2,3.0,0,0,0,0,1,1,0,1,2,1,0,0,205,1,1,1,33,male,standard,1,0
PAT-01194,other,4,gradual,2_hours,back,pressure,0,worsening,0,0,0,0,0,0,0,0,0,0,154,72,99,17,97.2,98,8,11.6,13.4,186857,143.0,4.2,2.69,203,0.729,747,3.5,2.5,0,1,1,0,0,0,0,0,5,2,0,1,102,1,2,1,42,unknown,standard,0,0
PAT-01195,back_pain,3,gradual,2_hours,head,aching,1,fluctuating,0,0,0,0,0,0,0,0,0,1,95,101,100,15,102.7,93,3,5.8,9.9,393942,139.2,3.2,2.61,90,0.973,117,0.6,2.3,0,1,0,0,0,0,0,0,0,0,0,0,29,3,2,1,59,female,standard,1,0
PAT-01196,shortness_of_breath,5,sudden,1_hour,arm,aching,1,improving,0,0,0,0,1,0,0,0,0,0,137,93,119,25,98.2,91,4,3.6,13.9,311599,142.6,4.8,1.96,206,1.18,500,1.3,1.9,1,1,0,1,0,0,0,1,0,6,0,0,85,1,3,1,80,male,standard,1,0
PAT-01197,back_pain,5,chronic,3_days,generalized,throbbing,1,fluctuating,0,0,0,0,0,0,1,0,0,0,139,66,55,19,98.0,94,7,3.8,12.4,246047,145.1,3.3,3.16,128,0.104,538,3.5,1.4,0,1,0,0,0,0,1,3,5,5,0,0,59,6,3,1,19,male,standard,1,0
PAT-01198,chest_pain,2,chronic,1_hour,leg,throbbing,0,worsening,0,1,0,0,0,0,0,0,0,0,158,64,111,20,99.1,92,2,9.6,10.9,237066,141.4,3.8,2.65,103,0.578,838,2.6,0.9,1,1,0,0,0,0,0,3,1,10,0,1,204,4,3,1,69,male,standard,1,0
PAT-01199,chest_pain,8,chronic,1_week,chest,unknown,0,stable,0,0,0,0,0,0,0,0,0,0,163,56,121,16,99.6,94,5,8.1,11.0,195213,132.5,4.3,2.59,274,0.232,289,1.5,3.2,1,0,1,0,0,0,0,2,0,1,0,1,70,6,0,0,43,female,standard,0,0
PAT-01200,shortness_of_breath,10,chronic,1_day,back,throbbing,1,worsening,1,1,0,0,0,0,0,1,1,0,134,56,85,12,102.2,94,5,7.3,11.2,340083,131.3,3.4,1.52,268,0.561,759,2.4,2.6,0,0,0,1,0,0,0,4,2,8,0,1,266,3,3,1,49,female,standard,4,0
PAT-01201,shortness_of_breath,6,chronic,1_month,leg,throbbing,0,worsening,0,0,0,0,0,0,0,0,0,0,137,60,79,19,99.7,98,6,12.5,11.7,353762,143.0,4.8,3.38,226,0.602,35,2.1,3.2,0,1,0,0,0,0,0,0,2,2,0,0,155,1,1,0,65,female,standard,0,0
PAT-01202,back_pain,0,chronic,1_week,unknown,unknown,0,stable,0,0,0,0,0,1,0,0,0,0,139,74,101,25,97.5,89,8,15.3,10.1,243694,134.1,3.9,1.4,115,0.748,769,3.4,2.7,1,0,0,0,0,0,0,0,4,2,0,1,54,0,2,1,24,male,standard,1,0
PAT-01203,headache,6,chronic,1_day,chest,dull,0,stable,1,0,0,0,0,0,0,0,0,0,87,92,110,24,101.2,99,10,4.4,10.4,419242,144.0,4.0,2.17,137,0.53,682,3.3,1.0,0,0,0,0,0,0,0,2,4,10,0,0,81,1,2,1,37,unknown,standard,1,0
PAT-01204,back_pain,4,chronic,1_month,head,throbbing,0,stable,1,0,0,0,0,0,0,0,0,1,100,82,55,26,101.4,91,2,5.1,16.1,330338,133.1,4.7,1.65,130,0.393,293,2.3,1.9,0,0,0,0,0,1,0,4,1,0,0,1,357,3,3,1,20,unknown,standard,2,0
PAT-01205,shortness_of_breath,4,sudden,1_month,abdomen,dull,0,stable,0,0,0,0,0,0,0,0,0,0,129,96,91,27,102.3,97,4,8.8,10.6,150183,144.6,4.1,1.21,88,0.057,240,1.6,1.2,0,0,0,1,0,0,0,4,5,9,0,0,295,6,0,1,21,unknown,standard,0,0
PAT-01206,fever,1,chronic,1_month,leg,dull,0,stable,0,0,0,0,0,0,0,0,0,0,165,57,121,13,99.7,91,4,9.9,13.3,255254,142.9,3.7,1.1,255,0.047,599,0.6,2.7,1,0,0,0,0,0,0,4,0,6,0,1,237,0,3,0,28,female,standard,0,0
PAT-01207,shortness_of_breath,3,chronic,2_hours,back,burning,1,stable,0,0,0,0,0,0,0,0,0,0,120,102,66,27,97.7,94,4,9.2,10.9,354828,144.1,3.6,1.52,200,0.214,300,2.3,1.3,1,1,0,0,0,0,0,1,3,0,0,0,346,5,2,1,38,unknown,standard,0,0
PAT-01208,fever,5,chronic,1_month,chest,dull,0,improving,0,0,1,0,0,0,0,0,1,0,103,91,74,17,100.7,95,5,12.8,14.9,137116,133.7,4.9,2.63,246,0.542,564,2.7,2.4,0,1,0,0,0,0,0,2,1,7,0,0,337,5,2,1,60,female,standard,2,0
PAT-01209,abdominal_pain,9,gradual,3_days,unknown,dull,1,worsening,0,0,0,0,0,0,0,0,0,1,88,91,84,17,98.0,98,0,4.8,13.9,233723,144.1,4.9,3.43,245,0.504,582,2.8,2.4,0,1,0,0,0,0,0,1,6,10,1,1,74,5,3,0,27,unknown,standard,1,0
PAT-01210,shortness_of_breath,10,sudden,1_hour,chest,throbbing,1,worsening,0,0,0,0,0,0,0,0,0,0,143,96,118,27,97.3,88,8,10.7,10.8,269280,139.4,3.7,3.09,203,0.233,810,3.7,2.4,0,1,1,0,0,0,1,4,0,1,0,1,91,4,1,1,56,unknown,standard,0,0
PAT-01211,abdominal_pain,6,sudden,3_days,leg,dull,0,stable,1,0,0,1,0,0,0,0,0,0,173,79,118,22,102.1,94,2,15.3,14.1,124512,131.3,3.9,1.31,192,0.988,837,2.3,2.9,0,1,0,0,0,0,0,1,2,2,0,0,181,6,1,1,42,male,standard,2,0
PAT-01212,headache,10,sudden,1_hour,chest,pressure,0,fluctuating,0,0,0,0,0,0,0,0,0,0,96,77,72,18,99.7,98,5,17.0,14.4,199101,144.9,5.4,0.92,171,0.822,680,3.2,2.6,0,0,0,1,0,0,1,0,1,8,1,0,111,7,2,0,81,male,standard,0,0
PAT-01213,back_pain,4,chronic,1_week,abdomen,unknown,1,stable,0,0,0,0,0,0,0,0,0,0,147,67,86,23,100.5,93,3,11.6,9.2,172794,133.1,5.5,2.62,202,0.415,594,1.1,1.7,0,0,0,0,0,0,0,1,1,10,0,0,51,2,1,1,24,unknown,standard,0,0
PAT-01214,fever,8,chronic,1_week,chest,throbbing,0,improving,0,0,0,1,0,0,0,0,0,1,140,78,73,20,101.4,97,6,5.5,12.9,151642,133.4,4.5,0.78,213,0.957,141,3.4,1.6,0,0,0,0,0,0,0,1,5,11,0,0,97,1,3,0,51,male,standard,2,0
PAT-01215,back_pain,2,gradual,1_hour,generalized,unknown,1,fluctuating,0,0,0,0,0,0,0,0,0,0,111,57,87,12,99.7,88,7,14.0,14.9,409135,141.3,4.9,3.11,222,1.187,387,2.2,1.0,1,1,1,0,0,0,0,3,0,9,0,0,99,7,1,1,73,male,standard,0,0
PAT-01216,abdominal_pain,0,sudden,3_days,arm,sharp,0,improving,0,0,0,0,0,0,1,0,0,0,152,104,116,21,97.5,95,3,15.0,8.4,123096,139.3,4.9,3.01,153,0.298,558,3.1,3.0,0,1,1,0,0,0,1,2,2,7,0,0,262,6,2,1,70,male,standard,1,0
PAT-01217,fever,3,chronic,1_hour,generalized,throbbing,0,fluctuating,0,0,0,0,0,0,0,0,0,0,108,92,76,24,98.8,92,9,6.3,12.3,401842,144.4,4.1,2.92,223,0.438,228,3.6,1.1,0,1,0,0,0,0,0,4,0,5,0,0,150,7,3,1,37,male,standard,0,0
PAT-01218,back_pain,8,sudden,1_month,arm,dull,0,fluctuating,0,1,1,0,0,0,0,0,0,0,165,82,83,23,98.4,94,5,13.3,15.1,150781,134.9,3.3,2.25,161,1.192,173,1.5,2.0,0,1,0,1,0,0,0,2,2,6,0,0,28,6,2,0,32,unknown,standard,2,0
PAT-01219,shortness_of_breath,3,gradual,2_hours,chest,pressure,0,stable,0,0,0,0,0,0,0,0,0,0,110,80,58,19,103.4,95,9,17.0,16.1,232231,130.7,4.9,3.43,147,0.17,294,3.0,2.1,0,1,1,0,0,0,0,0,5,0,0,1,274,5,0,1,63,male,standard,0,0
PAT-01220,chest_pain,1,gradual,1_week,unknown,unknown,0,improving,0,0,0,0,0,0,0,0,0,0,166,74,104,22,101.9,94,6,13.9,13.6,325251,145.9,3.5,1.98,222,0.097,244,1.0,1.9,0,0,0,1,0,0,0,4,2,0,0,0,42,1,1,1,54,male,standard,0,0
PAT-01221,abdominal_pain,9,gradual,2_hours,unknown,throbbing,0,fluctuating,0,1,0,0,0,0,0,0,0,1,106,81,58,16,100.0,98,9,9.5,10.8,399629,135.0,3.9,3.46,191,0.628,77,1.0,2.2,0,0,0,0,1,0,0,0,4,10,0,1,45,2,1,1,66,male,standard,2,0
PAT-01222,back_pain,4,sudden,1_month,leg,pressure,1,improving,0,1,0,0,0,0,0,0,0,0,154,55,59,24,97.6,99,6,9.9,13.1,245530,132.6,3.9,3.17,219,0.565,782,1.6,2.6,0,0,0,0,1,0,0,1,3,10,1,0,38,7,0,1,27,female,standard,1,0
PAT-01223,abdominal_pain,2,chronic,1_month,unknown,unknown,0,stable,0,1,0,0,0,0,0,0,0,0,103,64,93,17,97.9,99,8,4.7,8.2,168507,145.8,4.0,1.05,180,0.099,259,1.1,1.4,0,0,0,0,0,0,0,3,4,1,0,0,72,2,2,1,58,male,standard,1,0
PAT-01224,injury,8,chronic,1_week,arm,sharp,1,stable,0,0,0,0,0,0,0,0,0,0,118,64,111,19,102.3,97,7,11.1,11.9,345121,139.0,4.3,3.21,265,0.352,519,2.2,1.1,1,0,1,0,0,0,0,4,6,9,0,0,206,3,1,1,22,female,standard,0,0
PAT-01225,abdominal_pain,3,gradual,1_week,back,aching,0,stable,0,0,0,0,0,0,0,0,0,0,95,55,85,19,103.2,99,2,15.1,14.2,138825,132.4,4.4,1.55,153,0.506,282,3.7,2.9,0,0,0,1,0,0,0,0,1,5,0,0,332,4,2,0,71,unknown,standard,0,0
PAT-01226,fever,5,chronic,1_month,arm,sharp,0,stable,0,0,0,0,0,1,0,0,0,0,172,86,61,23,97.4,88,3,17.7,8.3,310101,143.4,4.3,2.85,207,0.988,250,0.9,2.0,0,0,0,1,0,1,0,1,6,11,0,0,170,5,0,1,67,male,standard,1,0
PAT-01227,injury,1,gradual,1_day,generalized,aching,0,worsening,0,0,0,0,0,0,0,0,0,1,129,86,66,22,102.9,93,8,9.3,13.1,233384,145.1,3.6,0.7,248,0.851,418,1.9,1.2,0,1,0,1,0,0,0,4,1,6,0,0,95,3,0,1,59,male,standard,1,0
PAT-01228,other,5,sudden,2_hours,chest,burning,1,fluctuating,0,0,0,0,0,0,0,1,0,0,121,97,64,18,99.6,98,10,9.8,13.0,390933,144.1,4.7,1.47,180,1.098,85,1.3,2.4,0,1,0,0,0,0,0,4,0,1,0,0,195,0,2,1,27,female,standard,1,0
PAT-01229,fever,2,gradual,2_hours,leg,aching,0,worsening,0,0,0,0,0,0,0,0,0,0,107,81,83,18,98.5,98,6,4.3,9.6,158462,133.2,5.0,2.82,126,0.402,469,2.3,1.4,0,0,0,0,1,0,1,2,0,2,0,1,290,3,3,1,19,unknown,standard,0,0
PAT-01230,chest_pain,8,sudden,1_day,head,burning,0,stable,1,1,0,0,0,0,0,0,0,0,124,67,67,23,97.8,98,6,14.7,12.8,351649,130.8,4.3,3.42,171,0.375,228,2.9,1.1,0,1,0,0,0,0,0,4,0,1,0,1,327,7,3,1,70,female,standard,2,0
PAT-01231,injury,10,gradual,3_days,leg,throbbing,1,fluctuating,0,0,0,0,0,0,0,0,1,0,127,71,124,23,102.1,99,0,13.9,11.5,197167,135.9,5.1,1.18,154,0.559,501,3.7,1.5,0,1,1,0,0,0,0,0,4,11,0,0,43,2,0,1,80,female,standard,1,0
PAT-01232,other,1,chronic,2_hours,leg,burning,0,fluctuating,0,0,0,1,0,0,0,0,0,0,88,82,85,12,100.2,88,1,9.3,12.1,303375,135.7,4.2,1.99,110,0.014,450,0.7,1.6,0,0,0,0,0,0,0,3,2,1,0,0,302,4,1,1,39,male,standard,1,0
PAT-01233,shortness_of_breath,8,chronic,1_hour,leg,pressure,0,improving,0,0,0,0,0,0,0,0,0,1,166,79,63,19,102.4,91,0,13.8,10.8,342107,136.5,4.5,2.34,175,0.253,65,2.6,2.9,0,0,0,0,0,0,0,4,3,0,0,0,181,5,3,0,45,male,standard,1,0
PAT-01234,abdominal_pain,4,gradual,1_month,back,burning,0,stable,0,0,0,0,0,0,1,0,0,0,99,104,105,27,98.6,91,3,12.5,14.9,281525,142.8,3.4,3.37,179,0.258,734,3.1,1.6,0,0,0,0,0,0,1,0,1,0,1,0,92,3,0,0,68,male,standard,1,0
PAT-01235,back_pain,7,chronic,1_month,abdomen,pressure,1,worsening,0,0,1,0,0,0,0,0,0,0,107,90,70,14,101.5,95,3,14.7,11.1,162189,130.2,3.5,1.97,123,0.078,575,1.1,2.7,0,0,0,0,0,0,0,1,5,7,0,0,252,0,1,1,64,male,standard,1,0
PAT-01236,headache,1,chronic,1_day,generalized,unknown,0,improving,0,0,0,0,1,0,0,1,0,0,96,101,113,16,97.9,93,4,8.1,14.7,131008,140.8,5.0,3.31,240,0.549,668,4.0,2.2,0,0,0,0,0,0,0,1,1,11,0,0,352,2,1,1,21,female,standard,2,0
PAT-01237,abdominal_pain,5,chronic,2_hours,chest,unknown,0,fluctuating,0,1,0,0,0,0,0,0,0,0,152,56,112,15,97.8,94,4,12.9,8.7,131262,145.8,3.8,3.44,163,1.087,90,0.9,1.1,0,0,1,0,0,0,0,4,6,11,0,1,355,1,2,1,18,unknown,standard,1,0
PAT-01238,other,2,sudden,3_days,abdomen,aching,1,worsening,0,0,0,0,0,0,0,0,1,0,152,86,65,21,98.0,99,0,12.6,10.4,389710,136.4,3.4,3.34,229,0.01,798,1.8,1.3,1,0,0,0,0,0,0,3,0,10,0,0,23,7,2,1,71,unknown,standard,1,0
PAT-01239,abdominal_pain,9,chronic,2_hours,head,aching,1,stable,1,0,1,0,0,0,0,0,0,0,136,86,90,14,102.3,97,6,4.8,11.4,391576,137.8,4.5,2.8,143,0.756,646,1.5,1.1,0,0,0,0,0,0,0,4,4,9,0,1,161,2,1,1,40,unknown,standard,2,0
PAT-01240,chest_pain,4,sudden,1_month,abdomen,aching,0,worsening,0,0,0,0,0,0,0,0,0,0,125,60,55,21,101.3,94,5,7.6,11.4,135402,140.0,3.4,1.05,252,1.056,587,0.8,1.8,0,1,0,0,0,0,1,2,5,1,1,0,293,6,1,1,53,male,standard,0,0
PAT-01241,shortness_of_breath,7,gradual,1_week,chest,burning,0,worsening,0,0,1,0,1,0,0,0,0,0,162,85,75,16,98.2,94,7,16.0,11.8,185412,134.6,4.8,2.39,187,0.133,151,3.1,3.1,0,0,0,0,0,0,1,4,0,9,0,0,219,0,0,1,52,male,standard,2,0
PAT-01242,headache,9,chronic,1_hour,generalized,aching,0,worsening,0,0,1,0,0,0,0,0,0,0,143,63,98,14,99.6,97,3,5.8,13.5,148262,141.5,4.8,2.81,245,1.101,400,2.4,1.3,0,0,1,0,0,0,0,2,4,7,0,0,214,5,1,1,72,female,standard,1,0
PAT-01243,injury,0,chronic,1_day,generalized,burning,0,improving,0,0,0,0,0,0,0,0,0,0,142,97,91,20,102.0,89,0,9.0,12.9,200764,133.2,4.2,3.37,173,0.983,312,2.1,1.7,1,0,1,0,0,0,0,2,2,8,1,0,43,7,1,1,57,unknown,standard,0,0
PAT-01244,injury,4,chronic,1_week,chest,burning,1,fluctuating,0,0,0,0,0,0,0,0,1,0,143,70,60,27,99.0,93,2,6.8,12.4,299493,131.0,4.8,2.88,144,0.261,309,1.3,2.8,0,0,0,0,1,1,0,2,0,7,1,0,169,3,1,1,66,male,standard,1,0
PAT-01245,injury,2,gradual,3_days,head,dull,0,worsening,0,0,0,0,0,0,0,1,0,0,156,79,68,22,103.0,95,8,5.5,15.1,180990,142.8,5.0,2.21,83,1.087,355,2.2,2.9,0,0,0,0,0,1,0,2,6,3,0,0,145,6,1,1,78,male,standard,1,0
PAT-01246,other,3,sudden,1_week,chest,dull,0,fluctuating,0,0,0,0,0,1,0,0,0,1,107,94,55,24,103.0,95,9,5.5,9.7,140478,132.8,3.7,1.27,165,0.966,636,3.8,2.6,1,1,0,0,0,0,0,2,2,11,0,0,305,3,1,1,36,unknown,standard,2,0
PAT-01247,fever,1,sudden,1_week,head,burning,0,improving,0,1,1,1,0,0,0,0,0,1,85,82,62,20,100.7,91,6,8.5,15.3,277170,141.7,4.7,1.98,267,0.138,66,1.9,2.0,1,1,0,1,1,0,1,1,1,8,0,0,39,7,0,1,63,female,standard,4,0
PAT-01248,fever,8,chronic,3_days,head,unknown,0,stable,0,0,0,1,0,0,0,0,0,0,140,71,98,24,101.2,94,1,15.2,14.9,193642,143.9,4.8,2.49,104,0.998,49,2.4,2.4,0,0,0,0,0,0,0,4,1,9,0,0,279,3,0,0,78,unknown,standard,1,0
PAT-01249,back_pain,2,gradual,1_week,chest,pressure,0,stable,0,0,0,0,0,0,0,0,0,0,159,85,81,17,101.3,96,2,17.5,9.7,414482,130.7,3.6,1.61,217,0.653,649,3.9,1.9,0,0,0,0,1,0,0,4,1,9,0,0,310,1,0,1,74,male,standard,0,0
PAT-01250,headache,1,gradual,1_day,arm,throbbing,0,worsening,0,0,0,0,0,0,0,0,0,0,88,77,90,14,98.8,95,1,11.8,13.3,282989,141.3,4.9,1.98,234,0.98,65,3.1,2.9,0,0,0,1,0,0,0,2,2,0,0,0,81,0,2,1,31,male,standard,0,0
PAT-01251,injury,9,gradual,1_month,generalized,sharp,0,improving,0,0,0,0,0,0,0,0,1,0,113,85,96,16,99.5,89,3,12.7,9.9,354588,140.3,4.9,0.75,206,0.743,601,0.8,1.8,1,1,0,0,0,0,0,2,0,2,0,0,88,4,3,1,48,male,standard,1,0
PAT-01252,fever,10,gradual,2_hours,head,dull,0,stable,0,0,0,0,0,0,0,0,0,0,101,80,74,22,98.1,98,1,14.8,16.0,141131,140.0,3.6,3.16,262,0.473,564,1.8,2.8,1,0,0,0,0,0,0,2,4,2,1,0,227,1,2,1,69,male,standard,0,0
PAT-01253,other,8,gradual,1_week,chest,burning,0,improving,0,0,0,0,0,0,0,1,1,0,133,58,62,19,103.0,95,3,13.1,12.2,358620,134.7,3.9,0.8,257,0.723,69,4.1,2.2,1,1,0,0,0,0,1,4,4,5,0,0,35,2,2,1,32,female,standard,2,0
PAT-01254,back_pain,6,sudden,1_day,unknown,sharp,0,improving,0,0,0,0,0,0,0,0,0,0,167,93,100,27,101.8,90,10,15.8,9.7,261352,130.7,5.4,1.85,108,0.765,802,3.7,2.1,0,0,0,1,0,1,0,2,6,5,0,0,22,0,3,1,78,male,standard,0,0
PAT-01255,shortness_of_breath,5,sudden,2_hours,arm,dull,1,worsening,1,0,0,1,0,0,0,0,1,0,135,97,106,20,97.5,91,6,16.3,13.4,148141,131.6,3.4,2.13,194,0.921,807,3.8,2.4,1,1,0,0,0,0,0,2,5,6,0,0,224,0,2,1,35,female,standard,3,0
PAT-01256,back_pain,0,sudden,2_hours,generalized,throbbing,0,worsening,0,0,0,0,0,0,0,0,0,1,133,97,80,14,100.7,90,7,12.6,14.0,143187,134.4,3.7,3.42,135,0.998,479,4.0,1.6,0,1,0,0,0,1,1,3,0,9,0,0,294,7,0,1,39,unknown,standard,1,0
PAT-01257,fever,4,chronic,1_week,head,pressure,0,improving,0,0,0,0,0,0,0,0,0,0,108,97,89,16,99.4,95,9,11.2,13.1,155574,136.5,4.5,3.32,112,0.798,107,2.9,1.8,0,0,0,0,0,0,0,4,3,9,0,0,26,4,0,1,38,male,standard,0,0
PAT-01258,chest_pain,10,gradual,1_day,generalized,burning,1,improving,1,0,1,0,0,0,0,0,0,0,128,69,114,24,102.3,91,5,9.2,10.1,279708,144.7,5.4,2.51,158,1.188,59,3.4,2.8,0,0,0,0,0,0,0,3,6,6,0,0,232,5,0,1,28,male,standard,2,0
PAT-01259,other,10,chronic,1_month,arm,throbbing,0,worsening,0,0,0,0,0,0,0,1,1,0,125,91,57,25,99.4,98,10,10.2,14.2,328878,140.9,3.8,2.34,185,0.935,563,3.0,1.8,0,0,0,0,0,0,0,0,6,8,0,0,332,7,1,1,74,male,standard,2,0
PAT-01260,chest_pain,2,gradual,1_week,generalized,unknown,0,improving,0,1,0,0,0,0,0,0,0,1,141,92,58,26,101.3,88,8,8.5,15.9,330215,130.4,5.1,1.73,125,1.093,508,2.5,2.4,0,0,1,0,0,0,0,3,5,11,0,0,135,5,0,1,31,unknown,standard,2,0
PAT-01261,injury,0,sudden,3_days,back,dull,0,worsening,0,0,0,0,0,0,0,0,0,1,140,77,116,25,98.2,96,5,9.7,16.1,321906,144.7,4.0,0.82,260,0.387,116,2.5,2.4,0,0,1,0,0,1,0,3,4,9,0,1,134,0,2,1,29,unknown,standard,1,0
PAT-01262,chest_pain,3,chronic,2_hours,leg,burning,1,fluctuating,0,0,0,0,0,0,0,0,0,0,116,59,118,24,100.7,96,10,16.5,13.8,385522,141.5,4.0,1.45,166,0.383,643,0.6,2.9,0,0,0,0,0,0,0,0,4,5,0,0,205,2,3,0,29,female,standard,0,0
PAT-01263,injury,1,sudden,1_week,back,sharp,0,improving,0,1,0,0,0,0,0,0,0,0,115,95,104,13,99.1,88,10,17.6,15.1,282935,137.9,5.5,3.07,99,0.438,769,1.4,1.9,1,0,1,0,0,0,0,3,0,1,1,0,158,7,0,1,25,female,standard,1,0
PAT-01264,injury,1,gradual,2_hours,arm,unknown,1,worsening,0,0,0,0,0,0,0,0,0,0,100,97,73,13,98.2,95,2,8.7,16.3,145863,137.4,5.1,2.52,213,0.53,543,0.7,3.0,0,0,1,1,1,1,0,3,0,4,1,0,191,1,2,1,19,male,standard,0,0
PAT-01265,fever,2,gradual,1_day,head,unknown,0,improving,1,1,0,0,0,0,0,0,0,0,116,79,97,13,101.1,89,0,6.7,8.4,359902,144.9,3.8,2.98,188,1.154,290,2.2,3.2,1,1,0,0,0,0,0,2,5,10,0,0,261,2,2,1,45,unknown,standard,2,0
PAT-01266,chest_pain,7,gradual,1_hour,chest,aching,0,worsening,0,0,0,0,0,0,0,0,0,0,126,84,68,23,101.2,94,8,4.6,12.1,211686,138.8,3.6,3.04,82,0.093,206,3.2,1.3,0,1,1,0,0,0,0,0,0,11,0,0,129,5,2,1,65,male,standard,0,0
PAT-01267,injury,7,sudden,1_week,abdomen,pressure,1,improving,0,0,0,1,0,0,0,0,0,0,118,80,68,27,103.4,88,2,15.6,10.5,358779,138.0,3.4,0.87,108,0.601,719,4.0,2.5,0,1,1,0,0,0,0,2,3,0,1,0,57,5,1,1,39,female,standard,1,0
PAT-01268,headache,6,gradual,1_month,chest,unknown,1,stable,0,0,0,0,0,0,0,0,0,0,121,57,108,17,101.4,93,0,16.1,12.0,179596,142.4,4.3,1.64,101,0.198,603,0.6,2.5,1,1,0,0,0,0,0,1,6,2,0,0,84,5,1,1,30,male,standard,0,0
PAT-01269,shortness_of_breath,5,sudden,1_week,generalized,dull,0,stable,0,0,0,0,0,0,0,0,0,0,100,58,83,14,100.4,97,10,10.0,15.8,390991,139.5,4.0,2.59,182,0.974,791,2.4,1.9,0,0,0,0,0,1,0,4,2,3,0,1,47,2,2,1,22,male,standard,0,0
PAT-01270,back_pain,8,chronic,2_hours,abdomen,pressure,1,improving,0,0,1,0,0,0,0,0,0,0,169,101,57,27,102.9,99,1,11.4,16.4,228822,134.0,4.1,3.09,224,0.042,46,3.1,1.6,0,1,0,0,0,0,0,3,5,10,0,0,150,6,2,1,25,female,standard,1,0
PAT-01271,back_pain,3,gradual,1_day,abdomen,burning,0,stable,0,0,0,0,0,0,0,0,0,0,97,72,59,21,102.4,98,2,14.2,15.7,153162,146.0,4.2,2.94,264,0.549,120,3.0,1.0,1,1,0,0,0,0,0,1,1,4,0,1,171,7,1,0,57,female,standard,0,0
PAT-01272,fever,0,gradual,3_days,generalized,aching,0,improving,0,0,0,0,0,0,0,0,0,0,166,91,59,16,100.7,98,7,8.9,9.7,153239,134.5,5.5,1.88,146,0.477,461,3.3,2.4,1,1,1,0,0,0,0,0,6,7,0,0,260,0,3,1,44,male,standard,0,0
PAT-01273,chest_pain,7,gradual,1_month,generalized,throbbing,0,improving,0,0,0,1,0,0,0,0,0,0,150,65,99,19,100.4,97,7,6.4,14.8,281144,140.9,3.2,3.31,171,0.115,712,3.6,1.6,0,0,0,0,0,0,0,1,2,3,0,0,35,1,2,1,73,male,standard,1,0
PAT-01274,chest_pain,6,chronic,1_day,head,pressure,0,fluctuating,0,0,0,0,0,0,0,0,1,0,117,65,118,16,103.1,95,1,5.2,15.0,392053,137.8,4.2,1.54,113,0.455,570,3.9,2.2,1,1,0,1,0,0,0,0,6,7,0,0,50,7,3,1,36,unknown,standard,1,0
PAT-01275,injury,6,gradual,1_week,arm,sharp,0,fluctuating,0,0,1,1,1,0,0,0,0,0,166,90,118,13,101.1,98,5,6.9,12.9,297097,131.9,3.3,1.75,147,0.972,418,1.2,1.2,0,1,0,0,0,0,0,0,2,7,1,1,261,7,3,0,57,unknown,standard,3,0
PAT-01276,other,2,sudden,3_days,unknown,dull,0,stable,1,0,0,1,0,0,0,0,0,0,119,70,97,17,101.7,93,1,12.9,14.1,378034,145.3,4.7,1.21,192,0.169,294,4.0,1.0,0,1,0,1,0,0,0,0,0,9,0,0,133,5,0,1,53,male,standard,2,0
PAT-01277,abdominal_pain,3,sudden,1_day,chest,sharp,0,fluctuating,0,0,0,0,0,0,0,0,0,0,121,97,97,13,97.7,96,6,8.5,15.7,330244,135.4,3.3,1.34,96,1.18,648,3.5,2.7,1,0,0,0,0,0,0,3,0,6,1,0,316,7,3,1,81,unknown,standard,0,0
PAT-01278,injury,9,gradual,1_hour,arm,pressure,0,fluctuating,0,0,0,0,0,0,0,0,0,0,160,79,105,24,101.7,98,9,16.1,16.5,241867,140.5,5.0,0.72,275,0.075,33,3.8,1.2,0,0,0,0,0,0,0,0,6,8,0,0,50,5,0,1,47,unknown,standard,0,0
PAT-01279,shortness_of_breath,8,gradual,1_month,back,aching,1,improving,0,0,0,0,0,0,0,0,0,0,124,55,67,19,98.9,88,10,4.8,8.3,282969,141.8,5.2,1.56,105,0.35,346,1.8,1.2,0,0,1,0,0,0,0,3,6,10,0,0,348,5,0,1,21,female,standard,0,0
PAT-01280,headache,5,chronic,2_hours,head,throbbing,1,worsening,0,0,0,0,0,0,0,0,0,0,92,80,122,13,97.9,96,10,9.5,10.2,145039,136.3,5.4,1.56,108,0.931,747,4.2,2.2,0,1,0,0,0,0,0,1,0,8,0,0,316,5,0,0,45,female,standard,0,0
PAT-01281,back_pain,4,chronic,1_day,head,throbbing,1,improving,0,0,0,0,0,0,0,0,0,0,138,99,123,18,102.6,90,2,7.2,15.9,136985,134.2,3.5,0.89,142,0.432,656,0.6,2.6,0,0,1,1,1,0,0,1,1,10,0,1,82,6,2,1,30,male,standard,0,0
PAT-01282,injury,2,chronic,1_day,unknown,sharp,0,fluctuating,0,0,0,0,0,0,0,0,0,1,173,84,61,25,101.6,89,7,16.4,10.8,288451,130.9,5.5,1.65,184,0.579,812,3.7,0.9,0,1,1,0,0,0,0,3,6,6,0,0,27,7,3,0,37,female,standard,1,0
PAT-01283,abdominal_pain,8,gradual,1_hour,back,burning,0,improving,0,0,0,0,0,0,0,0,0,1,91,60,96,15,99.8,99,2,15.2,8.9,352156,145.2,4.1,1.54,152,0.228,444,3.0,1.9,0,0,1,0,0,0,0,1,2,10,1,0,52,4,3,1,55,female,standard,1,0
PAT-01284,abdominal_pain,4,chronic,1_week,chest,burning,0,stable,0,1,0,0,0,0,0,0,0,1,86,81,59,15,99.9,95,9,17.8,10.7,208719,139.3,4.7,2.94,261,0.86,620,1.1,2.4,1,0,0,1,0,0,0,2,1,5,0,0,194,2,3,0,41,female,standard,2,0
PAT-01285,injury,4,chronic,1_month,leg,aching,1,worsening,0,1,0,0,0,0,0,0,0,0,140,73,101,26,98.4,97,5,5.2,12.4,241962,141.5,3.2,1.14,82,0.22,837,3.6,2.6,1,0,0,0,0,0,0,1,4,2,0,0,140,6,3,0,51,male,standard,1,0
PAT-01286,fever,3,sudden,1_month,back,throbbing,0,fluctuating,0,0,0,0,0,0,0,0,0,0,141,92,102,25,97.3,92,0,14.8,11.3,312837,137.5,4.1,2.73,255,1.019,130,3.5,3.1,0,0,0,0,0,0,0,2,2,0,1,0,326,7,0,0,28,female,standard,0,0
PAT-01287,back_pain,3,chronic,2_hours,chest,sharp,1,fluctuating,0,0,0,0,0,0,1,0,0,0,133,99,101,19,99.4,88,7,5.3,14.7,215114,133.7,4.0,1.06,179,0.65,610,2.5,0.9,0,0,1,0,0,1,0,1,5,1,0,0,9,3,0,0,84,female,standard,1,0
PAT-01288,fever,0,sudden,1_day,abdomen,sharp,1,improving,0,0,0,0,0,0,0,0,0,0,171,97,62,15,98.1,88,6,5.7,13.2,389550,145.9,4.4,2.09,128,0.66,701,2.9,3.0,0,1,0,0,0,0,0,1,1,10,0,1,298,6,0,1,71,female,standard,0,0
PAT-01289,headache,6,sudden,3_days,generalized,sharp,1,improving,0,0,0,0,0,0,0,0,0,0,153,73,75,19,99.9,89,0,4.1,11.7,281108,145.5,3.5,2.76,189,1.121,342,1.1,3.1,1,1,0,0,0,0,0,0,6,4,0,1,252,5,3,1,58,unknown,standard,0,0
PAT-01290,abdominal_pain,8,chronic,1_day,head,pressure,0,improving,0,1,0,0,0,0,0,0,0,0,162,93,78,20,102.5,94,6,10.2,16.5,226534,143.8,4.8,2.4,144,0.929,469,2.2,2.9,0,0,0,0,1,0,0,2,1,8,0,0,357,1,1,0,83,female,standard,1,0
PAT-01291,abdominal_pain,2,sudden,2_hours,chest,aching,0,improving,1,0,1,0,0,0,0,0,0,0,92,98,67,19,97.9,89,10,5.3,15.5,275285,144.7,4.6,2.51,171,0.893,553,0.7,3.1,1,0,0,0,0,0,0,3,3,8,0,0,136,6,0,1,76,unknown,standard,2,0
PAT-01292,shortness_of_breath,1,gradual,1_day,arm,burning,0,fluctuating,0,0,0,0,0,0,0,0,0,0,168,86,69,15,97.8,96,4,8.6,15.3,390365,139.2,3.7,1.28,191,1.03,687,2.7,1.2,0,0,0,0,0,0,0,0,1,6,0,0,171,0,3,0,75,female,standard,0,0
PAT-01293,headache,2,gradual,1_hour,unknown,burning,0,improving,0,0,0,0,0,0,0,0,0,0,147,102,107,16,102.9,93,1,7.5,12.8,209501,135.9,5.5,3.02,92,0.115,236,2.2,3.2,0,1,0,0,0,0,0,2,6,5,0,0,268,2,2,0,30,male,standard,0,0
PAT-01294,abdominal_pain,0,chronic,1_day,generalized,pressure,0,fluctuating,0,0,0,0,0,0,0,0,0,0,166,55,85,17,101.9,91,0,17.7,14.6,187744,135.5,3.2,3.37,210,0.873,532,0.9,2.7,1,1,0,0,0,0,0,0,6,9,1,0,97,6,2,1,42,unknown,standard,0,0
PAT-01295,headache,5,gradual,1_day,arm,dull,0,improving,0,0,0,0,0,0,0,0,0,0,171,79,105,26,97.5,99,1,13.0,10.9,415527,144.9,4.0,1.13,209,0.284,426,2.1,1.1,0,1,0,0,0,0,0,4,1,9,0,1,353,2,3,0,46,male,standard,0,0
PAT-01296,back_pain,10,sudden,3_days,generalized,pressure,1,worsening,0,0,0,0,0,0,0,0,1,0,155,101,101,20,97.7,91,5,9.5,10.8,158557,145.3,3.8,3.19,170,0.341,792,2.2,2.5,0,0,0,0,0,0,0,0,6,11,0,0,260,7,3,1,62,male,standard,1,0
PAT-01297,chest_pain,10,gradual,1_hour,head,aching,0,worsening,0,0,0,0,0,0,0,0,0,1,172,67,93,24,101.5,90,1,16.2,15.6,146932,137.0,4.5,1.81,209,0.023,643,3.3,2.5,0,0,0,0,0,0,0,3,6,6,0,1,41,2,3,1,82,unknown,standard,1,0
PAT-01298,abdominal_pain,6,chronic,1_hour,back,sharp,0,improving,0,0,0,0,0,0,0,0,0,0,130,64,111,16,99.5,96,5,4.4,13.1,273497,139.7,5.2,2.66,212,1.073,630,0.8,2.3,0,0,0,0,0,0,0,4,3,10,0,0,124,2,3,1,72,female,standard,0,0
PAT-01299,shortness_of_breath,10,chronic,1_day,leg,pressure,0,improving,0,0,1,0,0,0,0,0,0,0,173,72,104,27,101.8,89,7,8.3,10.9,205943,142.9,4.7,2.12,110,0.888,94,2.8,2.9,0,0,1,0,0,0,0,3,1,5,0,0,192,2,1,1,77,male,standard,1,0
PAT-01300,back_pain,10,sudden,1_month,back,sharp,0,stable,0,0,0,0,0,0,0,0,0,0,162,90,111,25,99.7,96,7,11.0,15.2,248899,141.2,3.3,2.92,136,0.171,674,2.4,2.6,0,0,0,0,1,0,0,3,2,4,0,1,108,6,3,1,79,male,standard,0,0
PAT-01301,injury,1,chronic,3_days,chest,aching,1,worsening,0,0,0,0,0,0,0,0,0,0,151,76,89,25,103.3,90,5,4.3,11.8,182798,143.9,5.2,0.83,188,0.397,472,1.6,1.3,0,1,0,1,0,0,0,2,0,5,0,0,204,7,3,1,34,male,standard,0,0
PAT-01302,headache,7,gradual,1_day,unknown,unknown,0,fluctuating,0,0,0,0,0,0,0,0,0,0,130,60,61,13,101.6,91,4,5.6,11.4,197859,139.7,3.8,1.61,125,0.579,761,3.3,1.5,0,1,0,1,0,0,0,1,2,0,0,0,63,5,3,1,19,male,standard,0,0
PAT-01303,injury,5,chronic,1_day,back,aching,0,worsening,0,1,1,0,0,0,0,0,0,1,162,81,107,18,97.5,96,3,16.5,8.2,244546,139.3,3.5,0.83,105,0.595,605,2.6,2.0,0,0,0,0,0,0,0,0,0,4,0,0,279,2,2,1,79,male,standard,3,0
PAT-01304,fever,3,sudden,2_hours,head,throbbing,0,fluctuating,0,0,0,0,0,0,0,0,0,0,151,62,64,17,99.3,90,5,6.1,13.8,214991,136.0,4.2,3.34,212,0.717,52,2.5,1.8,0,0,0,0,0,0,0,3,3,0,0,0,327,4,2,1,64,unknown,standard,0,0
PAT-01305,back_pain,4,chronic,2_hours,unknown,sharp,0,improving,0,0,0,0,0,0,0,0,0,0,126,78,93,22,100.8,93,4,16.9,12.5,164967,131.2,5.3,1.18,158,0.569,207,4.0,2.4,1,1,0,0,0,0,1,4,1,4,0,0,283,5,1,1,40,unknown,standard,0,0
PAT-01306,injury,7,gradual,1_month,chest,burning,1,worsening,0,0,0,0,0,0,0,0,0,0,148,74,112,23,98.1,99,9,4.9,10.7,149108,130.9,3.3,1.89,109,0.78,637,3.5,1.2,0,0,1,0,0,0,0,2,5,1,0,0,148,5,0,1,55,male,standard,0,0
PAT-01307,other,2,sudden,3_days,abdomen,pressure,0,worsening,1,0,0,0,0,0,0,0,0,0,157,76,89,25,97.2,92,3,16.4,9.2,356506,132.4,4.6,2.5,231,1.061,577,1.3,1.7,0,1,0,0,0,0,0,0,6,10,0,0,246,5,1,1,81,unknown,standard,1,0
PAT-01308,other,2,gradual,1_week,back,unknown,0,stable,0,0,0,0,0,0,0,0,1,0,137,63,113,14,97.7,93,5,10.1,9.6,207159,130.9,4.0,1.99,251,0.481,814,2.0,1.5,0,0,0,0,0,0,0,0,6,9,0,0,242,3,3,1,27,unknown,standard,1,0
PAT-01309,abdominal_pain,10,sudden,2_hours,back,aching,0,stable,0,0,0,0,0,0,0,0,0,0,155,94,76,27,100.5,92,8,11.8,9.9,362068,138.6,4.6,2.2,105,1.053,47,3.0,1.6,0,0,0,0,0,0,0,2,5,4,1,1,160,7,3,1,45,female,standard,0,0
PAT-01310,headache,3,chronic,1_week,leg,sharp,0,worsening,0,0,0,0,0,1,0,0,0,0,174,104,63,19,101.2,98,8,7.6,15.4,329128,136.5,3.8,1.27,171,0.267,449,2.6,2.5,0,0,0,0,0,0,0,0,3,9,0,1,310,4,2,1,20,female,standard,1,0
PAT-01311,chest_pain,0,sudden,1_hour,chest,unknown,0,worsening,0,0,0,0,0,0,0,0,0,0,91,93,62,14,97.8,90,7,7.5,12.1,347754,130.4,5.4,0.89,194,0.15,126,2.2,1.1,0,0,0,0,0,0,0,1,6,3,1,0,304,4,3,0,53,female,standard,0,0
PAT-01312,back_pain,8,sudden,2_hours,arm,dull,1,worsening,0,0,0,0,0,0,0,0,0,0,91,73,112,27,101.4,89,9,10.6,13.9,289260,130.4,3.5,1.42,178,0.291,53,4.1,2.9,1,1,1,0,0,0,0,1,3,3,1,0,119,5,1,1,54,unknown,standard,0,0
PAT-01313,abdominal_pain,7,chronic,2_hours,back,throbbing,0,fluctuating,0,0,0,0,0,0,0,0,0,0,120,104,76,27,101.1,97,0,8.7,11.9,129785,138.4,3.6,1.59,142,0.252,432,1.2,2.4,0,0,0,0,0,0,0,0,3,5,1,0,245,5,3,1,84,unknown,standard,0,0
PAT-01314,shortness_of_breath,7,gradual,3_days,head,dull,1,improving,0,0,0,0,0,0,0,0,0,0,97,55,94,21,103.1,96,8,4.6,12.0,283868,138.8,3.3,1.86,91,1.182,627,1.8,1.8,0,0,0,1,0,0,0,0,2,9,0,0,210,5,2,1,57,unknown,standard,0,0
PAT-01315,fever,9,chronic,1_month,back,aching,0,stable,0,0,0,0,0,0,0,0,1,0,151,65,82,22,102.5,91,4,8.6,15.0,244766,130.6,5.0,1.53,170,0.46,146,2.0,2.0,0,0,0,0,0,0,0,2,3,7,0,1,278,2,3,1,59,unknown,standard,1,0
PAT-01316,headache,5,sudden,1_week,leg,dull,0,improving,0,0,0,0,0,0,0,0,0,0,104,95,100,15,103.1,97,10,7.2,14.6,138808,140.7,3.4,0.8,111,0.784,588,0.8,2.5,0,1,0,0,0,0,0,4,5,5,0,1,240,2,1,0,79,unknown,standard,0,0
PAT-01317,back_pain,6,chronic,2_hours,abdomen,dull,0,stable,0,0,0,0,0,0,0,0,0,0,157,96,123,20,103.3,99,2,15.8,10.0,400501,132.0,3.8,0.96,164,0.837,655,2.3,2.6,0,0,0,0,0,0,0,3,1,0,0,1,320,2,0,0,63,unknown,standard,0,0
PAT-01318,other,5,sudden,2_hours,leg,throbbing,0,stable,1,0,0,0,0,0,0,0,0,0,137,64,106,24,100.0,93,7,15.7,13.3,344568,137.9,3.7,2.59,102,0.537,169,2.5,2.8,0,0,0,0,0,0,1,3,4,10,0,0,172,6,2,1,69,unknown,standard,1,0
PAT-01319,back_pain,8,chronic,3_days,back,throbbing,0,stable,0,0,0,0,0,0,0,0,0,0,170,55,65,15,100.3,96,7,5.6,13.8,267488,132.5,4.0,0.88,240,0.272,782,1.6,1.5,0,0,0,0,0,0,0,4,3,8,0,0,347,1,2,0,77,unknown,standard,0,0
PAT-01320,chest_pain,2,chronic,3_days,unknown,throbbing,0,worsening,0,0,0,0,0,0,0,0,0,0,136,81,76,13,99.0,92,8,14.1,11.4,315568,130.6,5.0,0.83,194,0.529,558,4.1,2.9,0,0,1,0,0,0,1,0,0,3,0,0,131,0,1,1,82,female,standard,0,0
PAT-01321,other,2,gradual,1_month,arm,unknown,0,stable,0,0,0,0,0,0,0,0,0,0,145,71,101,20,100.4,94,1,10.0,8.6,352323,133.4,5.4,2.97,212,0.571,733,2.5,2.8,1,0,0,0,0,1,0,3,1,6,0,0,199,0,0,1,67,male,standard,0,0
PAT-01322,chest_pain,2,sudden,1_week,generalized,throbbing,1,improving,0,0,0,0,0,0,0,0,0,0,171,98,67,21,98.1,99,9,16.1,11.2,357044,137.4,5.2,0.82,146,1.145,142,2.7,2.9,1,1,1,1,0,0,0,1,1,0,0,0,67,7,0,1,41,female,standard,0,0
PAT-01323,shortness_of_breath,9,gradual,1_hour,back,dull,0,stable,0,0,0,0,0,0,0,0,0,0,171,98,99,19,101.4,92,3,7.5,11.0,326095,141.9,5.1,0.89,184,0.685,108,3.8,1.1,0,1,0,0,0,1,1,2,4,11,1,0,172,3,0,1,23,male,standard,0,0
PAT-01324,fever,2,sudden,1_month,chest,burning,1,improving,0,0,0,0,0,0,0,0,0,0,174,71,123,26,97.4,99,9,4.8,13.9,401076,134.2,4.2,2.24,157,1.164,591,1.6,1.2,0,0,0,0,0,1,0,4,5,8,0,0,315,4,3,0,68,unknown,standard,0,0
PAT-01325,shortness_of_breath,8,chronic,1_hour,back,burning,0,stable,0,0,0,0,0,0,0,0,0,0,145,93,76,15,98.7,96,1,15.1,14.9,292930,141.0,5.0,1.94,102,0.694,350,2.9,2.3,0,1,0,0,1,0,0,3,1,2,0,0,356,4,0,1,19,unknown,standard,0,0
PAT-01326,abdominal_pain,3,sudden,1_day,arm,throbbing,0,stable,0,0,0,0,0,0,0,0,1,0,140,97,121,27,98.5,89,5,16.1,11.4,376856,143.8,5.0,3.4,271,0.178,91,2.2,3.1,0,0,1,0,0,0,0,4,1,2,0,0,269,3,1,1,77,unknown,standard,1,0
PAT-01327,abdominal_pain,6,gradual,2_hours,chest,unknown,0,worsening,0,1,0,0,0,0,0,0,0,0,124,56,89,24,103.1,90,0,15.7,13.5,386942,134.3,3.8,3.32,162,0.464,475,1.9,1.2,1,1,1,0,0,0,0,0,6,9,0,0,77,7,1,1,41,male,standard,1,0
PAT-01328,shortness_of_breath,8,gradual,1_week,head,pressure,0,improving,0,0,0,0,0,0,0,0,0,0,165,102,86,22,98.1,92,9,8.3,13.5,238352,138.4,3.8,2.55,191,0.952,312,2.0,2.6,1,1,0,0,0,0,0,3,3,7,0,0,65,3,1,1,49,unknown,standard,0,0
PAT-01329,fever,10,gradual,1_month,unknown,sharp,1,stable,0,0,0,1,0,0,0,0,0,0,147,77,92,17,102.8,89,2,3.9,13.5,138325,136.6,4.3,0.9,196,0.509,641,0.7,1.2,0,1,1,0,0,1,0,4,4,1,0,0,319,7,1,0,71,female,standard,1,0
PAT-01330,shortness_of_breath,6,sudden,2_hours,chest,aching,0,stable,0,0,0,0,1,0,0,0,0,0,141,95,112,17,98.0,99,1,5.5,12.7,229151,130.4,5.4,2.11,209,0.124,145,3.6,3.1,0,0,0,0,0,0,0,3,3,8,0,1,242,1,2,0,77,male,standard,1,0
PAT-01331,fever,8,gradual,1_week,leg,unknown,0,improving,0,0,0,0,0,0,0,0,0,0,166,64,94,22,101.3,93,6,16.8,13.3,123217,136.3,3.4,0.83,158,0.12,579,2.7,2.7,0,1,0,1,0,0,0,3,4,2,0,0,346,3,2,1,60,male,standard,0,0
PAT-01332,fever,2,gradual,1_week,abdomen,pressure,0,stable,0,0,0,0,0,0,0,0,0,0,173,96,75,13,99.2,97,7,8.8,15.4,405240,136.0,5.5,3.24,76,0.288,271,4.0,1.6,0,1,1,0,0,0,0,3,4,1,0,1,70,6,1,1,21,female,standard,0,0
PAT-01333,injury,3,gradual,1_week,leg,aching,0,fluctuating,1,0,0,0,0,0,0,0,0,0,88,84,103,20,99.2,90,1,16.3,15.8,296024,140.0,3.6,2.55,131,0.68,491,3.6,1.0,0,1,0,0,0,0,0,4,3,4,0,1,323,3,3,0,71,female,standard,1,0
PAT-01334,other,7,chronic,2_hours,generalized,pressure,0,worsening,0,1,0,0,0,0,0,0,0,0,110,89,93,27,103.5,92,8,17.7,8.8,159195,143.9,4.3,2.31,84,0.997,288,4.1,1.9,0,0,0,0,0,0,0,2,1,8,0,0,49,3,1,1,56,female,standard,1,0
PAT-01335,headache,5,chronic,1_month,chest,pressure,1,improving,0,0,0,0,0,0,0,0,0,0,146,79,115,17,98.6,92,10,9.2,8.1,343911,140.7,3.9,1.9,156,0.643,250,0.7,2.1,0,1,1,0,1,0,0,2,5,11,0,0,126,7,0,0,19,female,standard,0,0
PAT-01336,fever,4,sudden,3_days,head,burning,0,worsening,0,0,0,0,0,0,1,0,0,0,160,71,64,16,98.5,97,0,14.8,12.4,338006,135.7,4.2,2.13,172,0.897,334,2.9,2.1,0,1,0,1,0,0,0,4,2,8,0,1,293,6,0,0,83,male,standard,1,0
PAT-01337,chest_pain,3,sudden,2_hours,back,sharp,1,fluctuating,0,0,0,1,0,1,0,0,0,0,138,100,94,13,100.9,95,1,6.0,11.5,411468,137.2,5.4,1.82,216,0.776,546,4.0,2.9,1,0,1,1,0,0,0,1,3,7,0,0,228,2,0,1,28,female,standard,2,0
PAT-01338,fever,7,gradual,1_week,unknown,pressure,1,fluctuating,0,0,1,0,0,0,0,0,0,0,146,73,112,24,101.9,96,2,9.1,11.8,319851,144.2,4.7,0.98,276,0.631,555,3.4,3.2,1,0,0,0,0,0,0,0,4,7,0,0,335,5,1,1,36,female,standard,1,0
PAT-01339,fever,0,chronic,1_month,chest,throbbing,0,fluctuating,0,0,0,0,1,0,0,0,0,0,102,72,99,25,103.4,91,1,13.7,11.9,124984,140.2,3.9,2.55,176,0.262,795,1.7,1.9,0,1,0,1,0,0,0,4,3,6,0,0,30,1,3,1,79,male,standard,1,0
PAT-01340,fever,8,gradual,1_day,leg,aching,0,improving,0,0,0,0,0,0,0,0,0,0,94,72,71,21,101.6,97,0,6.5,15.6,228078,136.2,4.6,3.49,106,1.06,637,1.0,1.3,0,1,0,0,1,0,0,1,5,2,0,0,162,5,0,1,66,female,standard,0,0
PAT-01341,injury,0,gradual,1_hour,chest,unknown,0,fluctuating,1,0,0,0,0,0,0,0,0,0,120,100,122,26,100.7,88,7,8.1,13.4,405705,139.6,4.2,1.01,255,0.334,491,3.0,1.8,0,1,0,0,0,0,0,4,1,2,0,0,20,5,2,1,75,female,standard,1,0
PAT-01342,other,7,chronic,1_week,chest,burning,0,improving,0,0,0,0,0,1,0,0,0,0,86,89,64,26,99.8,92,0,11.7,11.8,173246,140.3,5.4,3.48,77,0.307,650,3.0,2.5,0,0,1,1,0,0,0,0,2,4,0,0,213,5,3,1,75,female,standard,1,0
PAT-01343,injury,3,chronic,1_day,chest,aching,0,improving,1,1,0,0,0,0,0,1,0,0,144,64,116,12,100.9,91,4,13.5,11.9,180848,137.7,4.0,3.22,122,0.313,189,1.7,2.2,0,1,1,0,0,0,0,4,1,8,1,0,142,6,2,1,30,female,standard,3,0
PAT-01344,abdominal_pain,8,chronic,3_days,head,throbbing,1,stable,0,1,0,0,0,0,0,0,0,0,173,77,86,18,101.0,92,10,8.7,15.2,179068,143.8,4.5,3.2,210,0.119,134,3.5,1.1,0,0,0,0,1,0,0,3,4,0,0,0,190,2,3,0,77,male,standard,1,0
PAT-01345,injury,10,sudden,1_week,unknown,throbbing,0,improving,0,0,0,0,0,0,0,0,0,0,131,99,96,15,98.6,98,5,9.0,9.8,190908,143.0,5.2,3.03,83,0.601,666,2.9,1.4,0,0,0,0,1,0,0,4,4,2,0,0,137,1,3,1,54,unknown,standard,0,0
PAT-01346,chest_pain,4,sudden,1_day,arm,pressure,0,fluctuating,0,0,0,0,0,0,0,0,0,0,157,76,99,22,101.4,96,6,5.1,8.1,271881,138.4,5.4,3.29,277,0.396,391,2.1,2.5,0,0,0,0,0,0,0,1,4,8,0,1,161,0,3,1,51,unknown,standard,0,0
PAT-01347,chest_pain,2,gradual,1_week,arm,throbbing,0,improving,0,0,0,0,0,0,0,0,0,0,116,98,75,24,98.5,95,2,17.8,12.1,286451,145.3,5.0,1.39,90,0.629,171,2.3,2.5,1,0,0,0,0,0,0,4,4,6,0,0,299,4,0,1,27,unknown,standard,0,0
PAT-01348,injury,8,sudden,2_hours,chest,sharp,0,improving,0,0,0,0,0,0,0,0,0,0,153,63,81,18,100.3,98,10,12.4,16.2,153850,145.3,5.4,1.92,162,0.546,302,1.5,2.3,0,0,0,0,0,0,0,2,2,1,1,0,132,4,0,1,58,unknown,standard,0,0
PAT-01349,other,10,chronic,1_month,head,throbbing,1,worsening,0,0,0,0,0,0,0,0,0,0,135,86,84,16,98.8,98,6,11.2,14.9,322927,145.5,4.3,2.04,105,0.626,504,2.5,1.6,0,0,0,0,0,0,1,4,5,1,0,0,240,0,2,1,82,unknown,standard,0,0
PAT-01350,shortness_of_breath,8,chronic,1_day,head,pressure,0,fluctuating,0,0,0,0,0,0,0,0,0,0,151,80,55,27,99.2,98,7,6.6,11.5,296101,133.5,5.0,0.89,207,0.361,658,2.4,1.3,0,1,0,0,1,0,0,1,6,0,0,0,260,3,0,1,32,male,standard,0,0
PAT-01351,headache,3,sudden,1_month,generalized,aching,0,improving,0,0,0,0,0,0,0,0,0,0,165,83,63,12,101.1,95,9,10.6,9.5,363325,131.7,3.4,3.45,171,0.979,384,4.0,1.4,0,0,1,0,1,0,0,4,2,9,0,0,116,0,3,1,18,male,standard,0,0
PAT-01352,other,10,gradual,2_hours,chest,throbbing,0,stable,0,0,0,0,0,0,0,0,0,0,161,96,57,16,97.6,95,2,10.0,12.8,265714,139.9,4.6,2.63,168,0.643,534,2.4,2.8,0,0,0,0,0,0,0,2,4,2,0,0,132,1,1,1,78,male,standard,0,0
PAT-01353,injury,3,gradual,2_hours,leg,burning,1,improving,0,0,0,0,0,0,0,0,0,0,151,73,107,23,97.3,88,4,7.2,15.5,140273,141.6,3.2,1.96,193,0.254,579,3.4,2.0,0,0,0,0,0,0,0,4,3,3,0,0,218,0,2,1,60,female,standard,0,0
PAT-01354,fever,7,sudden,1_month,leg,unknown,0,improving,0,0,0,0,0,0,0,0,0,0,152,102,96,15,98.0,99,0,10.0,14.1,187325,134.9,3.8,3.48,168,1.083,761,2.8,1.7,0,0,0,1,0,0,0,0,0,0,1,0,45,4,2,1,83,female,standard,0,0
PAT-01355,back_pain,1,gradual,1_day,abdomen,burning,1,worsening,0,0,0,0,0,0,0,0,0,0,166,83,73,12,98.3,94,8,6.5,12.6,240744,138.6,4.7,1.46,113,0.136,323,1.4,1.2,0,0,0,0,1,0,0,2,3,0,0,0,116,6,1,1,43,unknown,standard,0,0
PAT-01356,headache,8,gradual,1_month,unknown,burning,0,fluctuating,0,0,0,0,0,0,0,0,0,0,140,89,60,21,98.4,91,7,13.8,14.2,139001,140.4,3.6,1.64,90,0.881,196,0.8,1.8,0,0,1,0,0,0,0,0,3,2,0,0,304,4,2,1,27,male,standard,0,0
PAT-01357,headache,5,gradual,1_month,chest,aching,0,fluctuating,1,0,0,0,0,0,0,0,0,0,98,66,61,13,102.1,93,2,16.7,16.2,292670,137.4,3.7,1.23,266,0.816,304,3.1,1.9,0,0,0,0,0,0,0,2,5,4,0,0,297,7,0,1,84,unknown,standard,1,0
PAT-01358,chest_pain,8,chronic,1_hour,abdomen,dull,0,stable,0,0,0,1,0,0,0,0,0,0,100,62,97,24,100.0,91,3,3.5,12.7,417475,138.7,3.3,1.22,278,0.092,733,3.5,2.9,1,0,0,1,0,0,0,1,4,7,0,1,269,6,3,1,36,female,standard,1,0
PAT-01359,headache,7,chronic,1_day,leg,unknown,0,stable,1,0,0,0,0,1,0,0,0,0,160,79,90,26,100.2,99,0,11.6,12.7,359850,131.2,4.9,1.23,121,1.082,36,3.7,3.1,0,1,0,0,0,0,0,4,6,4,0,0,38,3,2,1,43,male,standard,2,0
PAT-01360,injury,6,sudden,1_hour,leg,burning,0,stable,0,0,0,0,0,0,0,0,0,0,159,81,122,24,101.3,92,0,14.1,12.1,138864,145.9,4.2,2.41,261,0.383,765,3.1,2.8,1,0,0,0,0,0,0,4,2,11,0,1,342,0,1,0,60,female,standard,0,0
PAT-01361,fever,0,chronic,1_week,chest,burning,0,improving,0,0,0,0,0,0,0,0,0,0,150,101,93,20,101.8,92,5,16.7,12.8,141535,136.1,5.2,1.52,173,0.89,538,2.2,1.8,0,0,0,0,0,0,0,0,2,6,0,0,279,3,0,1,48,female,standard,0,0
PAT-01362,fever,2,gradual,1_month,abdomen,dull,0,improving,0,0,0,0,0,0,0,0,0,0,117,97,97,26,97.2,88,5,8.7,13.4,147641,133.3,4.0,3.36,94,0.336,190,2.4,2.2,1,0,0,0,0,1,0,2,5,8,0,0,54,7,0,1,39,female,standard,0,0
PAT-01363,abdominal_pain,10,chronic,1_week,abdomen,aching,0,stable,0,0,0,0,0,0,0,0,0,1,97,99,91,23,102.6,93,8,16.7,9.7,404334,137.7,4.2,2.99,95,0.633,310,3.3,2.8,1,0,0,0,0,0,0,1,3,0,0,0,341,2,3,1,82,unknown,standard,1,0
PAT-01364,fever,1,sudden,1_day,chest,unknown,0,fluctuating,0,0,0,0,0,0,0,0,0,0,114,60,82,12,103.4,97,4,15.5,12.8,211587,135.1,4.3,1.15,255,1.167,699,1.2,1.0,1,1,0,0,0,0,0,2,6,4,0,0,89,1,3,1,58,male,standard,0,0
PAT-01365,other,4,chronic,1_month,unknown,burning,0,fluctuating,1,0,0,0,0,1,0,0,0,0,110,67,104,21,98.0,95,2,11.1,8.1,371921,136.3,5.2,3.04,153,0.735,726,2.2,2.1,1,0,1,0,0,0,0,3,3,1,0,1,20,5,3,1,18,female,standard,2,0
PAT-01366,fever,4,gradual,1_week,generalized,pressure,0,stable,0,0,0,0,0,0,0,0,0,0,166,65,93,15,101.3,92,5,7.2,16.0,417691,139.0,3.9,1.67,256,0.359,224,0.8,1.8,0,0,0,0,0,0,0,0,3,0,0,0,307,3,3,1,82,female,standard,0,0
PAT-01367,chest_pain,4,gradual,3_days,abdomen,aching,0,worsening,1,0,0,0,0,0,0,0,1,0,97,92,56,19,97.2,97,7,13.0,8.3,323497,134.5,3.3,1.34,123,0.553,153,1.0,1.8,0,0,1,1,0,0,0,2,5,6,0,0,344,4,3,1,74,unknown,standard,2,0
PAT-01368,fever,3,sudden,2_hours,generalized,unknown,0,fluctuating,0,0,0,0,0,0,0,0,0,0,152,60,91,16,97.5,99,6,7.3,16.1,350122,140.7,4.6,2.89,218,0.813,484,1.4,1.7,0,0,1,0,0,0,0,0,4,6,0,0,247,5,1,1,50,male,standard,0,0
PAT-01369,abdominal_pain,4,chronic,1_month,back,burning,0,fluctuating,0,0,0,0,0,0,0,0,0,1,117,59,120,21,99.0,93,10,8.6,16.2,204329,136.9,5.1,3.1,90,0.537,789,2.9,2.4,0,0,0,0,1,0,0,3,1,0,0,0,298,1,3,0,61,female,standard,1,0
PAT-01370,back_pain,2,chronic,2_hours,unknown,burning,0,stable,0,1,0,0,0,0,0,0,0,0,99,61,73,18,102.5,92,9,10.3,12.5,296448,131.3,4.5,3.39,97,1.093,570,3.9,1.9,0,0,0,0,0,0,0,2,0,9,0,0,71,5,2,1,65,unknown,standard,1,0
PAT-01371,injury,0,chronic,1_hour,leg,dull,1,fluctuating,0,0,0,0,0,0,0,1,0,0,101,73,123,26,101.3,88,2,10.7,10.8,278287,144.2,3.9,1.88,182,1.042,633,1.9,1.6,0,0,1,0,0,0,0,2,4,6,0,0,334,2,0,0,18,unknown,standard,1,0
PAT-01372,chest_pain,4,gradual,1_week,arm,unknown,0,improving,0,0,0,0,0,0,0,0,0,0,90,97,98,22,100.0,92,0,6.2,9.6,363784,137.6,4.7,2.27,142,0.18,564,2.4,2.2,0,0,0,0,0,1,0,0,0,5,0,0,176,0,0,1,34,male,standard,0,0
PAT-01373,other,8,sudden,1_hour,unknown,pressure,0,improving,1,0,0,0,1,0,0,0,0,0,89,60,67,13,100.0,89,3,13.6,9.4,387088,144.8,5.5,2.42,167,0.943,381,2.7,1.8,0,1,0,0,0,0,0,3,1,5,0,0,195,2,0,1,62,female,standard,2,0
PAT-01374,back_pain,8,chronic,1_month,generalized,aching,1,fluctuating,0,0,0,0,0,0,0,0,0,0,117,79,76,15,100.1,91,5,17.9,10.0,264865,136.1,4.5,2.46,239,1.131,170,1.6,1.0,1,0,0,0,0,0,0,1,1,11,0,0,18,0,3,1,62,female,standard,0,0
PAT-01375,chest_pain,3,gradual,2_hours,generalized,throbbing,1,improving,1,1,0,0,0,0,0,0,0,0,138,63,61,15,99.2,89,3,7.0,12.0,222655,138.7,3.9,1.83,98,0.384,52,3.1,1.9,0,1,0,0,0,0,0,4,4,0,0,1,295,0,2,1,72,female,standard,2,0
PAT-01376,shortness_of_breath,2,gradual,2_hours,generalized,sharp,0,worsening,0,0,0,0,0,0,0,0,0,0,100,74,56,12,102.7,95,4,11.5,14.3,354810,144.0,3.8,1.13,135,0.29,108,1.4,1.4,0,1,0,0,0,0,0,0,2,10,0,0,158,3,3,1,69,unknown,standard,0,0
PAT-01377,headache,0,gradual,1_week,head,pressure,1,fluctuating,0,0,0,0,0,0,0,0,0,0,130,79,116,23,100.8,94,9,10.1,11.4,407582,137.4,5.5,0.9,82,0.016,609,1.3,1.1,1,0,0,0,0,0,0,0,2,9,0,0,136,1,0,0,22,male,standard,0,1
PAT-01378,shortness_of_breath,1,chronic,1_month,unknown,throbbing,0,stable,0,0,0,0,0,0,0,0,0,1,108,104,59,19,100.2,96,6,8.0,14.6,130401,140.1,5.2,3.24,271,0.143,502,1.3,2.9,0,1,0,1,0,0,0,4,0,6,0,0,326,5,3,1,44,female,standard,1,0
PAT-01379,fever,7,chronic,3_days,abdomen,pressure,0,improving,0,0,0,0,0,0,0,0,0,0,89,62,74,22,100.1,91,4,9.6,12.8,299044,134.0,3.8,1.73,181,1.153,561,2.3,2.5,0,0,1,0,0,0,0,2,2,0,0,0,58,6,1,1,60,male,standard,0,0
PAT-01380,back_pain,0,chronic,3_days,abdomen,unknown,0,worsening,0,0,0,0,1,1,0,0,0,0,151,104,108,14,103.1,92,4,14.1,8.2,150269,133.8,3.8,1.21,103,0.472,796,1.5,1.8,0,0,0,0,1,0,0,0,3,9,0,0,136,1,3,1,58,female,standard,2,0
PAT-01381,fever,7,chronic,1_week,head,throbbing,0,worsening,1,0,0,0,0,0,0,0,1,0,160,91,117,26,101.8,96,1,9.5,9.1,319822,138.7,5.0,3.45,189,0.468,145,2.2,3.2,0,1,0,0,0,0,0,1,3,9,0,0,354,7,1,1,84,female,standard,2,0
PAT-01382,headache,6,chronic,1_month,abdomen,unknown,0,improving,1,0,0,0,0,0,0,0,1,0,134,92,90,23,98.1,96,0,10.8,12.9,398379,139.8,5.5,2.95,212,0.324,90,2.0,1.7,1,1,0,0,0,0,0,3,1,11,0,1,328,2,1,0,37,male,standard,2,0
PAT-01383,chest_pain,7,chronic,1_week,head,throbbing,1,worsening,0,0,0,0,0,0,0,1,0,0,125,56,70,24,100.0,89,3,10.4,9.4,136954,140.5,4.3,3.45,258,0.201,81,3.6,1.5,0,1,0,0,0,1,0,2,4,11,0,1,280,4,0,0,76,female,standard,1,0
PAT-01384,headache,5,chronic,1_month,generalized,pressure,1,fluctuating,0,0,0,1,0,0,0,0,0,0,173,76,111,23,99.0,99,10,11.6,13.2,148160,142.3,3.7,1.48,188,0.613,731,1.4,2.0,0,0,0,0,0,0,0,0,2,4,1,0,105,2,1,1,76,male,standard,1,0
PAT-01385,abdominal_pain,8,chronic,1_hour,chest,dull,0,worsening,0,0,0,0,0,0,0,0,0,0,139,90,118,24,103.4,98,9,7.7,11.8,378274,144.8,3.7,2.0,182,0.869,346,1.7,3.1,1,0,0,0,0,0,0,1,6,0,1,0,91,2,2,1,41,unknown,standard,0,0
PAT-01386,headache,2,chronic,1_week,unknown,pressure,0,improving,0,0,0,0,0,0,0,0,0,0,165,58,64,15,99.8,88,7,10.9,13.9,166538,133.8,5.0,2.96,147,0.663,765,4.0,2.4,0,0,0,0,0,0,0,4,6,11,0,0,160,6,3,1,43,female,standard,0,0
PAT-01387,abdominal_pain,9,gradual,1_month,back,unknown,0,worsening,0,0,0,0,0,0,0,0,0,0,104,102,105,13,97.6,90,2,5.5,10.5,175440,139.9,4.6,2.25,224,0.047,750,1.5,2.6,0,0,0,1,1,0,0,2,1,0,0,0,281,6,2,1,22,female,standard,0,0
PAT-01388,headache,3,chronic,3_days,generalized,pressure,0,improving,0,0,0,0,0,0,0,0,0,0,134,55,81,23,99.8,97,5,14.3,15.0,386039,137.1,4.7,1.69,84,0.965,172,3.5,1.3,0,0,0,0,0,0,0,1,3,11,0,0,229,3,3,0,46,unknown,standard,0,0
PAT-01389,injury,5,sudden,1_month,back,throbbing,0,improving,0,0,0,0,0,0,0,0,0,0,119,102,61,21,99.2,88,9,5.1,11.3,265028,131.4,3.6,1.14,158,1.118,194,1.1,1.0,1,0,0,0,0,0,0,0,5,7,0,0,171,7,3,1,43,female,standard,0,0
PAT-01390,abdominal_pain,7,gradual,1_month,leg,sharp,0,worsening,0,0,0,0,0,0,0,0,1,0,134,87,95,16,101.0,93,1,14.9,14.8,372560,137.3,3.5,2.27,222,0.531,326,2.7,2.1,0,0,0,0,0,0,0,4,6,11,0,0,95,5,3,1,65,unknown,standard,1,0
PAT-01391,back_pain,4,chronic,1_week,generalized,throbbing,1,improving,0,0,1,0,0,0,0,0,0,0,163,78,67,27,98.6,95,8,15.5,8.2,227281,142.7,3.2,2.38,125,0.443,815,0.9,1.7,0,1,0,0,0,0,0,0,2,4,0,0,279,4,2,0,49,female,standard,1,0
PAT-01392,fever,2,sudden,1_hour,arm,burning,0,improving,0,0,0,0,0,0,0,0,0,0,117,103,120,23,97.4,91,8,3.8,11.3,295960,131.3,5.3,2.72,165,0.28,373,2.1,1.0,0,0,0,0,0,0,1,3,2,10,0,1,137,3,1,1,78,male,standard,0,0
PAT-01393,other,5,chronic,1_hour,abdomen,pressure,0,stable,0,0,0,0,0,0,0,0,0,0,151,59,57,16,97.8,98,3,15.5,9.9,120822,139.7,4.0,2.91,176,0.366,391,4.0,3.0,0,0,0,0,0,0,0,0,6,10,0,0,204,1,1,1,53,unknown,standard,0,0
PAT-01394,fever,3,sudden,1_hour,arm,aching,0,fluctuating,0,0,0,0,0,0,0,0,0,0,155,102,65,26,99.0,91,10,12.9,11.8,126626,136.6,4.9,1.03,84,0.775,221,2.9,1.0,0,1,0,0,0,0,0,4,4,4,0,0,100,3,2,0,57,male,standard,0,0
PAT-01395,shortness_of_breath,8,sudden,1_hour,chest,pressure,0,improving,0,0,0,0,0,0,0,0,0,0,94,89,59,14,99.4,98,7,4.9,16.0,146158,140.5,5.2,2.46,157,0.925,656,1.3,0.9,1,0,0,0,0,0,0,3,2,10,1,0,361,5,1,0,36,female,standard,0,0
PAT-01396,fever,2,sudden,1_day,back,dull,1,fluctuating,1,0,0,0,0,0,0,0,0,0,174,96,114,25,102.5,97,1,18.0,9.4,377743,143.1,4.6,2.89,243,0.402,720,3.5,1.6,0,1,0,0,0,0,1,3,2,2,1,1,98,2,1,1,20,unknown,standard,1,0
PAT-01397,chest_pain,3,sudden,1_week,unknown,unknown,0,stable,0,0,0,0,0,0,0,0,0,0,125,104,56,19,98.9,88,9,12.4,8.7,283566,138.7,4.2,1.79,114,0.411,377,3.0,2.0,0,0,0,0,0,0,0,2,4,10,0,0,173,6,1,1,78,female,standard,0,0
PAT-01398,injury,6,gradual,2_hours,generalized,aching,0,stable,0,0,0,0,0,0,0,0,0,0,124,104,118,26,97.4,96,1,9.3,8.5,308848,134.9,3.3,1.47,278,0.544,735,3.9,1.9,0,0,0,0,0,0,0,0,0,10,1,1,174,1,2,1,33,female,standard,0,0
PAT-01399,headache,6,gradual,1_week,unknown,throbbing,0,stable,0,0,0,0,0,0,0,0,0,0,90,80,67,12,102.1,97,5,16.3,9.0,343473,131.4,4.0,2.04,79,0.208,209,1.4,1.7,0,0,0,0,0,0,0,2,2,1,0,0,235,7,3,0,77,male,standard,0,0
PAT-01400,shortness_of_breath,3,sudden,1_day,chest,dull,0,stable,0,0,0,0,0,0,0,0,0,0,117,103,108,24,102.7,95,1,4.1,8.5,127062,134.6,3.9,1.57,117,1.113,685,1.0,2.9,0,0,1,0,0,0,0,4,6,9,0,0,10,3,1,1,28,female,standard,0,0
PAT-01401,chest_pain,5,chronic,1_hour,chest,pressure,0,fluctuating,0,0,0,0,0,0,0,0,0,0,100,97,66,27,100.3,90,0,13.9,13.8,245543,135.8,4.5,2.13,269,0.848,523,2.9,1.6,1,1,0,0,1,0,0,2,4,3,1,0,199,0,1,0,50,male,standard,0,0
PAT-01402,chest_pain,2,sudden,1_day,abdomen,throbbing,0,worsening,0,0,0,0,0,0,0,0,0,0,108,95,72,13,99.0,90,9,5.6,9.0,346491,140.3,5.0,1.56,226,0.523,764,3.9,2.4,0,1,0,1,0,0,0,2,1,0,0,0,134,6,0,1,25,female,standard,0,0
PAT-01403,abdominal_pain,5,gradual,3_days,chest,throbbing,0,worsening,0,0,0,0,0,0,0,0,0,1,144,97,72,12,102.1,97,1,11.5,9.7,352109,136.2,4.8,1.88,192,0.151,252,3.4,1.8,0,1,0,0,0,0,0,4,1,6,0,0,153,2,1,1,33,unknown,standard,1,0
PAT-01404,fever,1,chronic,3_days,generalized,burning,0,fluctuating,1,0,0,0,0,0,0,0,0,0,158,80,71,27,97.3,91,1,4.9,13.5,142627,136.4,5.2,3.26,164,1.019,281,2.1,1.8,0,1,0,0,0,0,0,3,3,7,0,0,98,2,2,0,78,unknown,standard,1,0
PAT-01405,back_pain,7,gradual,1_week,generalized,burning,0,improving,0,0,0,0,0,0,0,0,0,0,95,95,93,17,103.0,91,4,13.3,11.8,256244,134.6,3.3,3.27,233,0.583,86,2.2,3.0,0,1,1,0,0,0,0,0,5,1,0,0,95,3,2,1,43,female,standard,0,0
PAT-01406,other,1,gradual,1_week,unknown,sharp,0,fluctuating,1,0,0,0,0,0,0,0,0,0,128,103,67,26,102.7,89,5,10.2,8.5,236572,135.8,4.6,3.48,133,0.957,238,1.8,2.5,0,0,0,0,0,0,0,2,4,0,0,0,251,4,3,1,33,unknown,standard,1,0
PAT-01407,back_pain,10,chronic,2_hours,unknown,burning,0,improving,1,0,0,0,0,0,0,0,0,0,170,59,99,15,100.6,91,10,3.6,16.3,197878,134.3,3.6,2.06,192,0.045,801,3.9,2.1,0,0,0,1,0,0,0,1,2,6,0,0,289,5,0,1,45,unknown,standard,1,0
PAT-01408,shortness_of_breath,6,sudden,2_hours,back,unknown,0,improving,0,1,0,1,0,0,0,0,0,0,87,98,73,21,98.9,89,2,4.5,13.1,229299,141.7,5.4,1.17,190,0.332,644,3.5,1.3,0,0,1,0,0,1,0,3,1,5,0,0,148,0,2,1,72,unknown,standard,2,0
PAT-01409,injury,8,sudden,3_days,generalized,aching,1,worsening,0,0,0,0,0,0,0,0,0,0,122,72,73,12,97.4,98,7,13.7,13.2,403200,145.7,4.1,3.19,269,0.748,837,1.6,1.2,0,1,0,0,0,0,0,2,5,4,0,0,128,3,3,1,43,unknown,standard,0,0
PAT-01410,back_pain,0,sudden,1_hour,arm,throbbing,0,stable,0,0,0,0,0,0,0,0,0,0,124,79,75,18,103.5,98,1,9.3,15.2,190676,141.8,4.6,2.37,265,0.588,94,1.8,1.3,0,0,0,0,1,0,1,1,2,5,0,0,54,6,1,0,21,male,standard,0,0
PAT-01411,headache,7,sudden,1_day,back,burning,0,worsening,0,0,0,0,0,0,0,0,1,0,171,102,78,20,102.0,94,9,13.2,15.7,364486,131.2,4.0,2.79,192,0.358,775,3.3,2.3,1,0,0,0,0,0,0,4,4,5,0,0,210,2,0,1,38,male,standard,1,0
PAT-01412,back_pain,6,chronic,2_hours,abdomen,sharp,0,worsening,1,0,0,1,0,0,0,0,0,0,103,95,84,16,99.3,92,2,9.2,8.5,296963,140.1,3.7,1.16,203,0.245,262,2.1,1.0,0,1,0,0,0,0,0,2,1,8,1,0,20,5,3,0,66,unknown,standard,2,0
PAT-01413,shortness_of_breath,5,chronic,1_month,back,pressure,0,fluctuating,0,0,0,0,0,0,0,0,0,1,124,94,102,18,97.3,94,3,8.7,8.6,192038,141.2,4.8,1.6,277,0.366,676,2.8,2.0,0,0,0,0,0,0,0,0,3,3,0,0,143,6,2,1,63,unknown,standard,1,0
PAT-01414,other,5,chronic,2_hours,head,aching,0,fluctuating,0,0,0,0,0,0,1,0,0,0,137,92,89,15,101.2,93,4,15.9,14.6,128334,142.5,5.4,1.47,143,0.892,714,1.2,2.0,0,0,0,0,0,0,0,3,1,0,0,0,195,2,3,0,20,unknown,standard,1,0
PAT-01415,back_pain,5,gradual,1_hour,unknown,burning,1,improving,0,0,0,0,0,0,0,0,0,1,161,103,113,15,103.4,89,4,15.9,13.9,386849,142.2,3.3,2.27,273,0.225,207,3.6,3.0,0,0,1,0,0,0,0,2,6,11,0,0,99,2,0,1,67,unknown,standard,1,0
PAT-01416,headache,8,chronic,1_hour,arm,throbbing,0,fluctuating,1,0,0,0,0,0,0,0,0,0,120,100,71,15,101.7,99,5,16.8,9.8,300866,138.1,5.1,3.49,235,0.715,193,2.6,1.8,1,1,1,0,0,0,0,0,3,3,0,0,289,5,3,0,76,female,standard,1,0
PAT-01417,abdominal_pain,1,sudden,1_week,unknown,pressure,0,improving,0,1,0,0,0,0,0,0,0,0,151,75,102,24,97.7,89,3,15.4,10.7,226159,134.2,4.0,2.41,151,0.511,451,3.6,3.0,0,0,1,0,1,0,0,2,6,10,0,0,298,5,2,0,54,male,standard,1,0
PAT-01418,injury,0,gradual,1_day,head,unknown,0,improving,1,0,0,1,0,0,0,0,0,0,170,78,109,16,99.7,88,9,5.3,13.2,302723,131.9,3.5,2.3,265,0.917,81,3.2,2.3,0,1,0,0,0,0,0,1,4,7,0,0,240,5,3,1,83,male,standard,2,0
PAT-01419,shortness_of_breath,5,sudden,1_hour,head,throbbing,1,stable,0,0,0,0,0,0,0,0,0,0,173,82,63,19,97.9,88,10,4.5,14.7,255214,130.1,4.8,2.83,244,0.246,775,2.1,1.8,0,0,0,1,0,0,0,3,6,11,0,0,42,3,3,1,24,female,standard,0,0
PAT-01420,abdominal_pain,9,sudden,2_hours,leg,pressure,0,stable,0,0,0,0,0,0,0,0,0,0,104,100,68,15,102.9,92,6,4.3,13.1,409520,130.0,3.4,1.62,233,0.328,163,3.1,2.1,1,0,0,1,0,0,0,0,0,9,0,0,96,1,0,1,61,male,standard,0,0
PAT-01421,abdominal_pain,10,chronic,2_hours,generalized,unknown,0,worsening,0,0,1,0,0,0,0,0,0,0,112,58,80,18,99.3,92,7,17.7,14.7,210538,145.0,4.9,1.41,126,0.481,399,0.8,1.1,0,1,0,1,0,0,0,0,4,3,0,0,103,6,2,1,40,unknown,standard,1,0
PAT-01422,abdominal_pain,7,chronic,3_days,abdomen,unknown,1,stable,0,0,0,0,0,0,0,0,0,0,141,62,106,20,101.8,94,3,10.8,9.9,236250,139.7,4.2,3.05,252,0.204,254,2.2,2.9,1,1,0,0,0,0,0,4,3,4,0,0,101,5,2,1,37,unknown,standard,0,0
PAT-01423,chest_pain,2,sudden,1_hour,chest,aching,0,improving,0,0,0,1,0,0,0,0,0,0,87,103,98,17,97.7,88,8,5.2,10.8,254019,139.2,3.6,3.39,87,0.556,468,2.2,2.4,0,0,1,0,0,0,0,3,2,2,0,0,227,6,3,1,43,female,standard,1,0
PAT-01424,injury,9,sudden,1_month,head,throbbing,0,fluctuating,0,0,0,0,0,0,0,0,1,0,170,87,65,15,98.0,92,5,11.4,8.9,150243,136.0,3.6,1.88,267,0.502,835,2.1,1.9,0,1,0,0,0,0,0,2,1,5,0,0,332,4,2,1,79,male,standard,1,0
PAT-01425,other,0,gradual,1_week,back,burning,0,stable,0,1,0,0,0,0,0,0,0,0,121,57,105,27,101.5,89,7,13.8,16.4,294930,142.8,4.9,0.82,187,1.188,585,1.0,2.7,0,1,0,0,0,1,1,1,1,8,1,0,227,3,1,1,71,male,standard,1,0
PAT-01426,fever,8,chronic,1_day,chest,burning,0,stable,0,0,0,0,0,0,0,0,0,0,102,103,96,16,102.5,97,8,4.9,14.9,180239,133.5,5.1,1.2,193,0.715,465,2.4,1.8,0,0,0,0,0,0,0,2,3,11,0,0,58,3,0,1,66,female,standard,0,0
PAT-01427,injury,0,gradual,1_month,back,sharp,0,stable,0,0,0,0,0,0,0,0,1,1,168,74,116,19,98.5,88,0,8.5,14.1,155507,141.8,4.8,3.1,240,0.088,409,3.3,2.0,0,1,0,0,0,0,0,1,1,10,0,0,201,2,3,1,20,unknown,standard,2,0
PAT-01428,chest_pain,2,gradual,1_week,unknown,pressure,0,stable,0,0,1,0,0,0,0,0,0,0,130,89,89,15,99.8,94,4,6.2,9.7,125036,135.8,4.9,1.04,113,0.555,180,1.8,1.9,0,1,1,1,0,0,0,4,3,11,0,0,106,4,3,1,23,male,standard,1,0
PAT-01429,fever,7,gradual,2_hours,back,sharp,0,improving,0,0,0,0,0,0,0,0,0,0,89,93,118,24,101.1,90,6,17.6,13.9,260850,141.3,5.2,2.84,171,1.055,218,3.5,3.2,0,0,0,0,0,1,0,0,2,11,0,0,124,2,2,1,25,unknown,standard,0,0
PAT-01430,injury,2,sudden,1_month,chest,dull,1,improving,0,0,0,0,0,0,0,0,0,0,157,97,72,15,102.2,98,9,8.1,15.3,239455,141.3,4.2,2.44,116,1.041,347,2.7,2.7,1,1,0,0,0,0,0,1,0,4,0,0,13,6,3,1,82,unknown,standard,0,0
PAT-01431,abdominal_pain,3,gradual,1_week,chest,burning,1,worsening,0,0,0,0,0,0,0,0,0,0,165,101,68,18,101.2,96,1,13.5,14.9,151489,135.0,3.6,2.73,198,1.154,648,3.2,3.0,0,0,0,0,1,0,0,0,4,1,0,0,315,0,3,1,59,female,standard,0,0
PAT-01432,shortness_of_breath,7,gradual,2_hours,generalized,pressure,0,fluctuating,1,0,0,0,0,0,0,1,0,0,160,61,103,17,97.8,92,10,16.8,14.4,399056,144.9,4.1,1.42,173,1.074,142,3.8,1.8,0,0,1,0,1,0,1,0,6,2,0,0,70,0,2,1,37,female,standard,2,0
PAT-01433,fever,0,sudden,2_hours,back,aching,0,worsening,0,0,0,0,0,0,0,0,0,0,141,81,123,12,100.6,92,6,16.0,11.3,254422,138.1,5.5,0.75,241,0.216,561,2.3,2.0,0,1,1,1,0,0,0,2,2,2,0,0,361,2,1,1,82,unknown,standard,0,0
PAT-01434,headache,5,chronic,2_hours,abdomen,sharp,0,worsening,0,1,0,0,0,1,0,0,0,0,110,59,71,26,102.8,92,6,9.2,14.5,293451,134.1,4.2,0.81,116,0.009,538,3.6,1.4,0,1,1,0,0,0,0,1,6,3,1,0,74,0,1,1,72,unknown,standard,2,0
PAT-01435,headache,0,chronic,2_hours,generalized,aching,1,stable,1,0,0,0,0,0,0,0,0,0,117,103,75,20,102.7,96,2,8.0,12.1,330246,140.8,5.3,2.73,180,0.741,336,1.1,0.9,0,1,0,0,0,0,1,1,2,2,0,0,280,0,1,1,37,male,standard,1,0
PAT-01436,back_pain,0,gradual,2_hours,arm,aching,0,fluctuating,1,0,0,0,0,0,0,0,0,0,120,91,68,24,100.9,97,8,15.2,11.4,323509,142.0,4.8,2.42,147,0.844,512,3.4,1.3,0,1,0,0,0,0,0,0,5,0,0,1,209,6,3,0,80,unknown,standard,1,0
PAT-01437,fever,7,sudden,3_days,leg,aching,0,stable,0,0,0,0,0,0,0,0,0,0,106,55,57,16,103.5,88,6,6.5,16.2,374401,145.2,4.9,3.05,272,0.162,161,3.6,3.0,1,0,0,0,0,1,0,1,1,8,0,0,82,7,1,1,73,unknown,standard,0,0
PAT-01438,shortness_of_breath,10,chronic,1_month,arm,sharp,0,improving,0,0,1,0,0,0,0,0,0,1,166,76,85,21,97.9,92,9,13.9,9.2,243662,131.2,3.6,1.82,179,0.204,208,3.9,1.9,0,1,0,0,0,0,0,3,1,11,0,0,48,7,0,1,68,unknown,standard,2,0
PAT-01439,other,3,gradual,1_week,abdomen,dull,0,worsening,0,0,0,0,0,0,0,0,1,1,101,61,101,22,100.2,97,10,15.6,15.4,285603,138.6,4.0,2.26,275,1.156,339,0.9,1.2,0,1,0,1,0,0,0,4,5,10,0,0,250,2,3,1,66,male,standard,2,0
PAT-01440,chest_pain,0,gradual,3_days,generalized,unknown,0,fluctuating,0,0,0,0,0,0,0,0,0,0,128,103,98,13,102.1,93,4,15.8,10.7,212221,137.8,4.9,2.89,165,1.133,586,1.0,1.9,0,0,0,0,0,0,0,3,0,6,1,0,157,0,1,1,25,unknown,standard,0,0
PAT-01441,abdominal_pain,9,sudden,3_days,leg,unknown,0,improving,0,0,0,0,0,0,0,0,0,0,136,62,71,16,98.1,96,6,3.6,12.4,166149,135.0,4.7,2.09,116,0.193,109,0.7,2.7,1,0,0,0,0,0,0,2,3,3,0,0,55,1,2,0,51,unknown,standard,0,0
PAT-01442,back_pain,6,gradual,1_hour,generalized,sharp,0,worsening,0,0,0,0,0,0,0,0,0,0,172,98,110,19,103.3,90,6,10.7,11.1,347004,142.3,5.2,3.48,231,0.3,447,2.4,2.1,1,0,1,0,0,0,0,2,5,8,0,0,19,2,3,0,36,female,standard,0,0
PAT-01443,headache,4,chronic,1_hour,chest,unknown,1,fluctuating,0,0,0,0,0,0,0,0,0,0,106,84,81,17,99.4,88,5,8.7,12.3,267952,133.1,3.7,2.78,270,1.071,845,1.3,3.1,1,0,0,0,0,1,0,3,3,10,0,0,110,1,3,1,26,male,standard,0,0
PAT-01444,chest_pain,4,sudden,1_hour,leg,throbbing,0,worsening,1,0,0,1,0,1,0,0,0,1,153,82,123,19,99.4,99,3,17.7,15.0,335878,135.2,4.9,2.61,227,0.525,181,2.6,3.0,1,0,0,0,0,1,0,4,2,1,0,0,209,3,0,1,83,unknown,standard,4,0
PAT-01445,chest_pain,0,chronic,1_day,unknown,unknown,0,fluctuating,0,0,0,0,0,0,0,0,0,0,85,80,56,16,98.5,98,7,11.4,9.6,387728,142.3,3.3,2.94,90,0.959,531,3.8,2.0,0,1,0,0,0,0,0,1,6,11,0,0,160,1,0,1,51,unknown,standard,0,0
PAT-01446,abdominal_pain,9,chronic,1_hour,back,burning,0,worsening,0,0,0,0,0,0,0,0,0,0,167,88,116,15,99.0,98,1,9.7,14.4,264514,137.6,3.9,2.88,259,0.478,625,1.8,1.1,0,0,0,0,0,0,0,4,2,8,0,0,191,6,1,0,18,male,standard,0,0
PAT-01447,other,10,chronic,1_week,arm,sharp,0,stable,1,0,0,0,0,0,0,0,0,0,114,103,60,21,100.8,95,7,7.0,11.8,247448,132.2,4.7,1.32,236,0.885,274,0.6,2.5,0,0,0,1,0,0,0,4,5,8,0,0,239,5,1,1,83,male,standard,1,0
PAT-01448,other,5,gradual,3_days,leg,unknown,1,worsening,0,0,0,0,0,0,0,0,0,0,123,86,119,14,99.9,96,4,15.8,15.9,135636,144.3,5.5,1.29,277,0.479,497,3.8,1.7,0,1,0,0,0,0,0,1,1,1,1,0,328,7,3,1,39,female,standard,0,0
PAT-01449,fever,8,gradual,1_week,back,sharp,0,worsening,0,0,0,0,0,0,0,0,0,0,163,76,72,27,98.4,99,6,8.1,12.6,191733,141.7,5.5,2.4,83,1.08,460,2.8,2.7,0,1,0,0,0,0,0,1,6,6,1,0,94,5,1,1,64,unknown,standard,0,0
PAT-01450,headache,8,chronic,1_month,generalized,dull,1,fluctuating,0,1,0,0,0,0,0,0,0,0,119,74,109,13,102.3,98,2,15.5,8.4,187315,139.0,4.2,1.92,237,0.394,688,1.3,1.6,0,0,1,1,0,0,0,1,3,3,0,0,305,3,0,1,20,female,standard,1,0
PAT-01451,other,7,chronic,1_hour,abdomen,throbbing,0,fluctuating,0,0,0,0,0,0,0,0,0,0,153,68,121,26,97.6,93,6,16.4,15.7,191894,139.7,5.0,3.14,101,0.63,184,3.1,1.7,0,0,0,0,0,0,0,1,6,4,0,0,215,7,0,1,52,female,standard,0,0
PAT-01452,shortness_of_breath,4,sudden,1_day,leg,sharp,0,stable,0,0,0,0,0,0,0,0,0,0,154,77,111,20,102.5,92,8,4.3,15.9,162993,140.0,4.6,1.51,241,0.628,767,2.9,2.1,1,0,0,1,0,0,0,0,5,4,0,0,197,5,1,1,53,unknown,standard,0,0
PAT-01453,other,0,sudden,1_month,back,burning,0,fluctuating,0,0,0,0,0,1,0,0,0,0,173,57,73,26,98.9,99,6,10.9,9.5,246986,138.0,4.8,1.63,247,0.78,364,2.0,1.0,0,1,0,0,0,0,0,3,0,8,0,0,110,4,0,1,41,female,standard,1,0
PAT-01454,chest_pain,8,gradual,1_day,generalized,unknown,1,worsening,0,0,0,0,0,0,0,0,0,0,95,73,65,12,100.3,95,0,9.6,16.3,376730,141.9,4.9,1.17,197,0.372,87,1.4,1.3,0,0,0,0,0,0,0,0,6,5,0,0,289,0,3,1,27,female,standard,0,0
PAT-01455,abdominal_pain,0,gradual,1_month,generalized,burning,0,fluctuating,1,0,0,0,0,0,0,0,0,0,135,68,109,21,99.6,99,8,9.2,11.8,369787,141.4,4.5,3.45,262,0.773,849,4.2,2.9,1,0,0,0,0,0,0,3,5,0,0,0,160,4,1,1,38,male,standard,1,0
PAT-01456,shortness_of_breath,7,sudden,3_days,generalized,unknown,0,fluctuating,0,0,0,0,0,0,1,0,0,0,147,94,91,25,100.8,93,6,8.9,15.8,230280,130.0,5.1,1.02,166,0.174,270,2.9,3.1,0,0,0,0,1,0,0,3,2,4,0,0,295,0,3,1,75,male,standard,1,0
PAT-01457,fever,4,chronic,1_week,abdomen,sharp,1,fluctuating,0,0,0,0,0,0,0,0,0,1,170,93,58,26,102.2,93,1,11.2,11.1,156972,131.8,4.5,3.45,245,1.073,20,0.6,1.3,0,1,0,0,0,0,0,3,5,0,0,0,17,3,1,1,62,unknown,standard,1,0
PAT-01458,headache,2,gradual,2_hours,chest,aching,0,stable,0,0,0,0,0,0,0,0,0,0,118,91,67,13,103.4,96,4,5.4,8.2,300250,130.4,3.4,2.68,135,0.177,731,1.1,2.7,1,0,0,1,0,0,0,4,1,6,0,0,18,2,0,1,28,unknown,standard,0,0
PAT-01459,fever,10,chronic,1_week,abdomen,unknown,0,stable,0,0,0,0,0,0,0,0,0,0,139,89,124,17,99.1,96,10,16.1,14.8,347676,132.7,5.5,0.95,271,1.009,648,1.5,1.2,0,0,0,0,0,0,0,3,4,2,0,0,77,0,3,1,35,unknown,standard,0,0
PAT-01460,chest_pain,6,sudden,1_hour,abdomen,aching,0,improving,0,0,0,0,0,0,0,0,1,1,162,55,112,24,100.7,88,9,11.6,15.5,170157,131.2,3.9,1.13,218,0.833,455,3.5,2.0,1,0,0,0,0,0,0,1,4,1,0,1,198,7,2,0,33,female,standard,2,0
PAT-01461,shortness_of_breath,6,gradual,2_hours,unknown,throbbing,1,stable,0,0,0,0,0,0,0,0,0,0,157,73,56,17,100.1,99,1,8.5,9.4,151236,133.1,5.4,1.62,166,0.413,588,2.3,2.1,0,0,0,0,0,0,0,4,4,6,0,0,249,1,0,1,73,female,standard,0,0
PAT-01462,shortness_of_breath,8,gradual,1_day,arm,burning,0,stable,0,0,0,1,0,1,0,0,0,0,104,69,114,23,103.5,89,6,7.0,12.7,230053,138.6,3.9,1.43,204,0.396,844,0.8,2.2,1,0,0,1,0,0,0,4,4,8,0,0,338,5,2,1,82,female,standard,2,0
PAT-01463,shortness_of_breath,6,sudden,3_days,generalized,aching,1,stable,0,0,0,0,0,0,0,0,0,1,164,79,86,12,102.3,88,8,12.4,15.1,366771,140.7,5.2,3.42,276,1.159,341,1.6,1.7,0,0,0,0,0,0,0,0,2,4,0,0,263,7,0,1,81,male,standard,1,0
PAT-01464,chest_pain,10,gradual,3_days,back,burning,0,worsening,0,0,1,0,0,1,0,0,1,0,142,55,117,19,99.7,89,3,14.9,11.9,244556,144.7,4.8,2.42,93,0.238,336,4.1,2.9,1,0,0,1,0,0,0,2,3,3,0,0,8,3,2,1,31,male,standard,3,0
PAT-01465,chest_pain,2,sudden,1_day,leg,unknown,1,improving,0,0,0,0,0,0,0,0,0,0,165,85,114,22,100.2,90,2,9.9,14.7,241181,141.8,4.0,0.91,138,0.869,839,3.4,1.6,0,1,0,0,0,0,0,4,3,9,0,0,203,1,3,1,69,male,standard,0,0
PAT-01466,fever,10,gradual,1_hour,arm,unknown,0,worsening,0,0,0,0,0,0,0,0,0,0,101,91,80,15,98.7,89,5,17.8,13.4,395544,130.5,5.4,2.17,94,0.225,382,0.6,2.0,0,0,1,0,1,0,0,1,3,4,1,1,275,0,2,1,56,unknown,standard,0,0
PAT-01467,back_pain,0,sudden,1_day,generalized,throbbing,0,stable,0,1,0,0,0,0,0,0,0,0,118,97,76,25,102.0,93,7,11.3,14.1,395558,137.5,4.5,3.21,132,1.087,580,3.6,1.3,0,0,0,0,0,1,0,4,0,6,0,0,184,6,3,1,31,female,standard,1,0
PAT-01468,fever,7,gradual,1_month,head,unknown,1,stable,0,1,0,0,0,0,0,0,0,0,159,100,58,18,102.5,91,7,17.7,15.8,257123,140.8,5.1,1.87,262,0.892,554,1.3,2.2,0,0,0,0,0,0,0,0,0,3,0,0,116,6,0,0,21,female,standard,1,0
PAT-01469,headache,2,chronic,1_hour,abdomen,throbbing,1,improving,0,0,0,0,0,0,0,0,0,0,146,76,70,21,103.3,92,7,17.5,11.5,264508,135.0,5.0,2.57,133,1.12,744,1.8,1.4,0,1,0,0,0,0,0,4,3,8,1,0,80,6,1,1,25,unknown,standard,0,0
PAT-01470,abdominal_pain,7,chronic,2_hours,head,aching,0,improving,0,0,0,0,0,0,0,0,0,0,118,104,117,26,100.8,97,4,12.2,14.6,189553,135.9,3.3,2.86,192,1.056,752,1.0,1.5,0,1,0,0,1,0,0,2,2,5,0,0,21,5,2,1,76,female,standard,0,0
PAT-01471,shortness_of_breath,7,chronic,1_day,generalized,unknown,0,fluctuating,0,0,0,0,0,0,0,1,0,0,156,74,96,26,101.4,96,10,11.9,14.1,204924,142.8,3.8,1.22,186,0.662,344,0.6,1.9,0,1,0,0,1,0,0,3,4,2,0,0,277,5,3,1,50,female,standard,1,0
PAT-01472,back_pain,4,gradual,1_hour,arm,sharp,1,stable,0,1,0,0,0,0,0,1,0,0,103,95,87,20,100.0,89,5,5.0,11.7,339218,130.8,4.3,3.1,253,0.187,168,2.4,1.5,1,1,1,0,1,0,0,4,4,11,1,1,266,3,2,0,65,unknown,standard,2,0
PAT-01473,abdominal_pain,0,gradual,2_hours,back,pressure,0,stable,0,0,0,0,0,0,0,1,0,0,171,101,67,27,101.0,90,1,17.0,11.2,239050,138.6,5.3,1.96,109,0.27,717,1.6,1.0,1,0,0,0,0,0,0,0,6,1,0,0,183,1,1,1,43,female,standard,1,0
PAT-01474,back_pain,9,chronic,1_day,arm,dull,0,worsening,1,0,0,0,0,0,0,0,0,0,150,97,100,13,99.4,97,5,15.1,15.5,369217,142.9,3.3,0.86,179,0.246,284,1.9,2.7,0,0,0,1,1,0,0,2,3,3,0,0,52,3,3,1,65,male,standard,1,0
PAT-01475,other,6,chronic,3_days,unknown,pressure,1,fluctuating,0,0,0,0,0,0,0,0,0,1,156,59,67,18,101.8,88,4,10.8,9.7,230342,142.8,3.6,3.16,212,0.269,218,1.2,2.8,1,1,0,0,0,1,0,3,1,8,0,0,16,3,0,1,64,female,standard,1,0
PAT-01476,other,9,sudden,1_day,back,pressure,0,stable,0,0,0,0,0,0,0,0,0,0,126,69,87,12,97.3,89,2,7.9,10.7,387320,131.9,4.6,2.28,186,0.574,101,3.5,3.0,0,0,0,0,0,0,0,4,2,1,1,0,314,0,0,1,75,female,standard,0,0
PAT-01477,injury,4,sudden,1_week,back,burning,0,worsening,0,0,0,0,0,0,0,0,0,0,135,56,68,14,97.4,88,7,15.7,16.3,159710,143.5,4.7,1.26,110,1.042,98,1.2,3.2,0,0,0,0,0,0,0,1,1,2,1,0,56,0,1,1,21,male,standard,0,0
PAT-01478,other,7,sudden,1_day,generalized,throbbing,1,improving,0,0,0,0,0,0,0,0,0,1,155,66,62,15,101.7,96,3,7.7,10.4,164408,131.2,3.6,1.59,255,0.033,748,2.5,1.2,1,0,0,0,0,0,1,4,1,2,1,1,166,4,1,1,62,male,standard,1,0
PAT-01479,fever,8,chronic,1_week,chest,burning,0,worsening,0,0,0,0,0,0,0,0,0,0,133,61,100,14,103.1,90,1,11.4,15.4,360094,144.8,5.4,2.29,194,0.29,195,2.3,1.5,0,0,0,0,0,0,0,1,2,4,0,0,69,6,2,0,36,unknown,standard,0,0
PAT-01480,other,10,chronic,2_hours,generalized,aching,0,stable,0,0,0,0,0,0,0,0,0,0,113,56,55,19,101.2,90,10,6.4,11.2,213830,133.5,3.6,1.75,128,0.718,355,3.9,2.4,0,0,1,1,0,0,0,0,2,4,1,0,247,6,1,0,37,male,standard,0,0
PAT-01481,chest_pain,6,chronic,1_day,abdomen,dull,1,worsening,1,0,0,0,0,0,0,0,0,0,114,62,113,22,101.8,94,2,15.2,12.7,196173,131.8,3.6,1.35,90,1.039,743,4.2,2.9,0,0,0,1,0,0,0,3,0,9,0,0,74,2,1,1,71,female,standard,1,0
PAT-01482,shortness_of_breath,6,sudden,2_hours,arm,aching,0,worsening,0,0,0,0,0,0,0,0,0,0,109,63,114,23,102.4,88,1,14.4,11.4,313032,131.2,4.7,2.04,124,0.36,512,3.9,1.3,0,1,1,0,0,0,0,4,0,10,0,0,275,0,3,0,79,male,standard,0,0
PAT-01483,fever,0,gradual,2_hours,back,sharp,1,fluctuating,0,0,0,0,0,0,0,0,1,0,152,81,103,25,99.5,96,1,7.7,9.9,339248,135.5,4.2,1.22,100,0.462,56,3.2,2.0,0,1,0,0,0,0,0,3,6,6,1,0,322,6,3,1,68,female,standard,1,0
PAT-01484,abdominal_pain,3,chronic,1_hour,generalized,dull,1,fluctuating,0,0,1,0,0,0,0,0,0,1,146,82,115,27,97.9,94,2,5.2,13.9,345401,135.6,3.3,1.39,105,0.451,134,2.2,3.2,1,1,0,0,0,1,0,1,4,0,1,0,312,2,0,1,27,female,standard,2,0
PAT-01485,injury,1,gradual,2_hours,generalized,burning,0,improving,0,0,0,0,0,0,0,0,0,1,122,91,77,23,103.1,96,6,6.1,16.2,158900,138.4,5.3,3.01,263,0.356,24,1.1,1.7,1,1,0,0,0,0,0,2,0,1,0,0,324,2,2,0,47,unknown,standard,1,0
PAT-01486,injury,1,gradual,2_hours,arm,unknown,0,fluctuating,0,0,0,0,0,0,0,0,0,0,101,69,59,25,103.1,95,9,12.4,15.6,182223,141.7,3.4,1.34,244,0.84,468,3.7,2.0,0,0,1,1,1,1,0,0,6,4,0,0,294,3,2,1,55,unknown,standard,0,0
PAT-01487,injury,1,gradual,1_day,arm,unknown,0,worsening,0,0,0,0,0,0,0,0,0,0,158,73,104,27,100.0,92,0,5.7,16.4,259009,138.2,3.6,2.65,75,0.789,771,3.2,2.5,0,0,0,0,0,0,0,4,1,4,0,0,314,6,3,1,51,female,standard,0,0
PAT-01488,abdominal_pain,3,sudden,1_day,unknown,burning,0,fluctuating,0,0,0,0,0,0,0,0,0,0,85,84,90,18,98.6,99,9,8.1,13.9,205701,145.7,5.3,1.4,244,1.013,26,1.1,1.9,0,1,0,0,0,1,0,2,5,6,0,0,12,6,0,1,44,male,standard,0,0
PAT-01489,abdominal_pain,0,gradual,3_days,back,aching,0,stable,0,0,0,0,0,0,0,0,0,0,102,67,74,14,102.8,90,5,15.7,8.3,170070,133.4,3.8,1.29,251,1.102,317,0.9,2.6,0,0,0,0,0,0,0,0,5,11,0,0,137,7,3,1,37,female,standard,0,0
PAT-01490,abdominal_pain,3,chronic,1_hour,leg,burning,0,worsening,0,0,0,0,0,0,0,0,0,1,147,99,97,18,101.7,98,10,4.7,12.7,212541,133.4,5.1,1.4,221,1.081,335,3.0,1.2,1,1,0,1,0,0,0,1,2,6,0,0,350,0,0,0,33,female,standard,1,0
PAT-01491,abdominal_pain,1,sudden,2_hours,unknown,burning,0,worsening,0,0,0,0,0,0,0,0,0,0,130,60,62,13,97.3,96,0,11.9,13.3,292187,141.3,3.6,2.01,131,0.65,407,3.9,1.4,1,1,0,0,0,0,0,0,5,2,0,0,205,2,2,1,48,unknown,standard,0,0
PAT-01492,injury,4,chronic,1_hour,head,pressure,0,worsening,0,0,0,0,0,0,0,0,0,0,103,84,95,27,97.9,92,2,9.3,9.0,269054,135.0,3.3,1.11,176,0.227,791,1.4,1.8,0,0,1,0,0,0,0,3,5,3,0,1,281,6,3,1,76,unknown,standard,0,0
PAT-01493,injury,2,chronic,1_week,abdomen,sharp,0,stable,0,0,0,0,0,0,0,0,0,0,134,55,79,23,103.4,96,3,5.2,15.0,359996,132.7,3.7,1.0,210,0.27,256,2.1,3.2,0,0,0,0,0,0,0,1,6,1,0,0,347,4,3,0,55,unknown,standard,0,0
PAT-01494,back_pain,7,sudden,2_hours,abdomen,unknown,0,worsening,0,0,0,0,0,0,0,0,0,0,138,96,61,22,97.4,90,7,10.9,14.2,162640,142.7,4.9,2.82,264,0.71,352,4.1,1.7,0,0,0,0,1,0,0,0,5,11,0,0,91,1,3,1,69,unknown,standard,0,0
PAT-01495,fever,3,chronic,1_hour,leg,pressure,0,fluctuating,0,0,0,0,0,0,0,0,0,0,115,92,115,27,99.0,93,1,11.0,11.8,179299,133.6,4.7,0.77,154,1.102,630,4.0,3.0,0,1,0,0,0,0,0,3,5,10,0,0,252,2,0,1,83,unknown,standard,0,0
PAT-01496,shortness_of_breath,0,chronic,3_days,chest,burning,0,stable,0,0,0,0,0,0,0,0,0,0,170,79,87,22,100.7,89,6,9.0,10.5,410066,142.0,3.9,1.78,278,0.639,135,3.1,2.9,0,0,0,0,0,0,0,3,4,1,1,0,352,1,3,1,50,female,standard,0,0
PAT-01497,other,0,sudden,3_days,unknown,throbbing,0,worsening,0,0,0,0,0,0,0,0,0,0,149,89,123,14,98.4,90,2,4.3,9.9,140331,133.3,4.7,1.81,83,1.123,656,2.3,2.6,0,0,0,0,0,0,0,4,5,2,0,1,75,4,0,1,58,unknown,standard,0,0
PAT-01498,other,9,chronic,2_hours,leg,pressure,0,fluctuating,0,0,0,0,1,0,0,0,0,0,130,80,92,18,98.7,89,0,6.5,16.2,174034,145.0,4.7,3.2,186,0.318,641,1.9,1.8,0,1,0,0,0,0,0,4,0,10,0,0,353,7,3,1,59,female,standard,1,0
PAT-01499,chest_pain,2,gradual,1_week,chest,burning,0,fluctuating,1,0,0,0,0,1,0,0,0,0,119,67,66,21,99.4,99,5,9.4,14.8,254554,134.7,4.5,2.87,81,0.108,734,2.0,1.7,1,0,0,0,0,0,1,0,5,6,0,0,220,6,1,1,84,female,standard,2,0
PAT-01500,injury,8,chronic,3_days,chest,unknown,0,improving,0,0,1,0,0,0,0,0,0,0,133,73,98,24,98.9,89,1,7.5,13.9,359402,142.0,5.4,2.13,242,0.957,800,2.4,2.4,1,0,1,0,0,0,0,3,5,5,0,0,187,1,1,1,20,male,standard,1,0
PAT-01501,chest_pain,6,gradual,3_days,leg,burning,0,fluctuating,0,0,0,0,0,0,0,0,0,0,165,64,107,16,102.3,92,2,5.8,16.1,218531,143.5,5.0,2.04,263,1.056,306,3.1,1.4,1,1,0,1,0,0,0,2,4,0,0,0,187,5,2,1,50,female,standard,0,0
PAT-01502,fever,1,chronic,1_week,abdomen,sharp,0,fluctuating,1,0,0,0,0,0,0,0,0,0,118,99,68,23,100.4,97,5,10.6,9.7,240570,132.0,5.1,2.28,97,0.54,506,2.4,1.7,0,1,0,0,0,0,0,3,5,8,0,0,25,4,1,0,55,female,standard,1,0
PAT-01503,fever,8,sudden,1_hour,head,aching,0,improving,0,1,0,0,0,0,0,0,0,0,113,61,106,26,99.0,91,2,9.3,15.3,303376,131.1,4.2,1.7,115,0.127,317,1.4,2.8,0,0,0,0,0,0,0,1,3,0,1,0,208,0,2,1,59,female,standard,1,0
PAT-01504,chest_pain,9,sudden,3_days,abdomen,dull,0,improving,0,0,0,0,0,0,0,0,0,0,90,69,106,24,99.2,98,4,13.1,13.0,270091,139.6,4.8,2.66,146,0.056,601,3.3,1.4,0,1,0,0,0,0,0,0,0,6,0,0,266,5,0,0,34,male,standard,0,0
PAT-01505,injury,1,chronic,1_day,generalized,pressure,0,stable,0,0,0,0,0,0,0,0,0,0,85,77,100,20,97.5,91,2,11.6,15.9,352728,139.9,3.6,2.62,225,0.08,158,2.2,2.8,1,1,0,0,0,0,0,0,4,7,0,0,141,6,2,0,61,female,standard,0,0
PAT-01506,chest_pain,2,sudden,1_month,abdomen,pressure,1,fluctuating,0,0,1,0,0,0,0,0,0,0,139,90,95,19,97.5,95,6,6.0,13.6,362377,140.0,3.9,2.31,85,0.53,168,2.7,2.2,0,1,0,0,0,0,0,4,2,5,0,0,46,6,3,1,55,male,standard,1,0
PAT-01507,other,10,chronic,1_month,abdomen,pressure,0,stable,0,0,0,0,0,0,0,0,0,0,111,97,56,17,101.7,93,6,13.5,14.3,155579,137.3,4.4,0.86,75,0.286,685,3.4,2.1,0,0,0,0,0,1,0,3,1,11,0,1,90,0,3,0,58,unknown,standard,0,0
PAT-01508,back_pain,9,sudden,3_days,unknown,burning,1,stable,0,0,0,0,0,0,0,0,0,0,96,85,103,23,97.9,97,0,10.2,9.9,243053,145.0,5.1,1.06,251,0.557,34,2.0,2.3,1,0,0,0,0,0,0,4,2,0,0,0,170,2,1,1,57,unknown,standard,0,0
PAT-01509,other,1,gradual,1_hour,leg,sharp,0,worsening,0,0,0,0,0,0,0,0,0,0,88,62,82,15,100.2,89,5,5.1,10.9,176678,141.1,4.0,0.81,118,0.589,427,3.9,2.4,1,0,0,0,0,0,0,3,3,1,0,0,5,3,3,0,23,unknown,standard,0,0
PAT-01510,headache,2,chronic,1_hour,leg,burning,0,stable,1,0,0,0,0,0,0,0,0,0,164,84,86,14,102.5,88,2,3.8,10.6,301622,131.2,4.2,2.71,143,0.552,463,2.4,2.2,0,0,0,0,0,0,0,0,0,6,0,0,32,0,1,1,54,unknown,standard,1,0
PAT-01511,injury,5,gradual,2_hours,generalized,burning,0,stable,0,0,0,0,1,0,0,0,0,0,136,88,76,17,99.5,92,6,12.6,13.9,123402,142.6,5.4,2.04,216,0.746,357,3.1,2.5,1,1,0,0,0,0,0,1,5,4,0,0,78,0,2,1,76,unknown,standard,1,0
PAT-01512,injury,8,gradual,1_day,generalized,aching,0,stable,0,0,0,0,0,0,0,0,0,0,95,87,96,27,99.4,94,0,12.5,11.5,385879,134.4,3.9,3.37,81,0.817,475,3.3,1.7,0,0,0,0,0,0,0,1,3,8,0,0,97,0,2,0,66,female,standard,0,0
PAT-01513,shortness_of_breath,8,chronic,1_hour,unknown,throbbing,0,stable,0,0,0,0,0,0,0,0,0,0,136,55,83,20,102.7,92,9,15.4,15.3,187970,141.6,4.6,3.37,197,0.478,124,1.9,2.8,0,0,0,0,1,0,0,1,1,7,0,0,82,6,3,1,75,unknown,standard,0,0
PAT-01514,abdominal_pain,6,gradual,1_week,leg,sharp,0,improving,0,0,0,0,0,0,0,0,0,0,168,70,122,16,102.6,99,2,14.6,9.8,266087,130.9,3.4,2.93,262,0.408,815,1.5,1.4,0,0,0,0,0,0,0,0,0,3,1,0,124,0,2,1,32,male,standard,0,0
PAT-01515,headache,2,chronic,1_day,abdomen,pressure,0,fluctuating,1,0,0,0,0,0,0,0,0,0,110,104,87,23,102.7,91,9,16.2,14.8,188755,142.3,4.1,1.94,98,0.445,688,3.9,2.5,0,0,1,0,0,0,0,4,0,4,0,0,145,5,2,1,57,male,standard,1,0
PAT-01516,fever,3,gradual,1_month,head,dull,0,worsening,0,0,0,0,0,0,0,0,0,0,112,65,100,18,100.8,92,1,7.7,14.9,411158,138.7,4.0,1.59,206,0.089,258,1.7,1.8,0,1,1,0,0,0,0,3,1,9,0,0,70,4,1,1,52,female,standard,0,0
PAT-01517,injury,5,chronic,1_day,chest,pressure,0,improving,0,1,0,0,0,0,0,0,0,0,156,81,63,18,103.2,98,7,9.5,13.3,203067,141.5,3.2,1.26,229,0.389,839,1.0,2.5,1,1,1,1,0,0,0,4,3,2,1,0,70,5,2,1,69,unknown,standard,1,0
PAT-01518,chest_pain,10,chronic,1_week,arm,burning,0,worsening,1,0,0,0,0,0,0,0,0,1,150,76,92,27,102.4,97,7,4.4,9.3,190371,137.9,4.5,1.35,264,0.244,641,2.4,1.0,0,1,0,0,0,0,0,0,5,1,0,0,22,2,3,0,84,unknown,standard,2,0
PAT-01519,headache,4,sudden,3_days,chest,sharp,0,worsening,0,0,0,0,0,0,0,0,1,0,174,94,80,25,99.8,95,10,9.5,10.8,347660,142.8,4.0,3.47,81,0.353,209,3.6,1.8,1,1,1,0,0,0,0,4,2,11,0,0,329,7,1,1,60,unknown,standard,1,0
PAT-01520,shortness_of_breath,1,chronic,1_week,generalized,unknown,0,improving,0,0,0,1,1,0,1,1,0,0,111,73,97,18,101.2,92,8,6.7,11.4,344739,145.2,3.8,2.18,256,0.859,587,1.6,3.1,1,0,0,0,0,0,0,2,1,11,0,0,328,5,2,1,23,female,standard,4,0
PAT-01521,fever,5,chronic,1_week,generalized,sharp,1,stable,0,0,0,0,0,0,0,0,0,0,139,98,107,20,98.0,96,8,15.2,12.0,244357,141.9,5.3,0.73,275,1.186,277,2.4,2.2,0,1,0,1,0,1,0,3,4,11,0,0,227,4,3,1,41,unknown,standard,0,0
PAT-01522,abdominal_pain,2,gradual,3_days,chest,sharp,0,improving,0,0,0,0,0,0,0,0,0,0,155,60,81,13,100.7,97,10,13.0,14.3,169857,141.9,3.7,0.82,267,1.109,101,1.9,2.0,1,0,0,1,0,0,0,0,2,4,0,0,264,0,1,1,61,female,standard,0,0
PAT-01523,abdominal_pain,7,chronic,3_days,arm,throbbing,0,worsening,0,1,0,0,0,0,0,0,0,0,138,102,65,19,98.9,94,1,14.8,10.9,131612,133.5,4.1,1.98,178,0.987,212,0.7,1.5,0,0,1,0,0,1,1,2,6,3,0,1,61,4,3,1,28,female,standard,1,0
PAT-01524,shortness_of_breath,1,sudden,3_days,abdomen,pressure,0,worsening,0,0,0,0,0,0,0,1,0,0,130,94,80,13,99.0,98,6,12.1,8.2,191758,135.7,5.4,1.94,169,0.886,338,1.1,2.0,0,0,0,0,1,0,0,4,0,6,0,0,326,3,0,1,81,female,standard,1,0
PAT-01525,shortness_of_breath,0,gradual,3_days,head,throbbing,1,stable,0,1,0,0,0,0,0,0,0,0,120,93,111,26,98.0,98,6,12.2,15.4,130247,132.0,3.4,1.84,177,1.134,591,3.5,2.8,0,1,0,0,0,0,0,1,1,9,0,0,269,6,2,1,50,male,standard,1,0
PAT-01526,chest_pain,8,gradual,3_days,head,unknown,0,improving,0,0,0,0,0,0,0,0,0,0,105,74,55,22,99.5,89,3,6.9,11.7,130081,138.5,5.4,3.01,161,0.904,384,4.0,1.7,0,0,0,1,0,0,0,4,1,9,0,1,81,7,1,1,41,male,standard,0,0
PAT-01527,injury,2,sudden,1_week,chest,unknown,0,fluctuating,1,0,0,0,0,0,0,0,0,0,133,57,65,12,100.2,96,5,13.2,10.4,377396,137.1,4.1,2.67,269,0.568,417,0.6,2.2,1,1,0,0,0,1,0,0,6,0,0,0,124,3,2,1,72,unknown,standard,1,0
PAT-01528,abdominal_pain,10,gradual,2_hours,arm,aching,0,worsening,0,0,0,0,0,1,0,0,0,0,118,55,84,23,101.0,89,0,5.6,15.0,204516,134.7,5.0,1.0,177,0.724,815,3.7,2.4,0,0,0,0,0,0,0,1,4,5,0,0,66,6,3,0,82,unknown,standard,1,0
PAT-01529,fever,0,gradual,2_hours,unknown,dull,0,improving,0,0,0,0,0,0,0,0,0,0,171,77,58,21,99.1,93,5,7.5,15.5,234521,131.1,4.0,1.72,222,0.37,63,3.2,1.8,0,0,1,0,0,0,0,4,6,8,0,1,249,0,3,1,56,female,standard,0,0
PAT-01530,headache,6,gradual,1_hour,generalized,aching,0,stable,0,0,0,0,1,0,0,0,0,0,118,92,87,17,102.2,95,0,6.1,14.2,123528,144.9,4.2,2.37,260,0.009,463,3.1,1.6,0,1,1,0,0,0,0,0,6,5,0,1,214,2,2,0,69,female,standard,1,0
PAT-01531,fever,9,gradual,2_hours,back,burning,0,stable,0,0,0,0,0,1,0,0,0,0,124,57,87,13,100.5,89,4,17.3,11.0,238520,139.7,4.2,1.77,250,0.428,424,2.1,1.3,0,1,0,1,0,0,0,2,3,8,0,0,41,5,1,1,23,male,standard,1,0
PAT-01532,back_pain,4,sudden,1_month,abdomen,throbbing,1,fluctuating,0,0,0,0,0,1,0,0,1,0,91,88,120,25,101.2,93,3,16.5,10.0,190343,135.2,5.4,1.28,228,0.489,487,1.8,1.1,0,0,0,0,0,0,0,2,5,1,0,0,289,1,3,1,70,unknown,standard,2,0
PAT-01533,back_pain,4,sudden,2_hours,unknown,throbbing,0,worsening,1,0,0,0,0,0,1,0,0,0,174,71,58,24,99.0,92,5,16.2,14.1,265839,135.6,4.5,2.46,236,0.881,309,2.1,1.5,1,0,1,1,0,0,0,1,5,10,0,0,164,7,2,1,52,unknown,standard,2,0
PAT-01534,shortness_of_breath,0,gradual,1_week,chest,aching,0,fluctuating,0,0,0,0,0,0,0,0,0,0,136,102,105,16,102.3,94,10,17.4,8.5,230468,136.3,3.7,2.39,234,1.032,501,2.8,0.9,1,1,1,0,0,0,0,4,4,7,0,1,342,2,3,1,27,unknown,standard,0,0
PAT-01535,chest_pain,8,gradual,3_days,head,burning,0,fluctuating,1,1,0,0,0,0,1,1,0,0,133,81,81,12,101.1,97,10,12.4,11.3,237070,143.0,4.6,3.43,171,1.155,385,4.0,2.6,0,0,0,1,0,0,0,2,6,9,0,1,351,3,0,1,19,male,standard,4,0
PAT-01536,back_pain,6,sudden,3_days,generalized,sharp,0,fluctuating,0,0,0,0,0,0,0,0,0,0,165,93,87,18,102.6,92,4,16.5,14.4,374073,133.4,5.2,2.27,114,0.425,457,1.3,1.2,0,1,0,0,0,0,0,4,4,8,0,1,338,3,1,0,25,female,standard,0,0
PAT-01537,abdominal_pain,7,sudden,1_week,unknown,burning,0,fluctuating,0,0,1,0,0,0,0,0,0,0,173,77,86,24,98.2,90,4,7.7,13.0,382619,143.7,3.7,3.15,79,1.149,186,4.1,3.0,0,1,0,0,0,0,0,2,3,2,0,0,269,2,3,1,64,female,standard,1,0
PAT-01538,fever,8,sudden,1_month,unknown,pressure,0,stable,0,0,0,0,0,0,0,0,0,0,121,92,121,12,99.6,93,2,9.1,14.2,357804,135.0,4.0,3.36,84,0.96,279,1.4,2.1,0,0,1,0,0,0,0,0,0,5,0,0,358,0,1,1,84,unknown,standard,0,0
PAT-01539,fever,5,gradual,2_hours,leg,aching,0,worsening,0,0,0,0,0,0,0,0,0,1,146,65,82,23,97.9,94,9,10.3,12.9,401354,143.9,4.5,1.92,147,0.042,766,3.6,2.0,0,1,0,0,0,0,0,1,1,4,0,1,271,4,0,1,48,female,standard,1,0
PAT-01540,shortness_of_breath,4,gradual,1_week,leg,burning,0,fluctuating,0,0,0,0,0,0,0,0,0,1,99,69,111,23,98.6,88,1,4.8,10.0,304137,144.3,5.5,0.85,248,0.716,175,3.0,1.0,0,0,0,0,0,0,0,1,6,5,0,0,155,3,3,1,78,unknown,standard,1,0
PAT-01541,injury,5,chronic,1_hour,arm,sharp,0,worsening,0,1,0,0,0,0,0,0,0,0,86,80,73,19,99.7,95,6,15.5,12.1,259645,141.1,4.3,1.1,106,0.442,826,3.3,1.2,0,0,1,0,0,0,0,3,2,11,0,0,157,3,0,1,70,male,standard,1,0
PAT-01542,injury,10,sudden,3_days,arm,burning,0,stable,0,0,0,1,0,0,0,0,0,0,95,65,85,23,102.8,95,9,5.2,14.6,209491,144.3,4.5,2.11,263,0.046,724,3.6,2.9,0,1,0,1,0,0,0,2,0,10,0,0,214,1,1,1,18,unknown,standard,1,0
PAT-01543,headache,1,gradual,1_day,chest,throbbing,0,stable,0,1,0,0,0,0,0,1,0,0,101,61,107,16,100.7,91,7,15.1,10.0,239172,142.0,3.5,3.2,159,0.64,192,0.6,2.4,1,0,1,0,1,0,0,2,0,8,0,0,364,4,0,1,37,unknown,standard,2,0
PAT-01544,shortness_of_breath,3,sudden,1_hour,unknown,dull,0,improving,0,0,0,0,0,0,0,0,0,1,172,101,86,16,99.3,95,4,16.9,16.2,188800,132.3,4.9,2.53,244,0.704,336,3.2,1.1,0,0,0,0,0,0,0,3,0,2,1,0,267,2,0,1,83,female,standard,1,0
PAT-01545,other,2,gradual,1_month,back,throbbing,1,improving,0,0,0,0,0,0,0,0,0,0,129,102,63,14,101.9,90,8,11.7,9.7,247085,145.3,3.7,1.26,188,0.306,335,4.2,2.5,1,0,0,0,1,0,0,4,2,7,0,1,165,3,0,1,25,male,standard,0,0
PAT-01546,headache,6,sudden,1_hour,head,unknown,0,worsening,0,0,0,0,0,0,0,0,0,0,152,62,105,13,97.3,92,0,5.9,8.1,189260,133.0,4.0,2.66,100,1.128,419,2.4,1.2,0,1,1,1,0,0,0,1,1,11,0,1,255,7,2,1,79,unknown,standard,0,0
PAT-01547,other,8,gradual,1_week,chest,dull,0,improving,0,0,0,0,0,0,0,0,0,0,145,59,77,17,99.5,90,2,9.8,14.6,138894,137.9,4.8,3.2,225,0.734,582,2.6,2.6,1,0,0,0,0,0,0,1,0,6,0,0,225,5,3,1,68,unknown,standard,0,0
PAT-01548,injury,4,chronic,2_hours,back,unknown,1,fluctuating,0,0,0,0,0,0,0,0,0,0,130,71,79,15,101.0,89,7,5.5,15.9,169666,136.1,4.8,0.78,211,0.215,131,1.0,3.1,1,0,0,1,0,0,0,1,4,9,0,0,266,4,2,1,57,female,standard,0,0
PAT-01549,shortness_of_breath,5,chronic,3_days,generalized,burning,0,worsening,0,1,0,0,0,0,0,0,0,0,116,77,100,26,100.9,92,4,5.2,10.1,244929,135.6,3.9,1.38,271,0.867,576,1.8,2.6,1,0,0,0,1,0,0,0,2,10,1,0,8,2,0,0,79,female,standard,1,0
PAT-01550,other,9,sudden,1_month,arm,pressure,1,stable,0,0,0,0,0,0,0,0,0,1,103,56,98,24,101.0,95,1,14.5,9.3,385611,142.5,5.2,1.13,129,0.601,818,2.8,2.8,0,0,0,0,1,0,0,4,5,8,0,0,85,7,1,1,34,unknown,standard,1,0
PAT-01551,shortness_of_breath,1,gradual,1_month,leg,burning,0,stable,0,0,0,0,0,0,0,0,0,0,151,81,120,21,98.5,96,9,9.2,9.9,152087,134.7,5.0,2.9,210,0.571,666,1.0,2.3,0,0,0,1,0,0,0,3,3,3,0,0,222,6,2,1,46,female,standard,0,0
PAT-01552,shortness_of_breath,2,gradual,1_day,abdomen,sharp,0,fluctuating,0,0,0,0,0,0,0,0,0,0,88,75,121,23,99.3,92,8,3.5,13.3,365969,138.6,4.6,3.2,190,1.002,326,1.8,0.9,1,0,1,0,0,0,0,1,5,10,0,0,21,4,2,1,53,male,standard,0,0
PAT-01553,injury,2,sudden,1_hour,unknown,burning,0,improving,0,0,0,0,0,0,0,0,0,0,109,61,82,15,103.1,90,0,4.2,12.9,394915,135.4,3.6,2.25,130,0.17,408,1.9,2.7,0,1,1,0,0,0,0,2,1,2,0,0,237,1,1,1,26,male,standard,0,0
PAT-01554,headache,8,gradual,1_day,generalized,dull,1,worsening,0,0,0,0,0,0,0,0,0,0,157,92,78,17,103.3,99,2,15.4,13.3,392088,144.3,5.3,3.07,257,0.592,213,3.5,1.8,1,1,0,0,0,0,0,2,4,10,1,0,288,3,1,1,18,unknown,standard,0,0
PAT-01555,headache,6,sudden,2_hours,leg,throbbing,0,worsening,0,1,0,0,0,0,0,0,0,0,105,80,110,13,99.2,90,3,12.5,8.1,180339,132.5,4.4,2.54,117,0.938,828,2.5,2.9,1,0,0,1,0,0,0,4,2,8,0,1,361,3,3,0,63,male,standard,1,0
PAT-01556,shortness_of_breath,7,gradual,2_hours,head,pressure,1,fluctuating,0,1,0,0,0,0,0,0,0,0,171,84,104,13,101.3,95,6,15.7,9.3,336832,132.8,4.1,2.54,149,0.794,515,2.6,2.2,1,0,0,1,1,0,0,0,2,2,0,0,206,6,3,1,56,female,standard,1,0
PAT-01557,back_pain,10,sudden,1_day,head,unknown,0,improving,1,0,0,0,0,0,0,0,1,0,173,66,57,24,98.7,90,3,7.5,10.1,162466,131.8,5.3,2.32,130,0.011,648,1.6,1.3,0,1,1,0,0,0,0,3,5,2,0,0,99,1,2,1,66,female,standard,2,0
PAT-01558,chest_pain,9,gradual,3_days,leg,burning,1,worsening,0,1,0,0,0,0,0,0,0,0,98,102,77,21,99.5,96,10,8.1,13.9,264997,142.1,5.4,0.84,238,0.946,599,1.7,1.0,0,1,0,0,0,0,0,1,3,0,0,0,297,1,0,0,23,female,standard,1,0
PAT-01559,injury,10,sudden,2_hours,generalized,burning,0,fluctuating,0,0,0,0,0,0,0,0,0,0,106,65,88,26,102.2,97,1,12.4,13.2,186604,132.6,4.8,3.32,220,1.134,797,2.2,2.2,0,1,1,0,0,0,0,3,2,10,0,0,215,0,1,1,58,male,standard,0,0
PAT-01560,chest_pain,8,gradual,1_day,leg,throbbing,0,worsening,0,0,0,0,0,0,0,0,0,0,132,71,63,26,100.4,88,1,13.1,13.3,261967,138.5,5.0,1.7,105,0.847,630,3.5,2.2,1,0,0,0,0,0,0,3,1,3,1,0,318,2,1,1,63,female,standard,0,0
PAT-01561,chest_pain,5,chronic,1_hour,back,pressure,1,stable,0,0,0,0,0,0,0,0,0,0,135,64,113,21,102.6,88,9,3.9,12.9,168762,142.3,3.8,2.95,82,1.052,278,1.7,2.9,0,0,0,0,0,0,0,2,4,6,0,0,230,3,0,0,62,unknown,standard,0,0
PAT-01562,headache,3,gradual,1_day,chest,aching,1,worsening,0,0,0,0,0,0,0,0,0,0,164,102,120,24,101.2,92,0,16.7,14.3,269221,131.8,3.8,2.97,174,0.436,446,1.8,1.0,1,1,0,0,0,0,0,0,2,7,0,0,86,4,1,1,26,female,standard,0,0
PAT-01563,headache,0,sudden,1_day,arm,unknown,0,worsening,1,0,0,0,0,0,0,0,0,0,95,70,76,15,101.2,91,6,15.1,16.0,224989,144.9,4.5,3.4,221,0.424,429,2.6,2.8,1,0,1,1,1,1,0,1,3,1,0,0,259,1,1,1,77,male,standard,1,0
PAT-01564,back_pain,7,chronic,1_week,back,burning,0,worsening,1,0,0,0,0,0,0,0,0,0,143,69,89,17,97.4,90,8,5.4,13.7,360401,134.5,5.5,1.61,224,0.388,100,3.6,1.8,0,0,0,0,0,0,0,2,1,9,0,0,342,0,2,1,57,female,standard,1,0
PAT-01565,chest_pain,6,gradual,2_hours,abdomen,burning,0,improving,0,0,0,0,0,0,0,0,0,0,98,69,85,13,101.9,88,9,3.6,14.3,397475,142.7,4.9,3.49,140,0.883,525,2.4,2.1,0,0,0,0,0,0,0,2,2,6,0,0,143,6,3,1,44,male,standard,0,0
PAT-01566,chest_pain,1,chronic,3_days,leg,aching,0,improving,0,0,0,0,0,0,0,0,0,0,91,74,102,25,103.4,94,1,14.7,13.2,386715,142.7,4.9,1.54,213,1.131,317,1.1,2.1,0,0,1,0,0,0,0,2,0,8,0,1,178,6,0,0,57,female,standard,0,0
PAT-01567,shortness_of_breath,7,gradual,3_days,abdomen,unknown,0,fluctuating,0,0,0,0,0,0,0,0,0,0,153,58,107,18,100.2,88,6,16.6,14.8,176559,135.6,3.8,1.96,269,1.063,603,3.9,1.8,1,0,0,0,0,0,0,2,0,3,0,0,64,1,0,1,18,female,standard,0,0
PAT-01568,headache,4,chronic,1_week,abdomen,dull,0,improving,0,1,0,0,0,0,0,0,0,0,142,86,86,22,98.2,93,7,8.2,16.0,246730,138.8,4.2,2.68,107,0.185,49,2.3,1.3,0,1,0,0,1,0,0,3,6,8,0,0,273,1,2,1,80,female,standard,1,0
PAT-01569,chest_pain,6,sudden,1_month,back,dull,0,worsening,0,0,0,0,0,0,0,0,0,0,124,76,66,19,103.4,97,2,8.2,13.1,313978,140.1,4.0,1.13,276,0.753,240,3.4,1.1,0,1,0,0,0,0,0,0,6,9,0,0,38,5,3,1,65,male,standard,0,0
PAT-01570,fever,3,gradual,3_days,arm,sharp,0,worsening,0,0,0,1,0,0,0,0,0,0,165,89,116,20,99.0,89,3,11.0,9.5,151466,136.6,3.9,1.45,127,1.195,390,0.8,1.4,1,1,0,0,0,0,0,3,3,3,0,0,213,5,1,0,53,male,standard,1,0
PAT-01571,back_pain,4,gradual,1_day,generalized,throbbing,0,improving,0,0,0,0,0,0,0,1,0,1,109,68,57,17,99.8,91,8,13.3,14.5,149942,135.7,4.9,2.74,247,0.358,269,3.6,2.5,0,0,1,1,0,1,0,0,0,9,0,0,354,3,1,1,63,male,standard,2,0
PAT-01572,other,7,sudden,1_week,head,pressure,0,improving,0,0,0,1,0,0,0,0,0,0,162,84,60,13,97.7,95,3,12.9,13.5,237913,143.6,3.4,3.43,269,0.764,774,0.8,2.5,1,1,0,0,0,0,0,0,0,9,0,1,279,2,0,1,18,female,standard,1,0
PAT-01573,fever,0,chronic,1_hour,chest,burning,0,worsening,0,1,0,0,0,0,0,0,0,0,126,85,66,17,97.9,90,5,14.4,15.9,280335,133.2,3.6,2.75,197,1.088,43,4.1,2.5,0,1,0,0,0,0,0,1,6,0,0,0,68,5,3,1,84,male,standard,1,0
PAT-01574,fever,0,sudden,2_hours,unknown,unknown,0,worsening,0,1,0,0,0,0,0,0,0,0,170,64,107,19,98.6,96,7,5.2,10.3,277221,142.7,4.1,3.11,113,1.08,348,3.8,3.0,0,0,0,0,0,1,0,3,1,10,1,0,116,3,2,0,20,unknown,standard,1,0
PAT-01575,other,3,sudden,2_hours,head,burning,0,stable,0,0,0,0,0,0,0,0,0,0,128,60,74,21,100.7,92,9,11.0,16.2,255633,133.3,3.9,0.8,239,0.389,359,1.6,2.0,0,0,0,0,0,0,0,4,1,5,0,0,115,4,2,1,37,female,standard,0,0
PAT-01576,injury,2,chronic,2_hours,arm,sharp,0,fluctuating,0,0,0,0,0,0,0,0,0,0,89,81,60,26,100.7,93,1,10.8,12.7,152992,141.2,5.3,2.32,172,0.117,447,1.4,2.6,0,1,0,0,1,1,0,0,5,3,0,0,151,7,1,0,73,unknown,standard,0,0
PAT-01577,injury,9,sudden,1_day,unknown,unknown,0,improving,0,0,0,0,0,0,0,0,1,0,112,65,68,12,101.0,89,0,17.3,16.2,380337,134.6,3.7,3.26,124,0.777,824,3.4,2.4,0,1,0,0,0,0,0,4,4,4,0,1,63,1,1,1,37,female,standard,1,0
PAT-01578,back_pain,1,gradual,1_hour,head,unknown,1,fluctuating,0,0,0,0,0,0,0,0,0,0,160,90,110,22,100.9,88,6,16.8,14.7,306859,144.8,3.8,2.61,102,1.137,294,1.1,3.1,1,1,0,0,1,0,1,2,4,11,0,1,128,5,3,1,76,unknown,standard,0,0
PAT-01579,fever,2,gradual,1_week,leg,burning,0,worsening,1,0,1,0,0,0,0,0,0,0,144,64,95,17,100.3,92,0,14.4,15.4,249558,139.7,3.6,2.59,88,0.612,280,3.7,2.4,0,0,0,0,0,1,0,0,4,7,0,0,159,4,2,1,25,unknown,standard,2,0
PAT-01580,chest_pain,10,gradual,1_week,leg,throbbing,1,fluctuating,1,0,0,1,0,0,0,0,0,0,161,70,103,23,102.3,88,3,16.2,10.8,396978,138.5,5.2,1.27,126,0.552,747,0.7,1.3,0,0,0,0,0,0,0,0,1,1,0,0,166,4,2,1,77,unknown,standard,2,0
PAT-01581,headache,10,sudden,2_hours,back,sharp,0,improving,0,0,0,0,0,0,0,0,0,0,105,78,119,22,103.1,91,4,14.3,9.9,220201,134.7,3.7,3.11,196,1.037,520,2.9,2.6,0,0,0,0,1,0,0,3,1,11,0,1,41,1,1,1,37,female,standard,0,0
PAT-01582,back_pain,10,gradual,1_hour,abdomen,throbbing,1,improving,0,1,0,0,0,0,1,0,0,0,133,75,85,12,98.9,95,1,13.9,13.3,417761,138.1,4.0,3.12,166,0.512,583,1.5,1.7,0,0,0,0,0,0,0,0,1,11,0,0,20,5,3,1,28,male,standard,2,0
PAT-01583,shortness_of_breath,0,gradual,1_hour,unknown,sharp,0,fluctuating,0,0,0,0,0,0,0,0,0,0,140,94,82,27,98.0,99,9,6.6,11.2,284581,131.1,4.7,2.42,104,0.819,386,3.6,1.5,1,0,0,1,0,0,0,4,0,8,0,0,104,6,2,0,30,male,standard,0,0
PAT-01584,other,0,gradual,1_hour,arm,burning,0,improving,0,0,0,0,0,1,0,0,0,0,141,95,66,17,99.9,89,3,12.5,16.4,261205,132.3,3.4,1.89,232,0.469,155,2.0,1.5,0,0,0,0,0,0,0,0,4,11,0,0,192,5,1,1,19,female,standard,1,0
PAT-01585,fever,5,gradual,3_days,arm,sharp,0,stable,0,0,0,0,0,0,0,0,0,0,169,90,70,21,97.4,93,10,16.8,12.2,156825,134.7,5.1,3.01,195,0.456,257,2.2,2.8,0,1,0,1,0,0,0,1,5,2,0,0,185,2,2,1,39,unknown,standard,0,0
PAT-01586,back_pain,4,gradual,3_days,head,dull,0,worsening,0,0,0,0,0,1,0,0,0,0,145,103,89,15,102.8,99,10,14.4,8.9,397518,145.2,4.8,2.0,229,0.229,23,1.1,1.9,0,0,0,0,0,0,0,1,6,2,0,0,327,4,0,0,63,unknown,standard,1,0
PAT-01587,abdominal_pain,7,gradual,2_hours,back,unknown,0,worsening,0,0,0,0,0,0,0,0,0,0,122,96,98,14,98.7,97,9,12.3,12.2,223873,137.5,3.8,3.0,140,0.111,767,2.9,2.0,1,0,0,0,1,0,0,3,0,5,0,0,300,4,0,1,42,female,standard,0,0
PAT-01588,abdominal_pain,1,sudden,1_hour,head,pressure,0,improving,0,0,0,0,0,0,0,0,0,0,157,99,122,14,100.7,92,10,7.2,12.5,299892,136.4,4.1,2.06,175,1.063,377,2.3,0.9,1,1,0,0,0,0,0,1,4,4,1,0,262,4,3,1,53,male,standard,0,0
PAT-01589,injury,3,gradual,1_month,head,burning,0,worsening,0,0,0,0,0,0,0,0,1,0,86,77,64,15,97.9,88,6,13.3,8.0,371982,142.4,4.6,2.32,151,0.222,731,0.6,1.5,0,0,0,0,0,0,0,0,3,11,0,0,242,5,0,0,63,female,standard,1,0
PAT-01590,other,7,gradual,1_hour,arm,aching,0,stable,0,0,0,0,0,0,0,0,0,0,87,75,57,14,100.7,95,3,8.5,10.1,231161,141.1,5.4,2.79,113,0.079,92,3.2,2.9,1,1,0,0,0,0,0,1,6,5,0,0,239,1,3,1,29,unknown,standard,0,0
PAT-01591,headache,5,chronic,1_week,head,pressure,0,improving,1,0,0,1,0,0,0,0,0,0,127,86,85,20,97.4,92,10,4.4,8.0,333996,140.6,4.6,1.44,244,0.701,60,1.1,2.0,0,1,0,0,0,0,0,2,0,4,0,0,41,2,0,1,23,unknown,standard,2,0
PAT-01592,chest_pain,0,sudden,1_week,abdomen,burning,1,stable,0,0,0,0,0,0,0,0,0,0,158,71,106,15,102.0,96,0,7.0,12.8,296083,139.7,3.8,1.39,102,0.657,515,2.5,1.9,1,0,0,0,0,0,0,3,4,7,0,0,272,1,0,1,39,male,standard,0,0
PAT-01593,headache,3,sudden,2_hours,head,pressure,0,stable,0,0,0,0,0,0,0,0,0,0,119,71,119,12,103.2,89,9,9.1,10.5,146862,132.1,4.3,2.57,158,0.683,444,2.5,1.1,0,0,1,0,0,0,0,0,2,8,0,0,181,1,0,0,28,female,standard,0,0
PAT-01594,headache,0,sudden,1_month,unknown,dull,0,worsening,0,0,0,0,0,0,0,0,0,0,157,75,59,15,99.1,93,3,18.0,9.5,223209,136.2,4.2,3.37,137,0.564,778,1.7,1.6,1,1,1,0,1,0,0,1,3,1,0,0,254,2,2,1,31,unknown,standard,0,0
PAT-01595,headache,1,sudden,1_hour,abdomen,pressure,0,worsening,1,0,0,0,0,0,0,0,0,0,124,58,59,12,98.8,94,10,14.5,15.1,124944,144.4,4.4,1.95,177,0.175,562,1.4,1.2,0,0,1,0,0,0,0,2,6,8,0,0,311,4,3,1,42,female,standard,1,0
PAT-01596,other,4,gradual,1_month,arm,sharp,1,fluctuating,0,0,0,0,0,0,0,0,0,0,169,77,120,21,100.0,88,5,7.6,8.3,363908,145.4,4.4,3.21,129,0.03,114,1.7,1.3,0,0,0,0,0,0,0,1,0,9,0,0,85,0,0,1,25,male,standard,0,0
PAT-01597,headache,7,gradual,2_hours,back,pressure,0,stable,0,1,0,0,0,0,0,0,0,0,142,79,69,21,101.1,97,4,14.6,13.9,159072,136.9,4.0,2.15,220,0.06,79,2.0,1.7,1,1,0,0,0,0,0,1,0,11,0,0,209,7,0,1,79,male,standard,1,0
PAT-01598,shortness_of_breath,7,chronic,1_week,leg,burning,0,worsening,0,0,0,1,0,0,0,0,0,0,118,86,119,14,98.4,91,3,8.7,12.9,290840,130.0,5.2,3.43,236,1.132,454,4.0,1.1,1,0,0,1,0,0,1,1,2,7,0,0,19,2,3,1,82,male,standard,1,0
PAT-01599,other,10,chronic,1_week,unknown,aching,0,stable,0,0,0,0,0,0,1,0,0,0,109,60,75,15,102.3,89,1,12.3,14.6,229518,138.0,4.0,2.92,259,0.641,827,3.0,2.7,0,0,0,0,0,0,0,0,6,11,0,0,46,6,1,1,84,male,standard,1,0
PAT-01600,shortness_of_breath,2,sudden,3_days,abdomen,aching,0,fluctuating,0,0,0,0,0,0,0,0,0,0,140,68,65,25,98.5,94,9,14.6,9.1,355315,133.6,4.4,3.11,186,0.483,474,4.1,2.3,1,0,0,0,0,1,0,3,6,0,0,0,340,2,1,1,65,unknown,standard,0,0
PAT-01601,other,10,chronic,2_hours,back,throbbing,0,stable,0,0,0,0,0,0,0,0,1,0,116,95,96,27,97.2,90,10,14.2,15.4,373196,133.0,3.8,2.6,247,0.496,44,0.9,2.7,1,0,0,0,0,0,0,2,1,7,0,0,186,6,1,1,40,female,standard,1,0
PAT-01602,injury,3,chronic,2_hours,back,unknown,0,improving,0,0,0,0,0,0,0,0,0,0,106,92,120,15,100.5,96,5,5.5,10.7,132319,134.5,4.2,3.13,155,0.784,728,0.8,1.7,0,1,0,0,0,0,0,3,6,6,0,0,69,7,0,1,83,unknown,standard,0,0
PAT-01603,back_pain,9,sudden,1_hour,abdomen,pressure,1,fluctuating,0,0,0,1,1,0,0,0,0,0,173,96,115,20,97.9,95,5,15.5,8.1,288230,132.0,4.8,2.36,240,0.455,848,0.8,1.4,0,0,1,0,0,0,0,3,2,0,0,0,276,3,3,1,73,unknown,standard,2,0
PAT-01604,abdominal_pain,10,sudden,1_hour,arm,aching,0,fluctuating,0,0,0,0,0,0,0,0,0,0,149,92,114,17,101.6,99,5,16.9,13.6,232205,130.7,4.9,2.29,225,0.957,595,3.7,2.3,0,1,0,1,0,0,0,4,1,2,0,0,104,5,2,1,22,female,standard,0,0
PAT-01605,headache,5,chronic,3_days,chest,pressure,0,stable,0,1,0,0,0,0,0,0,0,0,105,95,68,14,98.3,97,3,6.9,15.3,231773,137.1,5.1,3.15,105,0.316,457,3.6,1.0,0,0,1,0,0,0,0,2,5,5,0,0,174,6,2,1,22,female,standard,1,0
PAT-01606,injury,10,gradual,1_day,back,unknown,0,stable,0,0,0,0,0,0,0,0,0,0,164,99,59,18,102.3,94,7,8.3,11.0,362792,134.2,4.9,0.74,211,0.444,381,2.2,1.1,0,0,0,0,0,1,0,0,6,0,1,0,69,7,1,0,25,male,standard,0,0
PAT-01607,back_pain,10,chronic,1_month,back,aching,0,worsening,0,0,0,0,0,0,0,0,0,0,105,70,85,22,100.2,95,0,17.1,12.5,388871,134.1,4.3,2.04,109,1.122,354,2.2,2.6,1,0,0,1,0,0,0,0,0,4,0,0,119,5,0,1,32,male,standard,0,0
PAT-01608,abdominal_pain,9,chronic,1_day,arm,unknown,0,improving,0,0,0,0,0,0,0,0,1,0,112,86,102,27,100.8,88,9,17.8,11.5,214940,133.5,3.3,3.14,227,0.316,196,2.1,2.9,1,0,0,0,0,0,0,4,1,5,0,1,304,0,1,1,65,female,standard,1,0
PAT-01609,fever,2,gradual,1_day,arm,pressure,0,fluctuating,0,0,0,0,0,0,0,0,0,0,103,70,86,26,98.4,97,7,10.1,8.4,255501,137.9,4.4,1.25,241,0.796,832,4.0,1.4,0,0,0,0,0,0,0,4,2,1,0,0,5,0,1,1,41,male,standard,0,0
PAT-01610,chest_pain,1,gradual,2_hours,head,burning,0,fluctuating,0,1,0,0,0,0,0,0,0,0,98,73,111,27,98.1,99,7,4.0,14.4,376925,141.7,3.3,3.38,232,0.441,721,1.5,2.7,0,0,0,1,0,0,0,4,4,6,0,0,54,0,1,1,61,male,standard,1,0
PAT-01611,shortness_of_breath,5,sudden,1_month,arm,pressure,0,fluctuating,0,0,0,0,0,0,0,0,0,0,171,91,88,25,101.2,93,4,17.0,16.0,157225,140.5,5.4,2.77,79,0.568,71,3.2,1.8,0,1,0,0,0,0,0,4,3,6,0,0,193,1,1,1,69,unknown,standard,0,0
PAT-01612,fever,10,sudden,2_hours,back,unknown,0,worsening,0,0,1,0,0,0,0,0,0,0,108,97,81,15,98.8,94,8,3.9,11.6,186470,145.6,4.1,2.83,230,0.059,50,1.0,1.9,1,1,0,0,0,0,1,0,0,10,0,0,361,5,3,1,82,female,standard,1,0
PAT-01613,other,4,chronic,1_month,abdomen,burning,0,improving,0,0,0,0,0,0,0,0,0,0,104,75,59,18,99.6,94,8,8.3,9.2,201508,144.6,4.4,2.56,191,0.205,203,1.5,2.9,1,1,0,0,0,1,0,0,3,5,0,0,218,6,1,1,27,female,standard,0,0
PAT-01614,abdominal_pain,9,gradual,1_week,chest,burning,0,fluctuating,0,0,0,1,0,0,0,1,0,0,116,69,71,13,100.2,96,9,4.8,12.3,152119,136.7,3.5,1.95,81,0.127,136,2.8,2.3,1,1,0,0,0,0,0,1,6,5,1,1,224,3,2,1,26,female,standard,2,0
PAT-01615,fever,4,sudden,2_hours,generalized,throbbing,0,fluctuating,0,1,0,1,1,0,0,0,0,0,158,80,123,18,98.6,94,3,10.9,15.7,222889,143.0,5.5,1.99,180,1.014,92,2.8,2.8,0,0,0,0,0,0,0,3,2,5,0,1,246,4,0,0,77,unknown,standard,3,0
PAT-01616,chest_pain,9,chronic,2_hours,head,aching,0,worsening,0,0,0,0,0,0,0,0,0,0,136,84,110,19,102.2,99,1,4.0,13.1,156580,133.0,4.3,3.05,194,1.154,166,2.6,2.7,1,0,0,0,0,0,0,3,5,8,1,1,167,5,0,1,49,male,standard,0,0
PAT-01617,injury,4,gradual,2_hours,generalized,sharp,0,stable,0,1,0,1,0,0,0,0,0,0,149,94,92,23,103.1,94,0,6.8,9.8,415784,133.4,3.9,1.09,244,0.086,143,1.0,2.2,0,1,0,0,0,0,0,3,3,10,0,0,278,0,0,0,67,male,standard,2,0
PAT-01618,abdominal_pain,9,chronic,3_days,abdomen,burning,0,fluctuating,0,0,0,0,0,0,0,0,0,0,136,69,108,18,99.9,93,7,10.2,12.7,341482,141.2,3.6,2.16,116,0.097,713,3.3,2.6,0,0,0,0,0,0,1,3,4,11,0,0,187,4,1,1,38,male,standard,0,0
PAT-01619,fever,4,sudden,2_hours,chest,unknown,0,improving,0,0,0,0,0,0,0,0,0,0,142,97,102,17,103.0,90,7,4.6,10.8,171758,133.5,4.7,1.57,131,0.665,631,3.2,2.5,0,0,0,1,0,0,0,0,4,11,0,0,48,0,2,0,39,male,standard,0,0
PAT-01620,shortness_of_breath,2,sudden,1_hour,chest,aching,0,improving,0,1,0,0,0,0,0,0,0,0,163,67,103,15,102.8,93,10,10.5,8.2,306042,137.2,4.2,3.46,157,0.607,462,3.1,2.0,0,1,0,0,0,0,0,0,4,8,0,0,15,4,2,1,81,female,standard,1,0
PAT-01621,shortness_of_breath,6,gradual,1_hour,chest,dull,0,improving,0,0,0,0,0,0,0,0,0,0,94,81,95,24,98.2,96,6,7.3,15.8,328638,135.2,3.9,0.71,266,0.782,849,1.1,1.2,1,1,1,0,0,0,0,4,2,1,1,0,299,1,2,1,40,female,standard,0,0
PAT-01622,back_pain,5,chronic,1_month,leg,pressure,1,improving,0,0,0,1,0,0,0,0,0,0,154,77,76,20,98.3,98,10,7.4,14.8,386128,133.7,3.2,0.88,198,0.885,197,1.4,1.5,0,0,0,0,0,0,0,0,6,8,0,0,297,0,0,1,79,female,standard,1,0
PAT-01623,fever,3,gradual,1_week,abdomen,unknown,0,worsening,0,0,0,0,0,0,0,0,1,0,99,88,111,12,100.2,97,2,17.1,15.9,240749,132.5,3.3,3.41,137,0.958,697,3.9,1.8,0,0,1,0,0,0,0,0,6,1,0,0,355,0,3,1,40,female,standard,1,0
PAT-01624,headache,1,sudden,3_days,unknown,dull,0,fluctuating,0,0,1,0,0,0,0,0,0,1,131,88,120,16,100.5,90,2,13.5,13.8,143924,139.8,4.8,2.22,92,0.183,29,2.3,2.2,1,0,0,0,1,1,0,1,4,2,0,0,45,6,3,1,22,unknown,standard,2,0
PAT-01625,fever,8,sudden,1_month,head,unknown,0,worsening,0,0,0,0,0,0,0,0,0,1,94,77,73,22,99.3,90,9,17.0,11.8,406913,130.9,4.3,1.09,191,0.05,182,2.1,1.6,0,0,1,0,1,0,0,2,5,11,0,0,59,6,0,1,48,unknown,standard,1,0
PAT-01626,injury,0,chronic,1_hour,head,pressure,0,improving,0,0,0,0,0,0,0,0,0,0,105,98,56,27,99.2,98,7,11.8,12.2,228878,141.2,5.2,1.96,164,1.068,577,3.7,1.4,0,0,1,1,0,0,0,4,0,8,1,0,100,3,0,0,29,male,standard,0,0
PAT-01627,abdominal_pain,10,chronic,3_days,chest,throbbing,1,improving,0,0,0,0,0,0,0,0,0,0,103,74,87,25,99.9,94,10,16.7,9.7,174677,144.3,4.9,1.6,247,0.566,811,1.7,1.0,0,1,0,0,1,0,0,4,6,2,0,0,165,4,1,1,29,unknown,standard,0,0
PAT-01628,abdominal_pain,3,chronic,3_days,abdomen,unknown,0,improving,0,0,0,0,1,1,0,0,0,0,152,63,113,12,101.6,94,7,15.6,11.3,300591,135.5,4.5,3.25,94,1.166,629,3.6,1.4,0,0,1,0,0,0,0,1,4,3,0,0,310,6,3,0,62,unknown,standard,2,0
PAT-01629,injury,0,gradual,1_week,leg,burning,0,worsening,0,0,0,0,0,0,0,0,0,0,106,74,60,22,97.7,92,1,18.0,9.4,414377,136.6,4.5,2.63,76,0.642,646,2.2,2.1,0,0,1,0,0,0,0,2,2,4,1,0,148,0,0,1,44,unknown,standard,0,0
PAT-01630,fever,5,chronic,3_days,chest,sharp,0,improving,0,0,0,0,0,0,0,0,0,0,147,101,65,21,101.7,95,0,10.8,12.0,401137,139.4,4.9,1.07,138,0.614,348,2.8,1.2,0,0,0,0,0,0,0,0,4,0,0,0,338,5,2,1,42,unknown,standard,0,0
PAT-01631,injury,3,chronic,2_hours,arm,burning,1,fluctuating,0,0,0,0,0,0,0,0,0,0,122,93,81,22,103.0,95,0,13.6,13.5,258687,140.7,4.9,2.2,104,0.749,373,1.9,1.0,1,1,0,0,0,0,0,4,3,1,0,0,132,0,0,0,45,male,standard,0,0
PAT-01632,chest_pain,4,sudden,3_days,unknown,pressure,0,improving,0,0,0,0,0,0,0,0,0,1,99,68,99,27,102.0,98,10,5.8,10.2,149409,138.7,4.0,1.08,224,0.208,738,3.9,1.1,0,1,1,0,0,0,0,2,4,10,0,0,19,6,1,1,40,female,standard,1,0
PAT-01633,other,4,sudden,1_week,generalized,unknown,1,fluctuating,0,0,0,0,0,0,0,0,0,0,154,103,85,12,98.4,98,0,17.1,16.0,138273,141.0,3.4,2.56,180,0.309,110,1.0,3.1,0,1,0,1,0,0,0,3,2,5,0,0,213,1,2,0,82,female,standard,0,0
PAT-01634,injury,8,chronic,1_month,head,sharp,0,fluctuating,1,1,0,0,0,0,0,0,0,0,159,80,117,17,97.8,89,2,9.3,13.5,276175,142.9,5.0,2.74,193,1.087,366,1.4,1.0,0,0,1,0,0,0,0,4,3,1,1,0,60,4,2,1,49,male,standard,2,0
PAT-01635,shortness_of_breath,0,chronic,1_week,generalized,burning,0,improving,0,0,0,0,0,0,0,0,0,0,128,81,98,17,100.3,98,0,16.8,9.9,234468,145.8,3.7,2.27,108,0.259,658,1.3,2.0,0,1,0,0,0,0,0,2,1,10,0,1,82,5,3,1,44,unknown,standard,0,0
PAT-01636,injury,1,sudden,1_week,back,sharp,0,worsening,0,1,0,0,0,0,0,0,0,0,114,88,95,22,103.2,93,7,5.0,9.4,171299,136.3,5.0,3.4,199,0.283,435,1.5,2.5,0,0,0,1,0,0,1,3,0,1,1,0,92,0,2,1,37,female,standard,1,0
PAT-01637,abdominal_pain,5,chronic,1_hour,chest,pressure,1,stable,0,0,0,0,0,0,0,0,0,0,108,83,101,18,102.4,92,7,11.0,9.4,377516,139.4,4.6,3.34,237,0.614,256,2.2,1.4,0,0,0,0,0,0,0,3,4,3,0,0,15,2,2,1,45,unknown,standard,0,0
PAT-01638,shortness_of_breath,4,gradual,2_hours,arm,throbbing,1,stable,0,0,0,0,0,0,0,0,0,0,170,86,123,27,100.7,91,8,3.5,16.3,406997,136.0,4.0,1.28,200,0.771,558,1.0,3.1,0,0,0,0,0,0,0,0,6,6,0,0,97,1,3,1,71,male,standard,0,0
PAT-01639,abdominal_pain,10,gradual,1_hour,head,throbbing,0,fluctuating,1,0,0,0,0,0,0,0,0,0,130,95,56,21,98.1,94,3,9.5,10.0,367161,133.8,5.2,0.7,271,0.006,45,0.7,1.0,0,0,0,0,0,0,0,2,6,0,0,0,328,4,3,1,18,unknown,standard,1,0
PAT-01640,back_pain,6,gradual,1_month,generalized,unknown,0,worsening,0,0,0,0,0,0,0,0,0,0,88,99,69,24,101.7,91,7,4.7,9.4,379359,146.0,4.8,2.56,131,0.551,191,2.6,2.9,0,0,0,0,0,0,0,4,2,11,0,0,356,3,2,0,37,unknown,standard,0,0
PAT-01641,headache,2,chronic,1_day,unknown,burning,0,stable,1,0,0,0,0,0,0,0,0,0,90,59,74,20,102.3,92,6,10.0,9.4,231019,130.2,4.5,2.03,89,0.482,676,2.4,1.8,0,1,0,0,0,0,0,4,0,10,1,0,36,2,2,1,58,unknown,standard,1,0
PAT-01642,abdominal_pain,2,sudden,1_month,leg,dull,0,improving,0,1,0,0,0,0,0,0,0,0,122,58,57,17,103.1,95,3,11.6,10.9,333320,131.0,3.9,1.64,113,1.039,502,1.8,1.8,1,0,0,1,0,0,0,2,5,5,0,0,327,6,3,1,30,unknown,standard,1,0
PAT-01643,shortness_of_breath,9,chronic,2_hours,abdomen,pressure,0,improving,0,0,0,0,0,0,0,0,0,1,110,77,93,13,101.1,92,0,15.9,13.2,245619,139.3,5.5,3.27,102,1.008,685,1.2,2.0,0,0,1,1,0,0,0,1,6,1,1,0,149,1,2,1,61,female,standard,1,0
PAT-01644,back_pain,1,chronic,3_days,head,burning,0,fluctuating,0,0,0,0,0,0,0,0,0,0,103,75,64,15,100.4,98,10,7.8,8.7,167223,141.4,5.1,3.44,86,1.088,331,1.0,3.1,0,0,1,1,0,0,0,1,6,5,0,0,128,0,3,1,54,female,standard,0,0
PAT-01645,abdominal_pain,2,sudden,1_week,unknown,burning,0,worsening,0,0,0,0,0,0,0,0,0,0,86,87,94,24,101.1,98,2,11.7,9.4,221472,141.7,3.5,3.31,269,1.011,241,3.8,2.3,0,0,0,0,0,0,0,0,3,3,1,0,52,1,1,1,77,female,standard,0,0
PAT-01646,chest_pain,9,sudden,1_day,generalized,throbbing,0,worsening,0,0,0,0,0,0,0,0,0,0,152,95,67,24,103.1,96,7,4.5,16.3,185921,141.3,5.1,2.1,84,0.945,509,2.2,2.9,0,0,1,0,0,0,0,0,2,6,0,0,196,6,2,0,26,unknown,standard,0,0
PAT-01647,injury,0,sudden,2_hours,abdomen,unknown,0,stable,1,0,0,0,0,0,0,0,0,0,153,78,98,26,101.2,97,7,16.7,13.3,246989,142.6,3.5,2.67,174,1.032,440,4.0,1.0,0,0,0,1,0,0,0,1,4,8,1,0,206,7,0,1,80,unknown,standard,1,0
PAT-01648,headache,4,gradual,1_hour,generalized,sharp,0,stable,0,0,0,0,0,0,0,1,0,0,131,70,86,26,98.8,89,1,10.1,9.2,205308,141.9,3.8,1.18,81,0.214,613,1.8,3.0,0,1,0,0,1,0,0,3,4,0,0,0,129,5,1,0,71,unknown,standard,1,0
PAT-01649,abdominal_pain,4,chronic,1_week,abdomen,pressure,1,improving,0,0,0,0,0,0,0,0,0,0,113,86,84,20,101.2,89,6,7.2,12.7,208384,138.7,5.4,3.36,245,0.412,239,2.8,1.4,0,1,0,0,0,0,0,3,1,11,0,0,351,2,1,1,67,unknown,standard,0,0
PAT-01650,back_pain,10,sudden,1_month,leg,sharp,0,fluctuating,0,0,1,0,0,0,0,0,0,0,148,73,55,13,102.7,96,0,10.2,10.0,213934,137.5,5.2,1.49,155,0.822,251,2.6,1.6,1,0,0,0,1,0,0,1,5,9,1,0,296,1,2,1,49,female,standard,1,0
PAT-01651,chest_pain,6,chronic,1_hour,leg,aching,0,worsening,0,0,0,0,0,0,0,0,0,0,164,80,107,25,100.8,89,3,10.5,16.3,188125,141.5,4.6,1.24,94,1.108,675,1.2,1.1,0,0,0,0,0,0,0,4,5,5,0,0,100,2,1,1,79,female,standard,0,0
PAT-01652,fever,3,gradual,2_hours,chest,aching,0,stable,0,0,0,0,0,0,0,0,0,0,96,57,98,18,100.4,90,6,14.3,11.3,377306,141.7,4.8,0.87,121,0.802,277,2.4,3.0,1,1,1,1,1,0,0,1,5,2,0,0,47,2,1,1,29,female,standard,0,0
PAT-01653,back_pain,2,gradual,2_hours,chest,pressure,0,stable,1,0,0,0,0,0,0,0,1,0,169,89,89,25,101.8,93,3,17.6,9.2,179168,135.3,3.4,2.24,102,0.253,348,2.3,2.1,0,0,0,0,0,0,0,4,0,6,0,0,102,2,2,1,58,unknown,standard,2,0
PAT-01654,injury,0,sudden,1_month,head,unknown,0,fluctuating,0,0,0,0,0,0,0,0,0,0,157,93,94,15,101.4,91,3,6.2,13.2,148468,130.0,4.0,3.36,278,1.134,458,2.4,1.1,0,1,0,1,0,0,0,4,4,5,0,0,245,4,1,1,61,female,standard,0,0
PAT-01655,back_pain,7,sudden,1_day,leg,dull,0,fluctuating,0,0,0,1,0,0,0,0,0,0,95,72,99,25,97.6,95,10,4.3,9.2,382537,135.0,3.9,1.08,92,0.914,210,1.7,1.8,0,0,0,0,1,0,0,3,5,1,0,0,339,1,3,0,67,female,standard,1,0
PAT-01656,chest_pain,2,chronic,1_month,arm,aching,0,improving,1,0,0,0,0,0,0,0,0,0,92,61,114,21,101.8,95,6,13.0,12.4,415578,138.6,3.3,1.04,131,0.861,339,1.5,1.8,0,1,0,1,0,0,1,3,3,4,0,0,333,6,1,1,77,female,standard,1,0
PAT-01657,back_pain,1,sudden,3_days,generalized,throbbing,1,fluctuating,1,0,0,0,0,0,0,0,0,0,144,86,117,25,99.8,89,0,16.3,15.2,231965,138.4,4.8,1.46,183,0.916,84,2.1,1.0,1,1,0,0,0,0,0,3,3,6,0,0,134,5,3,1,36,unknown,standard,1,0
PAT-01658,chest_pain,10,chronic,1_hour,generalized,dull,0,improving,0,0,0,0,0,0,0,0,0,0,110,78,64,22,103.1,89,4,11.7,10.9,303149,136.1,3.9,2.56,253,0.793,686,3.9,1.7,0,1,0,0,0,1,0,4,6,11,1,0,107,4,0,1,69,female,standard,0,0
PAT-01659,abdominal_pain,3,sudden,1_day,generalized,burning,0,improving,1,0,0,0,0,0,0,0,0,0,116,70,101,17,103.3,90,5,4.7,12.1,193514,144.9,4.7,2.23,111,0.031,265,2.6,1.6,0,1,1,0,0,0,0,4,5,3,0,0,330,3,0,1,37,female,standard,1,0
PAT-01660,other,2,chronic,1_week,head,aching,1,fluctuating,0,0,0,0,0,0,0,0,0,0,123,78,78,12,100.0,98,6,9.6,8.9,400786,137.6,3.3,0.97,278,0.308,156,2.3,3.0,0,0,0,0,0,0,0,0,3,3,1,0,217,3,3,1,18,female,standard,0,0
PAT-01661,chest_pain,0,chronic,3_days,generalized,throbbing,0,fluctuating,1,0,0,0,0,0,0,0,0,0,88,58,111,22,103.3,89,6,13.0,13.5,376402,132.2,3.2,1.94,210,1.148,186,1.3,2.8,1,0,0,0,0,0,0,1,3,10,0,0,364,1,2,1,47,female,standard,1,0
PAT-01662,chest_pain,2,chronic,1_day,back,burning,0,fluctuating,0,0,0,0,0,0,0,0,0,0,173,99,72,25,99.2,92,6,8.3,9.0,242226,133.1,3.6,0.89,178,0.35,182,3.9,1.3,1,1,0,0,0,0,0,3,0,11,0,0,26,1,3,0,39,unknown,standard,0,0
PAT-01663,headache,1,chronic,1_hour,abdomen,dull,1,fluctuating,0,1,0,0,0,0,0,0,0,0,128,86,111,25,101.5,88,1,15.8,10.8,375027,131.5,4.8,3.09,179,0.927,692,3.0,3.0,0,1,0,0,0,0,0,2,1,9,0,1,12,0,3,0,65,unknown,standard,1,0
PAT-01664,chest_pain,7,gradual,2_hours,generalized,pressure,0,fluctuating,0,0,1,0,0,0,0,1,1,0,167,96,100,19,97.7,94,5,6.8,15.2,283871,134.3,4.6,1.0,174,0.512,416,4.2,2.6,0,0,0,0,0,0,0,2,1,1,0,0,24,5,1,0,80,female,standard,3,0
PAT-01665,chest_pain,5,chronic,1_week,unknown,burning,0,improving,0,0,0,0,0,0,0,0,0,0,119,88,97,17,98.1,95,8,8.8,9.3,334012,134.9,3.7,2.02,272,1.089,456,1.2,2.0,1,0,0,0,0,0,0,4,2,7,0,0,42,0,2,0,19,unknown,standard,0,0
PAT-01666,fever,8,sudden,1_month,abdomen,sharp,1,stable,0,0,0,0,0,0,0,0,0,0,135,73,70,22,102.6,99,6,16.8,15.1,375311,135.3,4.4,2.13,118,0.671,20,2.0,1.9,0,0,0,0,0,1,0,0,5,2,0,0,151,5,1,0,53,unknown,standard,0,0
PAT-01667,other,7,gradual,1_hour,chest,pressure,0,worsening,0,0,0,0,0,1,0,0,1,0,135,68,68,25,102.8,91,6,11.8,13.4,363484,143.4,4.6,2.18,139,0.76,197,1.8,3.0,0,0,0,0,0,0,0,1,0,7,1,0,79,4,1,1,48,unknown,standard,2,0
PAT-01668,abdominal_pain,9,gradual,3_days,generalized,pressure,1,worsening,0,0,0,0,0,0,0,0,0,0,113,92,63,18,100.6,94,1,3.6,9.2,321171,142.2,5.4,2.41,252,0.291,500,1.8,1.6,0,0,0,0,0,0,0,4,2,7,0,0,194,0,1,1,31,female,standard,0,0
PAT-01669,injury,2,chronic,3_days,unknown,dull,0,improving,0,0,0,0,0,0,0,0,0,0,162,67,123,24,99.3,96,6,7.0,9.4,153059,137.9,5.0,2.66,221,0.074,263,0.7,1.8,0,1,0,0,0,0,0,1,4,0,0,0,122,3,1,1,58,unknown,standard,0,0
PAT-01670,headache,4,gradual,2_hours,arm,dull,0,improving,0,0,0,0,0,0,0,0,0,0,169,76,115,17,100.0,94,8,14.4,13.6,316778,137.1,3.5,0.71,123,0.909,711,2.5,2.5,0,0,0,1,0,0,0,4,2,7,0,0,352,7,2,0,78,male,standard,0,0
PAT-01671,fever,6,chronic,2_hours,unknown,throbbing,0,stable,0,0,1,0,0,0,0,0,1,0,120,85,65,18,102.7,89,2,4.3,14.2,126511,136.0,3.8,0.79,141,0.086,821,2.8,2.6,0,0,0,1,0,0,0,3,3,1,0,0,117,5,1,0,77,female,standard,2,0
PAT-01672,shortness_of_breath,4,sudden,1_week,leg,throbbing,1,fluctuating,0,0,0,0,0,0,0,1,0,0,162,98,73,16,98.5,89,1,17.9,13.6,376307,130.2,4.1,2.41,165,0.868,257,0.8,1.7,0,1,0,1,0,0,0,0,5,9,0,0,168,0,1,0,30,unknown,standard,1,0
PAT-01673,other,7,chronic,1_month,leg,sharp,0,improving,1,0,0,0,0,0,0,0,0,0,144,98,118,14,99.1,97,5,16.5,14.1,304116,144.7,3.4,1.21,120,0.669,136,3.8,3.0,0,0,0,0,0,0,0,3,6,5,0,0,25,5,1,1,21,female,standard,1,0
PAT-01674,abdominal_pain,4,gradual,1_week,chest,pressure,0,worsening,0,0,0,0,0,0,0,0,0,0,99,84,92,17,102.1,97,1,6.7,11.1,331011,134.7,4.5,3.03,144,0.985,367,1.3,1.5,0,1,0,0,1,1,0,3,1,11,0,0,75,6,3,1,39,female,standard,0,0
PAT-01675,abdominal_pain,0,sudden,2_hours,back,unknown,0,fluctuating,0,0,0,0,0,1,0,0,0,0,135,77,64,26,103.1,97,0,16.5,8.0,342290,143.5,5.3,2.46,232,0.251,26,1.1,1.7,1,0,1,1,0,0,0,2,6,0,1,0,349,3,3,1,80,male,standard,1,0
PAT-01676,shortness_of_breath,4,chronic,2_hours,head,sharp,0,improving,0,0,1,0,1,0,0,0,0,0,134,66,70,21,97.8,93,9,13.6,12.5,319547,141.9,3.9,3.45,239,0.652,193,1.2,1.4,0,0,0,0,1,0,0,2,1,3,0,0,302,5,3,1,70,unknown,standard,2,0
PAT-01677,injury,3,sudden,3_days,head,sharp,1,fluctuating,0,0,0,0,0,1,0,0,0,0,139,97,123,26,102.3,95,3,9.7,13.1,293949,131.8,5.5,2.74,165,0.739,135,2.1,2.1,0,1,0,0,0,1,0,2,6,6,0,0,232,6,3,1,37,female,standard,1,0
PAT-01678,chest_pain,5,sudden,2_hours,arm,unknown,1,worsening,1,0,0,0,0,0,0,0,0,0,96,68,96,20,101.3,99,8,6.3,13.8,398639,135.0,3.8,0.95,272,0.094,274,0.9,3.2,0,0,0,0,0,1,0,2,1,10,0,0,61,4,1,1,35,male,standard,1,0
PAT-01679,fever,2,gradual,1_day,chest,unknown,0,fluctuating,1,0,0,0,0,0,0,0,1,0,134,90,98,17,98.7,97,9,6.4,10.0,232384,137.8,4.3,1.18,183,0.888,491,3.6,2.6,1,0,1,1,0,0,0,4,0,6,0,0,89,2,3,0,56,male,standard,2,0
PAT-01680,back_pain,10,sudden,1_hour,chest,unknown,1,improving,0,0,0,0,0,0,0,0,0,0,146,99,107,20,102.0,98,2,12.1,9.4,169506,134.2,4.0,0.83,179,0.47,610,3.0,2.0,0,0,1,0,0,0,0,4,3,5,1,0,362,3,0,1,81,unknown,standard,0,0
PAT-01681,headache,4,gradual,2_hours,back,dull,0,improving,0,0,0,0,0,0,0,0,0,0,89,62,89,13,101.8,97,2,9.5,15.1,371649,136.4,3.9,2.78,121,0.159,555,2.3,3.2,0,0,0,1,0,1,0,0,2,4,0,0,237,4,2,0,39,male,standard,0,0
PAT-01682,back_pain,1,sudden,1_week,generalized,sharp,0,worsening,0,0,0,0,0,0,0,0,0,0,111,78,90,22,98.1,98,5,12.1,15.2,406601,134.5,4.1,1.06,199,0.468,622,2.4,1.0,0,1,0,1,0,0,0,2,6,3,1,0,81,1,1,1,46,female,standard,0,0
PAT-01683,shortness_of_breath,10,chronic,1_month,head,sharp,0,stable,0,0,0,1,0,0,0,0,0,0,163,57,76,12,100.4,99,5,8.3,16.4,221946,140.2,3.3,2.56,157,0.122,570,2.1,1.6,0,0,0,0,0,0,0,2,4,6,0,0,94,3,1,1,82,unknown,standard,1,0
PAT-01684,abdominal_pain,5,sudden,1_month,generalized,burning,0,stable,0,0,0,0,0,0,0,0,1,0,174,68,78,25,102.0,90,7,6.8,10.9,302533,135.8,4.4,2.26,104,1.066,214,3.2,2.8,1,1,0,0,0,1,0,4,0,4,0,1,91,7,1,1,39,unknown,standard,1,0
PAT-01685,injury,5,chronic,1_month,chest,unknown,0,fluctuating,0,0,0,0,0,0,0,0,1,0,93,104,66,24,98.4,88,9,15.6,8.5,151335,135.5,4.9,2.47,178,0.551,223,4.0,2.1,1,1,1,0,0,0,0,1,6,6,0,0,145,3,2,0,21,female,standard,1,0
PAT-01686,abdominal_pain,4,chronic,1_day,generalized,unknown,1,improving,0,0,0,0,0,0,0,0,0,1,119,65,89,15,100.1,88,5,16.8,12.0,234405,134.3,5.2,2.12,275,0.17,188,2.6,0.9,1,0,0,0,0,0,0,3,4,0,0,0,168,1,2,1,24,unknown,standard,1,0
PAT-01687,headache,5,sudden,1_week,leg,throbbing,0,improving,0,0,0,0,0,0,0,0,0,0,97,99,104,16,98.0,98,7,13.7,12.1,146323,142.8,3.9,0.74,197,0.306,176,2.6,2.0,0,0,0,0,0,0,0,0,0,6,0,0,225,5,0,0,37,unknown,standard,0,0
PAT-01688,abdominal_pain,10,chronic,1_day,arm,throbbing,0,worsening,0,0,0,0,0,0,0,0,0,0,128,92,94,21,99.1,89,7,5.8,8.3,195090,140.3,4.5,1.41,236,0.871,731,2.5,1.0,0,0,0,0,1,1,0,4,3,1,0,0,88,2,3,1,55,male,standard,0,0
PAT-01689,abdominal_pain,6,sudden,2_hours,head,pressure,0,worsening,0,0,0,0,0,0,0,0,0,0,130,82,76,18,98.6,97,6,4.8,12.9,348015,141.5,5.3,3.18,164,0.944,804,3.9,2.2,0,1,0,0,0,0,0,4,0,10,0,0,76,6,0,1,48,male,standard,0,0
PAT-01690,headache,4,sudden,1_hour,back,throbbing,1,improving,1,1,0,0,0,0,0,0,0,0,152,77,101,19,100.4,93,4,11.3,10.2,347447,136.3,5.0,3.3,184,0.054,509,2.9,2.4,1,0,0,0,0,0,0,3,4,0,0,0,259,0,1,0,68,male,standard,2,0
PAT-01691,fever,0,chronic,1_month,arm,aching,0,worsening,0,0,0,0,0,1,0,0,0,0,161,72,120,27,98.1,89,3,11.5,9.0,165992,143.4,4.3,0.97,175,0.077,525,3.7,1.4,0,0,0,0,0,0,0,0,0,8,1,0,30,3,1,0,23,female,standard,1,0
PAT-01692,fever,7,chronic,1_week,abdomen,pressure,0,stable,0,0,0,0,0,0,0,0,0,0,158,74,64,23,99.6,93,0,12.8,13.1,359999,136.7,3.6,3.37,135,1.101,802,2.7,3.2,1,1,0,0,0,0,0,4,3,11,0,0,42,6,3,1,40,female,standard,0,0
PAT-01693,headache,3,gradual,1_month,leg,unknown,0,stable,0,0,1,0,0,0,0,0,0,0,137,87,97,12,98.9,98,5,16.6,10.4,386568,132.8,4.5,2.58,202,0.401,23,3.1,2.8,0,0,0,0,0,0,0,2,1,3,0,0,95,0,3,1,75,unknown,standard,1,0
PAT-01694,injury,8,chronic,1_day,back,burning,0,fluctuating,0,0,0,0,0,0,0,0,0,0,85,56,123,17,101.9,88,7,12.9,12.8,213727,138.2,5.5,3.28,237,0.236,680,3.0,2.0,1,1,0,0,0,0,0,2,0,3,0,0,186,5,3,0,40,unknown,standard,0,0
PAT-01695,shortness_of_breath,9,gradual,3_days,unknown,throbbing,0,worsening,0,0,0,0,0,0,0,0,0,0,95,93,79,12,101.6,96,10,16.8,8.1,155687,137.1,4.9,1.82,140,0.152,602,2.2,1.6,0,0,0,1,0,0,0,4,4,10,0,1,91,6,1,0,72,unknown,standard,0,0
PAT-01696,other,5,chronic,2_hours,arm,burning,0,fluctuating,0,0,0,0,0,0,0,0,0,0,134,91,101,19,97.8,99,3,5.2,11.1,198588,131.5,5.2,0.98,87,0.574,577,1.1,0.9,1,0,1,0,0,0,0,1,5,3,1,0,248,0,1,1,32,unknown,standard,0,0
PAT-01697,abdominal_pain,0,sudden,1_hour,chest,throbbing,0,worsening,0,0,0,0,1,0,0,0,0,1,93,80,61,23,103.2,94,6,13.8,15.4,358340,140.6,3.6,1.55,134,0.926,743,2.1,2.5,1,0,0,0,0,0,0,1,4,1,0,0,66,3,1,1,24,unknown,standard,2,0
PAT-01698,injury,2,chronic,2_hours,abdomen,throbbing,1,worsening,0,0,0,1,0,0,0,0,0,0,122,56,82,27,101.9,88,2,16.9,13.5,351440,143.0,5.3,2.63,181,0.628,666,3.7,1.5,0,1,1,0,0,0,0,1,0,2,0,0,204,3,3,1,50,unknown,standard,1,0
PAT-01699,abdominal_pain,2,sudden,3_days,back,burning,0,stable,1,0,0,0,0,0,0,1,0,0,171,57,99,12,101.1,96,4,10.2,15.4,338647,135.7,3.2,2.93,181,0.03,129,3.0,1.8,1,0,0,0,0,0,0,2,6,2,0,0,194,6,1,1,78,female,standard,2,0
PAT-01700,other,9,sudden,1_hour,chest,sharp,0,improving,1,0,0,0,0,0,0,0,0,0,97,74,121,15,100.2,96,6,17.5,14.3,257297,142.1,5.2,0.84,83,0.583,217,4.0,1.9,1,0,0,1,0,0,0,2,6,0,0,1,195,7,1,1,53,male,standard,1,0
PAT-01701,shortness_of_breath,3,sudden,3_days,leg,sharp,0,worsening,0,0,0,1,0,0,0,0,0,1,89,64,66,14,98.3,98,10,11.5,14.1,273093,139.4,3.7,2.06,223,0.377,412,1.6,2.9,0,0,1,0,0,0,0,3,3,7,0,0,142,6,3,1,34,unknown,standard,2,0
PAT-01702,fever,5,gradual,2_hours,unknown,sharp,0,worsening,1,0,0,0,0,0,0,0,0,0,109,96,65,13,103.3,97,8,17.2,15.4,401371,134.4,4.6,0.88,243,0.821,451,2.3,2.9,0,0,0,0,1,0,0,1,2,7,0,1,147,3,0,1,62,unknown,standard,1,0
PAT-01703,injury,6,chronic,1_day,abdomen,aching,0,worsening,0,0,0,0,0,1,0,0,0,0,94,75,57,19,97.2,98,8,14.4,8.2,388393,135.5,3.9,3.12,182,0.631,119,3.3,2.7,0,1,0,0,0,0,0,3,1,2,0,0,190,7,3,1,63,male,standard,1,0
PAT-01704,chest_pain,9,sudden,2_hours,head,sharp,1,improving,0,0,0,0,1,0,0,0,0,0,89,94,115,17,101.6,93,6,10.1,11.6,184376,145.1,3.5,2.03,139,1.159,71,1.1,2.7,1,1,0,0,0,0,0,4,3,9,0,0,227,5,1,1,78,female,standard,1,0
PAT-01705,chest_pain,3,sudden,2_hours,unknown,throbbing,1,fluctuating,0,0,0,0,1,0,0,0,0,0,106,63,120,24,100.4,89,3,4.0,16.2,242575,133.5,3.8,3.26,251,0.72,432,1.0,2.0,0,0,0,0,0,1,0,4,2,6,0,0,294,4,0,0,26,unknown,standard,1,0
PAT-01706,other,5,gradual,2_hours,chest,unknown,0,fluctuating,0,1,0,0,0,0,0,0,0,0,126,56,110,23,102.9,89,5,13.0,9.5,300370,132.4,4.3,0.92,143,0.761,22,3.3,2.7,0,1,0,0,0,0,0,0,4,9,1,0,155,7,3,0,76,unknown,standard,1,0
PAT-01707,chest_pain,10,chronic,1_week,arm,dull,0,worsening,0,0,0,0,1,0,0,1,0,0,173,82,80,26,99.6,99,3,7.2,13.6,418788,131.2,5.3,1.63,86,0.627,640,3.0,2.9,0,0,0,0,0,0,0,0,6,7,0,0,217,1,3,1,53,unknown,standard,2,0
PAT-01708,fever,0,chronic,3_days,generalized,burning,0,worsening,1,0,0,0,0,0,0,0,0,0,104,57,88,15,100.5,95,2,7.7,14.7,277372,144.0,4.1,2.59,223,0.377,178,2.3,2.0,1,0,0,0,0,0,0,0,0,4,0,0,206,0,2,1,19,female,standard,1,0
PAT-01709,other,7,gradual,3_days,back,unknown,0,fluctuating,0,0,0,0,0,0,0,0,0,0,112,70,109,14,101.9,96,8,3.8,15.9,161694,140.8,3.3,1.52,135,0.759,363,0.8,3.0,0,1,0,0,0,0,0,0,4,2,0,0,282,3,1,1,28,female,standard,0,0
PAT-01710,fever,6,gradual,1_month,abdomen,dull,0,fluctuating,0,0,0,0,0,0,0,0,0,0,105,58,70,26,97.5,91,4,11.6,15.4,337125,131.9,3.3,3.06,186,0.403,82,2.9,3.2,0,0,0,0,0,0,0,2,0,4,0,0,174,5,1,0,41,female,standard,0,0
PAT-01711,shortness_of_breath,10,chronic,3_days,chest,unknown,1,stable,1,0,0,0,0,0,0,0,0,0,95,77,93,17,97.5,89,7,7.7,13.8,128078,142.3,3.7,3.46,113,0.862,171,3.0,1.3,0,1,0,1,0,0,0,3,5,0,0,0,161,2,2,1,72,male,standard,1,0
PAT-01712,abdominal_pain,10,gradual,1_month,head,aching,0,worsening,1,0,0,0,0,0,0,0,0,1,153,84,60,17,98.5,92,2,17.7,14.0,227066,140.1,3.3,1.49,274,0.288,195,1.7,3.2,0,1,0,0,0,0,0,2,1,10,0,0,149,7,2,1,46,unknown,standard,2,0
PAT-01713,shortness_of_breath,8,chronic,1_week,generalized,dull,1,fluctuating,0,0,0,1,0,0,0,0,0,0,121,92,106,16,98.1,94,8,14.4,10.9,246084,145.8,4.1,1.71,96,0.444,119,0.9,1.5,0,1,0,0,0,0,0,4,0,4,0,0,27,7,2,1,20,male,standard,1,0
PAT-01714,shortness_of_breath,2,chronic,1_day,back,pressure,0,stable,0,0,0,0,0,0,0,0,0,0,133,67,79,14,97.2,91,0,8.7,9.9,258601,138.2,4.1,3.41,164,0.702,822,2.4,3.0,0,0,0,1,0,0,0,1,4,11,0,0,261,4,2,1,35,unknown,standard,0,0
PAT-01715,fever,1,sudden,1_month,back,sharp,1,improving,0,0,0,0,0,0,0,0,0,0,153,60,110,22,101.1,99,1,7.8,16.1,393628,138.3,5.4,1.7,157,0.756,556,2.4,2.9,0,1,0,1,0,0,1,1,5,11,0,0,302,3,2,1,38,male,standard,0,0
PAT-01716,other,0,sudden,2_hours,chest,aching,0,worsening,0,0,0,0,0,0,0,0,0,0,117,64,73,21,102.2,96,3,13.9,16.3,359315,134.0,3.9,2.26,131,0.804,203,1.7,3.0,1,0,0,0,0,0,1,3,2,6,0,0,70,1,0,1,61,male,standard,0,0
PAT-01717,other,2,chronic,1_day,head,unknown,1,fluctuating,0,0,0,0,0,1,0,0,0,0,129,71,81,20,103.2,99,1,7.2,11.6,178224,133.1,4.6,2.85,239,0.842,378,2.6,2.0,0,0,0,0,0,0,0,3,6,11,0,0,277,4,2,1,51,female,standard,1,0
PAT-01718,chest_pain,4,chronic,1_week,leg,throbbing,0,worsening,0,0,0,0,0,0,0,0,0,0,92,62,59,25,100.0,91,8,10.0,11.5,133560,141.7,5.1,1.93,115,0.385,266,2.8,1.2,0,1,1,0,0,0,0,4,2,10,0,0,102,0,3,1,59,unknown,standard,0,0
PAT-01719,back_pain,10,chronic,3_days,generalized,sharp,0,stable,0,0,0,0,0,0,0,0,0,0,90,63,80,17,99.0,95,6,5.8,11.8,344854,136.0,4.4,1.74,189,1.072,552,3.9,1.4,0,0,0,0,0,0,0,2,2,0,0,0,273,0,2,1,84,unknown,standard,0,0
PAT-01720,abdominal_pain,1,chronic,1_month,leg,sharp,1,fluctuating,0,0,0,0,0,0,0,0,0,0,99,88,84,16,102.6,90,1,7.2,11.9,261297,141.6,4.8,2.09,279,0.041,674,3.4,1.6,0,0,1,1,0,0,0,1,0,11,0,0,30,0,1,1,73,female,standard,0,0
PAT-01721,fever,2,chronic,2_hours,abdomen,dull,0,improving,0,0,0,0,0,0,0,0,0,0,99,71,89,22,102.5,99,10,4.9,15.2,135987,142.4,5.4,2.88,209,0.23,757,3.5,1.5,0,1,0,1,1,0,1,2,3,7,1,0,352,3,3,1,25,unknown,standard,0,0
PAT-01722,chest_pain,3,chronic,1_hour,chest,pressure,0,improving,0,0,0,0,0,0,0,0,0,1,93,97,107,18,101.1,99,10,9.7,11.7,387945,144.5,3.9,1.57,163,0.089,150,1.3,3.1,1,0,0,1,0,0,0,4,6,10,0,0,75,4,3,1,77,male,standard,1,0
PAT-01723,injury,6,gradual,1_hour,generalized,sharp,0,stable,0,0,1,0,0,0,0,0,0,0,145,104,122,12,98.9,93,3,16.9,15.5,271803,136.8,3.4,1.68,107,0.807,29,2.2,1.3,0,0,1,0,0,0,0,2,4,6,1,0,131,7,3,1,75,male,standard,1,0
PAT-01724,back_pain,2,chronic,1_day,abdomen,unknown,0,improving,0,0,0,0,0,0,0,0,1,0,140,76,87,18,102.9,93,5,5.0,13.9,280749,131.5,4.2,1.23,77,0.332,197,1.3,2.5,0,0,0,0,0,0,0,1,4,4,0,0,205,1,0,1,20,male,standard,1,0
PAT-01725,back_pain,8,gradual,3_days,unknown,unknown,0,improving,0,0,0,0,0,0,0,0,1,0,89,57,124,12,98.3,90,1,9.8,16.2,147981,130.3,4.4,2.66,113,0.243,738,1.3,2.1,1,1,0,0,1,1,1,4,3,10,1,0,221,7,0,1,30,unknown,standard,1,0
PAT-01726,fever,7,gradual,1_hour,leg,burning,0,improving,0,0,1,0,0,0,0,0,0,0,110,95,82,20,97.5,89,8,7.8,13.7,358915,134.7,4.5,3.22,170,0.579,528,2.4,1.0,0,0,0,0,0,0,0,2,5,0,0,0,322,1,2,1,60,male,standard,1,0
PAT-01727,headache,3,chronic,1_day,unknown,burning,0,improving,0,0,0,0,0,0,0,0,0,0,171,94,90,17,102.2,93,2,8.8,11.5,391043,144.9,4.9,1.22,238,0.745,145,1.6,1.4,1,1,0,0,0,0,0,2,2,8,0,0,45,1,3,0,65,male,standard,0,0
PAT-01728,abdominal_pain,0,chronic,1_week,unknown,sharp,0,improving,0,0,0,1,0,0,0,0,0,0,164,83,103,18,100.8,94,1,14.7,15.8,149591,142.0,5.3,0.8,242,0.745,544,1.4,3.0,0,1,0,0,0,0,0,2,2,7,0,0,363,4,0,0,26,male,standard,1,0
PAT-01729,back_pain,0,gradual,1_day,generalized,dull,0,improving,0,0,0,1,0,0,0,1,0,0,141,93,107,18,98.8,94,3,9.8,10.0,391190,138.9,4.4,1.77,97,0.671,63,3.2,2.8,1,0,0,0,0,0,0,2,5,4,0,0,12,5,3,1,63,unknown,standard,2,0
PAT-01730,fever,0,gradual,1_day,back,dull,0,improving,0,0,0,0,0,0,0,0,0,0,119,81,123,12,101.4,97,4,12.9,16.2,236771,133.8,3.5,1.85,268,1.19,767,0.7,2.2,0,0,0,1,0,0,0,3,5,9,0,0,323,6,1,1,68,female,standard,0,0
PAT-01731,fever,0,chronic,1_day,abdomen,throbbing,1,fluctuating,0,0,0,0,0,0,0,0,0,0,94,93,56,13,102.0,98,3,17.6,8.4,309978,141.4,4.1,2.51,120,1.033,404,3.3,1.1,1,1,0,0,0,0,0,4,4,8,1,0,267,6,3,0,47,male,standard,0,0
PAT-01732,chest_pain,7,chronic,2_hours,unknown,aching,1,improving,0,1,0,0,0,0,0,0,0,0,164,94,118,21,102.5,88,2,12.4,13.4,260894,141.9,3.6,0.94,80,0.29,706,3.8,1.2,0,0,0,0,0,0,1,4,6,2,0,0,330,4,2,1,71,male,standard,1,0
PAT-01733,injury,2,gradual,1_day,head,aching,0,fluctuating,1,0,0,0,0,0,0,0,0,0,105,91,75,14,99.0,99,2,8.4,8.2,274955,133.7,3.6,3.0,145,0.912,269,3.1,2.6,0,0,1,1,0,0,0,2,0,5,1,0,14,5,1,0,83,unknown,standard,1,0
PAT-01734,headache,5,gradual,1_month,arm,aching,0,worsening,0,0,0,0,0,1,0,0,0,1,96,57,89,19,97.4,93,2,9.3,9.7,131438,141.3,3.2,2.31,130,0.685,74,1.3,2.6,0,1,0,0,0,0,0,2,6,5,0,0,159,7,3,1,55,unknown,standard,2,0
PAT-01735,abdominal_pain,2,gradual,1_day,leg,pressure,0,stable,0,0,0,1,0,0,0,0,0,0,93,73,100,20,100.4,96,2,13.6,11.9,258175,131.9,5.3,2.23,95,0.089,692,3.2,3.1,0,0,1,0,0,0,0,3,6,9,0,0,344,7,2,1,62,female,standard,1,0
PAT-01736,other,10,sudden,2_hours,leg,dull,0,improving,0,0,0,1,0,0,0,0,0,0,100,88,102,26,102.6,96,5,13.6,9.3,287351,131.6,4.9,1.59,171,0.064,291,2.4,1.4,0,1,0,0,1,0,0,1,0,8,0,0,263,7,2,1,55,male,standard,1,0
PAT-01737,shortness_of_breath,4,gradual,2_hours,head,throbbing,0,stable,0,0,0,0,0,0,0,0,0,0,157,68,76,22,98.5,99,3,8.8,16.4,229965,130.9,3.4,1.72,154,0.961,579,2.9,2.4,0,0,0,1,0,0,0,3,1,10,0,1,249,2,0,1,74,unknown,standard,0,0
PAT-01738,injury,6,sudden,1_week,generalized,burning,0,improving,0,0,0,0,0,1,0,1,0,0,138,75,60,19,99.9,89,6,14.0,14.6,300501,143.0,5.3,0.86,269,0.656,310,2.0,1.9,0,0,0,0,0,0,1,2,2,7,0,1,228,0,1,0,72,unknown,standard,2,0
PAT-01739,injury,1,chronic,3_days,generalized,unknown,0,fluctuating,0,0,0,0,0,0,0,0,0,0,107,56,87,23,98.8,91,6,11.5,15.2,259594,134.3,5.2,2.81,100,0.688,70,1.3,1.2,0,0,0,0,1,0,0,2,6,4,0,0,355,5,0,1,34,unknown,standard,0,0
PAT-01740,chest_pain,5,chronic,1_hour,generalized,aching,0,improving,0,0,0,0,1,0,0,0,1,0,123,64,93,17,97.3,93,3,17.7,16.3,291571,139.7,5.3,2.39,227,0.407,636,0.7,1.7,0,0,0,0,0,0,0,2,5,7,0,0,281,5,0,1,22,female,standard,2,0
PAT-01741,other,5,gradual,1_hour,abdomen,burning,0,worsening,0,0,0,0,1,0,0,0,0,0,172,96,97,13,102.9,91,0,16.7,13.7,150135,132.3,3.4,3.43,153,1.117,366,3.3,1.7,0,1,0,1,0,0,0,2,5,2,1,0,344,1,2,1,29,unknown,standard,1,0
PAT-01742,back_pain,10,chronic,1_day,chest,burning,0,stable,0,0,0,0,0,0,0,0,0,0,106,71,79,13,98.1,99,8,15.4,10.3,128568,137.1,3.4,1.69,181,0.857,447,2.1,1.9,0,0,0,1,0,0,0,3,4,7,0,0,295,1,3,1,51,female,standard,0,0
PAT-01743,back_pain,2,chronic,1_week,unknown,sharp,0,stable,0,0,0,0,0,0,0,0,0,0,139,56,72,25,102.0,96,6,4.0,14.4,313791,130.4,3.4,2.57,175,1.114,404,1.5,1.6,0,0,0,0,0,1,0,2,0,9,0,0,312,5,3,1,78,unknown,standard,0,0
PAT-01744,chest_pain,5,chronic,1_day,back,pressure,0,worsening,1,0,0,0,0,0,0,0,0,1,115,81,95,24,99.4,89,5,9.0,13.0,335628,143.8,5.4,3.27,187,0.124,773,2.8,2.2,0,1,0,0,0,0,0,1,1,2,0,0,219,6,1,1,20,female,standard,2,0
PAT-01745,fever,9,chronic,1_hour,arm,throbbing,0,fluctuating,1,1,0,0,0,0,0,0,1,0,158,55,89,23,98.9,97,4,11.8,10.3,229317,138.6,4.7,2.69,186,0.703,369,3.5,2.3,0,1,0,0,0,0,0,0,3,6,0,0,192,7,1,0,68,male,standard,3,0
PAT-01746,back_pain,9,sudden,2_hours,chest,pressure,1,fluctuating,0,0,0,0,0,0,0,0,0,0,131,104,78,26,103.1,93,8,11.1,11.1,213587,144.2,3.6,0.81,266,0.767,310,2.5,1.8,0,1,1,0,0,0,0,1,0,2,0,0,32,4,1,1,35,unknown,standard,0,0
PAT-01747,headache,4,sudden,3_days,chest,sharp,0,worsening,1,0,0,0,0,0,0,0,0,0,111,90,109,21,101.3,88,8,14.6,13.2,260085,137.5,5.3,2.47,255,0.156,530,3.3,1.8,1,0,0,0,0,0,0,2,0,6,1,0,82,1,0,1,39,male,standard,1,0
PAT-01748,abdominal_pain,1,gradual,1_week,head,throbbing,0,stable,0,0,0,0,0,0,0,0,0,0,132,87,94,18,101.5,96,9,16.7,11.4,410817,135.1,4.2,2.23,124,0.419,370,1.8,2.4,1,1,0,1,0,0,1,3,4,0,0,1,204,2,3,1,21,female,standard,0,0
PAT-01749,injury,8,gradual,2_hours,abdomen,throbbing,0,improving,0,0,0,0,0,0,0,0,0,0,123,76,83,20,102.0,88,10,14.9,10.0,312157,136.4,5.0,2.1,103,0.262,543,3.0,1.0,0,1,0,0,0,0,0,2,6,10,0,0,318,7,1,1,76,unknown,standard,0,0
PAT-01750,injury,7,gradual,3_days,leg,dull,0,fluctuating,0,0,0,0,0,0,0,0,0,0,172,103,64,17,99.3,99,5,6.7,11.7,135703,133.9,4.7,2.25,175,1.181,635,2.8,2.9,0,1,0,0,0,0,0,3,2,8,0,0,137,6,3,1,40,female,standard,0,0
PAT-01751,headache,2,chronic,1_week,leg,pressure,0,improving,0,1,1,0,0,0,0,0,0,0,105,89,64,12,100.8,95,7,10.5,10.0,126495,144.2,4.7,1.99,221,0.654,566,1.2,3.1,0,1,0,0,0,0,0,0,5,2,0,0,187,1,3,1,46,male,standard,2,0
PAT-01752,other,7,chronic,1_week,head,pressure,0,stable,0,0,1,0,0,0,0,0,0,0,99,88,118,25,98.9,96,6,9.2,15.4,168530,134.7,4.2,2.64,178,0.382,245,3.3,1.0,0,0,0,0,0,1,0,4,4,10,0,0,329,4,1,1,64,female,standard,1,0
PAT-01753,back_pain,8,sudden,1_hour,abdomen,dull,1,improving,0,0,0,0,0,0,0,0,0,0,165,72,83,26,102.5,88,0,14.6,13.9,297506,134.7,4.1,0.74,169,0.799,698,3.3,2.5,0,0,1,0,0,0,0,1,3,0,0,0,219,1,2,1,70,female,standard,0,0
PAT-01754,injury,2,sudden,2_hours,head,burning,0,worsening,0,0,0,0,0,0,0,0,0,1,129,90,72,20,101.0,88,1,16.5,11.2,260497,140.1,3.6,1.23,132,0.793,659,3.0,1.5,0,0,0,0,0,0,0,0,6,8,0,0,192,1,1,0,71,male,standard,1,0
PAT-01755,shortness_of_breath,2,gradual,1_week,leg,sharp,0,fluctuating,0,0,0,0,0,0,0,0,0,0,103,57,56,25,98.7,97,8,7.7,16.0,312548,132.0,3.4,1.72,216,0.42,371,2.0,1.9,0,0,0,0,0,0,0,2,2,8,1,0,150,0,3,1,33,unknown,standard,0,0
PAT-01756,other,1,sudden,1_month,chest,pressure,0,fluctuating,0,0,0,0,0,0,0,0,0,0,137,98,79,18,102.9,94,9,10.6,11.3,171221,133.5,5.3,1.97,199,1.193,735,2.6,1.5,1,1,0,0,0,0,0,3,4,9,0,1,295,2,3,1,58,female,standard,0,0
PAT-01757,abdominal_pain,7,sudden,1_week,back,dull,0,worsening,0,1,0,0,0,0,0,0,0,0,173,70,105,26,100.9,97,3,14.1,12.9,371621,136.9,5.4,1.07,217,0.972,448,2.2,1.4,0,1,0,0,0,0,0,3,0,6,0,0,249,7,1,1,76,female,standard,1,0
PAT-01758,abdominal_pain,9,sudden,3_days,unknown,unknown,1,worsening,0,0,0,0,0,0,0,0,1,0,139,65,76,14,100.3,92,10,4.2,12.4,302630,132.9,4.7,3.0,137,0.483,815,0.6,1.9,0,1,0,0,0,0,0,4,4,5,0,0,97,3,2,1,60,unknown,standard,1,0
PAT-01759,injury,0,sudden,1_hour,generalized,throbbing,0,fluctuating,0,0,0,0,0,1,0,0,0,1,170,64,63,13,97.4,98,2,17.5,9.0,135713,134.1,4.1,3.3,75,0.794,742,0.6,1.8,0,0,0,1,0,0,0,0,2,11,0,0,84,5,3,1,73,unknown,standard,2,0
PAT-01760,chest_pain,7,sudden,1_day,abdomen,aching,0,fluctuating,0,1,0,0,0,0,0,0,0,0,133,96,58,14,102.9,90,1,15.1,11.6,148080,141.2,3.3,2.8,190,0.854,489,1.3,1.9,0,0,0,0,0,0,0,1,1,1,0,0,280,1,3,1,62,male,standard,1,0
PAT-01761,other,6,gradual,1_hour,unknown,unknown,0,fluctuating,0,0,0,0,0,0,0,0,0,0,162,75,75,26,103.2,96,7,11.4,8.7,285718,134.5,4.2,3.3,278,0.213,542,3.9,2.8,1,1,0,0,0,0,0,3,6,6,0,0,219,5,2,1,42,female,standard,0,0
PAT-01762,injury,6,gradual,1_day,arm,dull,0,stable,0,0,1,0,0,0,0,0,0,0,145,79,84,13,100.7,89,6,14.8,9.4,311925,140.2,4.7,2.78,138,1.054,303,2.9,3.2,0,0,1,0,0,0,0,1,1,4,0,1,201,3,1,0,43,male,standard,1,0
PAT-01763,chest_pain,2,sudden,2_hours,arm,aching,0,stable,0,0,0,0,0,0,0,0,0,0,144,89,87,24,100.0,93,8,15.6,14.7,272860,137.9,3.9,1.93,213,0.992,763,2.0,1.2,0,0,0,1,0,0,0,2,3,6,0,0,324,5,2,1,81,female,standard,0,0
PAT-01764,injury,0,gradual,2_hours,chest,burning,0,stable,0,0,0,0,0,0,0,0,0,0,160,60,97,22,99.5,91,2,10.7,10.6,207873,142.3,4.0,1.8,249,0.908,39,2.8,2.6,0,0,0,1,0,0,0,3,6,5,0,0,161,2,3,1,54,unknown,standard,0,0
PAT-01765,shortness_of_breath,3,chronic,1_week,head,sharp,0,improving,1,0,0,0,0,0,0,0,0,1,108,100,56,21,98.9,92,0,9.9,8.8,265276,142.0,4.3,1.17,83,0.271,774,0.8,2.2,0,1,0,0,0,0,0,3,6,6,1,0,261,3,1,1,32,unknown,standard,2,0
PAT-01766,other,8,sudden,1_month,head,aching,0,stable,0,0,0,1,0,0,1,0,0,0,170,98,85,24,100.8,89,8,15.6,14.1,263373,133.2,4.3,0.94,171,0.168,391,1.0,1.8,0,1,0,0,0,0,0,0,4,9,0,0,197,6,0,0,49,female,standard,2,0
PAT-01767,fever,4,chronic,2_hours,leg,burning,1,fluctuating,0,0,0,0,0,0,0,0,0,0,123,62,58,26,98.0,88,4,16.0,14.8,176619,145.1,4.9,1.31,256,0.221,333,0.9,2.4,1,0,1,0,0,0,0,4,0,6,0,0,303,0,0,1,75,unknown,standard,0,0
PAT-01768,abdominal_pain,0,gradual,1_week,chest,aching,0,stable,0,0,0,0,0,0,0,0,0,0,145,88,101,13,103.0,96,4,5.3,12.9,181312,142.8,4.3,2.19,192,0.116,827,3.5,2.9,1,0,0,1,0,0,0,2,5,3,0,0,357,2,2,1,77,female,standard,0,0
PAT-01769,injury,4,gradual,1_hour,leg,throbbing,0,fluctuating,0,0,0,0,0,0,0,0,0,0,107,95,99,15,98.3,90,2,16.7,15.8,246363,138.5,5.1,1.08,229,1.129,794,4.2,2.4,0,0,1,1,0,0,0,4,3,11,0,0,100,7,2,1,25,unknown,standard,0,0
PAT-01770,shortness_of_breath,7,chronic,2_hours,leg,throbbing,0,worsening,0,0,0,0,0,0,0,0,0,1,156,100,119,17,101.9,93,7,7.5,15.2,312258,139.0,4.3,3.36,203,1.023,440,1.4,2.5,1,1,0,1,0,0,0,0,6,7,0,1,108,1,2,1,70,female,standard,1,0
PAT-01771,chest_pain,7,gradual,1_hour,arm,throbbing,0,improving,0,0,0,0,0,0,0,0,0,0,163,55,120,14,99.1,96,7,13.2,12.7,367494,143.3,3.3,1.31,84,0.113,787,2.3,1.2,1,1,0,0,0,0,0,1,3,0,0,0,278,7,2,1,62,unknown,standard,0,0
PAT-01772,chest_pain,4,sudden,1_hour,leg,throbbing,0,improving,0,0,0,0,0,0,0,0,0,0,123,57,60,20,98.6,88,0,13.8,14.3,129313,137.7,3.5,3.03,215,0.815,432,1.1,2.5,1,0,1,0,0,0,0,0,3,0,0,0,268,6,1,1,25,unknown,standard,0,0
PAT-01773,abdominal_pain,8,chronic,1_month,unknown,dull,1,worsening,0,0,0,1,0,0,0,0,0,0,156,92,61,16,100.7,99,3,7.6,10.8,243695,137.7,4.9,2.99,231,0.298,95,3.8,3.2,0,0,0,0,0,0,0,0,2,1,0,0,29,4,1,1,81,female,standard,1,0
PAT-01774,headache,0,sudden,2_hours,generalized,throbbing,0,fluctuating,0,0,0,0,0,0,0,0,0,0,95,81,105,16,102.0,92,5,7.9,13.4,149821,140.1,4.2,1.1,185,0.026,368,1.2,3.1,0,1,0,0,0,0,0,0,5,7,0,0,337,5,3,1,20,unknown,standard,0,1
PAT-01775,injury,3,chronic,1_hour,leg,unknown,0,improving,0,1,0,0,0,0,1,0,0,0,126,67,122,26,101.8,91,8,13.7,16.3,133558,131.4,4.3,2.69,79,0.354,439,2.5,1.8,1,1,0,0,0,0,0,3,1,7,0,0,116,6,3,1,81,female,standard,2,0
PAT-01776,other,2,gradual,1_month,arm,throbbing,1,stable,0,0,0,0,0,0,0,0,0,0,109,97,72,18,98.7,90,1,6.0,14.8,212130,139.3,5.4,3.01,277,0.531,566,2.7,2.9,0,1,0,0,0,0,0,2,2,6,0,1,154,4,3,1,70,unknown,standard,0,0
PAT-01777,back_pain,1,chronic,1_month,generalized,unknown,0,fluctuating,1,0,0,0,0,0,0,0,0,0,118,101,95,20,99.3,89,6,15.9,11.2,273784,133.6,4.5,3.18,127,0.029,638,2.3,2.3,1,0,0,1,0,0,0,1,1,3,0,0,324,3,3,0,55,unknown,standard,1,0
PAT-01778,chest_pain,7,chronic,2_hours,head,dull,1,improving,1,0,0,0,0,0,0,0,0,0,106,104,123,24,102.7,90,9,6.7,15.9,245394,131.9,3.5,3.37,165,0.392,681,0.8,1.2,0,0,1,0,0,0,0,4,4,1,0,0,195,3,1,1,72,female,standard,1,0
PAT-01779,other,6,sudden,1_month,abdomen,throbbing,0,worsening,0,0,0,0,0,0,0,0,0,0,86,73,79,12,101.8,88,0,8.6,15.0,348653,143.0,4.2,3.3,241,0.842,293,3.1,3.1,1,1,0,1,0,0,0,1,5,1,0,0,258,2,2,1,71,female,standard,0,0
PAT-01780,other,8,gradual,2_hours,back,burning,0,fluctuating,0,0,0,0,1,0,0,0,0,0,135,73,110,20,101.7,88,9,7.4,8.3,412409,136.1,4.5,1.57,254,0.278,460,3.8,2.3,1,1,0,0,0,0,0,3,2,11,0,0,34,7,3,1,53,male,standard,1,0
PAT-01781,fever,1,sudden,2_hours,leg,burning,0,improving,1,0,0,0,0,0,0,0,0,1,100,60,55,13,98.9,95,3,7.1,14.3,397110,138.0,3.3,1.45,177,0.584,105,0.9,1.1,0,1,0,0,0,0,0,3,0,9,0,0,200,5,0,0,60,male,standard,2,0
PAT-01782,other,3,gradual,1_day,unknown,pressure,1,worsening,0,0,0,0,0,0,0,0,0,0,95,101,109,14,102.2,92,9,17.7,16.3,398159,134.7,4.0,1.81,120,1.066,614,3.2,2.2,0,1,1,0,0,0,0,4,4,5,0,1,296,0,1,0,49,unknown,standard,0,0
PAT-01783,other,5,sudden,1_hour,generalized,burning,0,fluctuating,0,0,0,0,0,0,0,0,0,0,162,68,57,23,99.5,89,10,7.2,10.7,171058,130.5,5.4,2.0,163,0.039,565,3.6,2.6,0,0,0,0,0,0,1,3,2,8,0,0,63,7,0,1,77,male,standard,0,0
PAT-01784,fever,10,chronic,3_days,abdomen,sharp,0,stable,0,1,0,1,0,0,0,0,0,0,170,59,108,16,99.7,90,6,11.9,10.3,252334,137.1,4.9,1.35,113,0.944,476,1.2,1.4,0,1,0,0,0,0,0,4,0,4,0,0,286,3,1,1,37,unknown,standard,2,0
PAT-01785,chest_pain,2,sudden,2_hours,arm,sharp,1,fluctuating,1,0,0,0,0,0,0,0,0,0,153,97,86,21,99.0,89,2,14.3,13.4,202477,142.0,4.1,0.94,162,0.464,349,4.2,2.5,0,0,0,0,0,0,0,3,4,6,0,1,61,6,1,1,43,male,standard,1,0
PAT-01786,other,7,gradual,1_hour,abdomen,sharp,0,stable,1,0,0,1,0,0,0,0,0,0,171,99,56,23,98.0,97,2,4.1,8.9,182692,142.1,3.8,2.54,116,0.652,102,1.7,3.1,0,1,0,1,0,0,0,0,4,2,0,0,82,1,2,1,36,male,standard,2,0
PAT-01787,headache,2,gradual,1_month,back,dull,0,fluctuating,0,0,0,0,0,0,0,0,0,1,146,99,119,15,99.8,89,3,16.3,13.7,224774,144.8,3.9,1.19,250,0.281,633,1.7,1.4,0,0,0,1,0,0,0,3,0,5,0,0,147,4,2,1,35,female,standard,1,0
PAT-01788,headache,1,chronic,1_week,unknown,burning,0,worsening,0,0,0,0,0,1,0,0,0,0,103,90,62,16,97.3,91,7,5.7,9.9,263425,143.4,5.1,3.26,105,0.697,540,2.6,2.0,0,0,1,0,0,0,0,4,5,8,0,0,39,1,3,0,47,unknown,standard,1,0
PAT-01789,shortness_of_breath,2,gradual,2_hours,abdomen,unknown,0,stable,0,0,0,0,0,0,0,0,0,0,113,63,112,24,100.1,99,2,12.0,11.8,200184,145.7,4.1,1.51,145,0.878,838,3.5,1.6,1,0,0,0,0,0,0,4,5,3,0,0,208,1,3,0,53,female,standard,0,0
PAT-01790,fever,10,sudden,1_month,unknown,sharp,0,stable,0,0,0,0,0,0,0,0,0,0,126,77,107,21,101.8,91,7,12.8,15.6,193583,139.1,5.1,1.25,149,0.246,559,2.3,1.8,0,0,0,0,0,0,0,4,0,3,1,0,136,1,0,1,59,female,standard,0,0
PAT-01791,shortness_of_breath,5,chronic,1_month,generalized,pressure,0,fluctuating,0,0,0,0,0,0,0,0,0,0,107,86,98,16,103.3,94,9,12.6,14.8,304094,130.8,5.3,1.24,99,0.415,241,2.6,2.8,0,0,0,1,0,0,0,2,3,3,0,1,80,5,0,1,41,male,standard,0,0
PAT-01792,fever,1,gradual,1_month,abdomen,dull,1,improving,0,0,0,0,0,0,0,0,0,0,144,83,82,23,97.7,89,8,14.1,8.9,303819,143.8,4.3,1.51,206,0.683,812,2.8,2.8,0,1,0,0,0,0,0,1,6,2,0,0,292,4,3,1,50,female,standard,0,0
PAT-01793,injury,7,gradual,1_month,unknown,pressure,0,stable,0,0,0,0,0,0,0,0,0,0,157,99,73,16,99.0,96,7,17.0,14.5,168064,145.2,5.4,2.41,102,0.503,229,3.5,0.9,1,1,0,1,0,0,1,1,2,8,0,0,301,1,3,1,51,male,standard,0,0
PAT-01794,injury,0,sudden,1_month,abdomen,burning,0,fluctuating,0,0,0,0,0,0,0,0,0,0,102,82,110,25,100.3,94,7,16.9,11.5,402798,137.4,3.9,3.44,76,0.355,455,2.9,1.2,0,0,0,0,0,0,0,0,5,10,0,0,101,2,2,1,80,male,standard,0,0
PAT-01795,other,6,sudden,2_hours,abdomen,throbbing,1,worsening,1,0,0,0,0,0,0,0,0,0,165,94,74,25,98.3,91,8,11.9,16.5,328092,131.8,3.8,2.06,100,0.545,557,1.2,1.7,0,1,1,0,1,0,0,4,6,4,0,0,14,7,3,0,67,unknown,standard,1,0
PAT-01796,back_pain,1,chronic,3_days,chest,pressure,0,fluctuating,0,0,0,0,0,1,0,0,1,0,139,65,110,21,97.9,99,3,8.9,10.5,172864,130.4,3.4,2.38,146,0.353,166,2.8,1.6,1,0,1,1,0,0,1,2,1,3,1,0,349,1,2,0,26,unknown,standard,2,0
PAT-01797,injury,9,gradual,1_day,leg,throbbing,0,fluctuating,0,0,0,0,0,0,0,0,0,0,102,73,89,21,100.0,94,2,8.2,12.0,237497,139.8,3.8,3.06,245,0.366,238,1.4,1.1,1,1,0,0,0,0,0,2,5,2,0,0,47,2,3,1,52,unknown,standard,0,0
PAT-01798,back_pain,5,sudden,1_month,arm,dull,0,stable,0,0,0,0,0,0,0,0,1,0,111,55,73,21,100.9,97,7,16.4,10.9,232821,140.7,5.0,1.64,240,0.735,87,2.2,2.5,1,0,0,0,0,0,0,2,0,4,0,0,303,2,0,1,51,female,standard,1,0
PAT-01799,injury,1,chronic,1_month,back,pressure,0,improving,0,0,0,0,0,0,0,0,0,0,169,63,117,16,102.4,98,0,15.9,13.0,370690,130.3,4.1,1.2,95,0.575,324,3.7,2.4,1,0,0,0,0,0,1,4,1,4,0,0,236,7,2,0,49,unknown,standard,0,0
PAT-01800,abdominal_pain,1,gradual,1_day,arm,pressure,1,worsening,0,0,1,0,0,0,0,0,0,0,85,56,61,22,103.5,88,9,7.8,10.3,163903,145.2,3.5,1.91,124,0.814,45,1.0,1.5,0,0,0,1,0,0,0,2,5,5,0,0,324,7,1,1,55,female,standard,1,0
PAT-01801,injury,9,gradual,2_hours,chest,aching,0,stable,1,0,0,0,0,0,0,0,0,0,98,58,81,13,102.1,94,0,5.7,15.8,291313,138.7,3.4,1.59,91,1.006,832,1.9,1.7,0,1,0,0,0,0,0,2,6,4,0,0,318,6,3,1,72,unknown,standard,1,0
PAT-01802,shortness_of_breath,7,chronic,1_hour,chest,dull,0,stable,0,0,0,0,0,0,0,0,0,0,143,83,93,22,98.6,93,3,16.0,13.2,160547,139.8,4.3,3.13,104,1.132,342,2.6,2.0,0,0,1,0,0,0,0,1,3,7,0,0,53,3,1,0,62,male,standard,0,0
PAT-01803,chest_pain,1,chronic,1_week,generalized,dull,0,stable,0,0,0,0,0,0,0,0,1,1,162,58,84,12,101.9,96,9,12.3,16.0,235546,139.0,4.4,3.44,117,0.186,648,3.7,1.0,0,0,0,1,0,0,0,3,6,11,0,0,83,7,2,1,19,female,standard,2,0
PAT-01804,other,6,sudden,1_week,chest,sharp,0,worsening,0,0,0,0,0,0,0,0,0,0,117,55,77,21,100.6,95,2,8.0,13.8,399667,135.1,5.0,2.63,112,0.753,119,3.4,1.3,0,1,0,0,0,1,0,3,5,1,0,0,132,5,2,1,82,unknown,standard,0,0
PAT-01805,shortness_of_breath,2,gradual,1_hour,leg,burning,0,improving,0,0,0,1,0,0,0,0,0,1,120,82,77,22,100.0,89,9,12.4,9.6,275299,144.4,4.8,2.53,199,0.701,666,2.1,2.4,0,0,0,0,0,0,0,3,1,4,0,0,274,3,0,1,72,unknown,standard,2,0
PAT-01806,chest_pain,7,gradual,2_hours,chest,pressure,0,worsening,0,0,0,0,0,0,0,0,0,0,123,72,101,26,103.1,98,1,4.5,8.1,142254,130.1,3.6,2.7,133,1.041,797,2.4,2.0,0,0,0,1,1,0,0,4,0,1,0,0,15,1,3,1,57,female,standard,0,0
PAT-01807,headache,6,gradual,1_week,abdomen,pressure,0,worsening,0,0,0,0,0,0,0,0,0,0,160,100,102,19,101.6,90,8,6.3,11.5,226662,142.0,3.8,2.01,133,1.076,512,3.6,2.3,0,1,0,0,0,0,0,0,5,2,0,0,335,3,2,1,59,male,standard,0,0
PAT-01808,shortness_of_breath,7,chronic,1_day,arm,unknown,1,improving,0,0,0,0,0,0,0,0,0,0,129,67,117,14,101.5,90,4,11.4,16.4,258249,135.8,4.8,2.46,118,0.914,727,3.8,3.1,0,1,0,1,0,0,0,0,2,4,0,0,276,3,2,1,21,female,standard,0,0
PAT-01809,headache,6,sudden,1_hour,head,dull,0,worsening,0,0,0,0,0,0,0,0,0,0,109,94,63,23,97.3,99,2,11.3,15.5,277657,133.0,3.6,0.9,150,0.717,681,2.5,2.6,1,0,0,0,0,0,0,1,1,11,0,0,302,3,3,1,61,unknown,standard,0,0
PAT-01810,back_pain,10,gradual,3_days,back,dull,0,fluctuating,1,0,0,0,0,0,0,0,0,0,99,60,77,27,102.6,93,8,7.1,15.2,147186,137.0,5.0,2.08,105,0.243,273,1.3,3.1,0,0,0,0,0,0,0,0,4,3,0,0,351,2,3,0,52,unknown,standard,1,0
PAT-01811,back_pain,5,chronic,2_hours,chest,burning,0,worsening,0,0,0,0,0,0,0,0,0,0,104,103,117,18,102.2,89,7,17.7,12.8,325127,133.2,4.7,1.63,239,0.336,489,2.4,2.3,1,0,0,0,0,0,0,0,5,9,0,0,183,5,1,0,22,unknown,standard,0,0
PAT-01812,abdominal_pain,6,gradual,1_hour,arm,dull,1,stable,1,0,0,0,0,1,0,0,1,0,118,97,101,19,99.1,98,3,9.5,8.8,395833,143.9,4.4,0.85,176,0.725,840,3.9,0.9,1,0,0,0,0,0,0,3,6,9,0,0,44,2,2,1,29,male,standard,3,0
PAT-01813,injury,4,sudden,1_week,generalized,throbbing,0,worsening,0,0,0,0,0,0,0,0,0,0,142,101,120,22,99.0,89,9,13.8,8.1,399348,142.7,4.7,2.23,121,0.172,48,2.8,1.1,0,0,0,1,0,0,0,3,1,6,0,0,100,5,2,0,47,unknown,standard,0,0
PAT-01814,shortness_of_breath,6,gradual,2_hours,chest,throbbing,0,stable,0,0,0,0,0,0,0,0,0,0,144,93,91,23,97.5,91,4,7.2,15.1,394228,143.7,3.4,1.71,273,0.225,146,3.4,2.5,0,1,0,1,0,0,0,4,3,8,0,0,278,3,1,1,18,female,standard,0,0
PAT-01815,headache,0,sudden,1_day,leg,aching,1,worsening,0,0,0,0,0,0,0,0,0,0,162,76,92,17,97.5,88,10,9.7,9.5,304718,143.4,4.5,2.35,273,1.094,210,0.7,1.6,1,0,0,0,0,0,0,0,3,10,0,0,241,5,2,1,78,unknown,standard,0,0
PAT-01816,chest_pain,0,sudden,2_hours,chest,throbbing,1,stable,0,1,0,0,0,0,0,0,0,0,114,84,55,25,101.4,88,4,15.6,8.7,149108,143.2,4.2,2.14,237,1.148,720,2.9,1.9,0,0,0,0,0,0,0,4,0,0,0,0,190,0,0,1,44,male,standard,1,0
PAT-01817,back_pain,8,gradual,2_hours,chest,throbbing,0,stable,0,0,0,0,0,0,0,0,0,0,97,81,102,17,98.4,88,7,15.8,14.0,349332,139.3,4.4,1.47,228,0.011,843,2.8,2.5,0,0,0,0,0,0,0,2,2,5,0,0,250,3,2,1,19,male,standard,0,0
PAT-01818,injury,4,gradual,1_day,unknown,burning,0,stable,0,0,0,0,0,0,1,0,0,0,162,62,89,22,103.0,92,6,5.5,8.0,327657,144.4,4.0,2.21,258,1.036,140,2.3,1.7,1,0,0,0,0,0,0,1,1,4,0,0,82,2,0,0,20,female,standard,1,0
PAT-01819,back_pain,4,sudden,1_month,unknown,pressure,0,improving,0,0,0,0,0,0,0,0,0,0,174,97,107,14,102.5,96,2,8.6,14.3,144308,130.9,4.3,1.76,201,1.126,255,3.0,2.9,0,0,1,0,0,0,0,1,5,1,0,0,270,7,1,1,32,unknown,standard,0,0
PAT-01820,chest_pain,2,chronic,1_day,chest,throbbing,1,worsening,0,0,0,0,0,0,0,0,0,0,151,82,79,20,99.4,91,5,6.4,9.6,139162,134.6,5.2,3.28,117,0.633,844,3.7,1.8,0,1,0,0,0,1,1,2,0,3,0,0,133,0,1,1,19,unknown,standard,0,0
PAT-01821,injury,4,sudden,2_hours,generalized,aching,0,worsening,0,0,0,0,0,0,0,0,0,0,173,56,96,14,99.6,95,5,16.4,10.7,397277,133.4,4.0,1.75,221,0.541,56,3.9,1.0,1,0,0,1,1,0,0,1,2,10,0,0,321,7,3,0,22,male,standard,0,0
PAT-01822,injury,2,gradual,1_day,unknown,dull,1,fluctuating,0,0,0,0,1,0,0,0,1,0,129,74,77,24,99.3,94,1,14.4,9.5,155450,131.9,3.3,0.81,224,1.103,288,1.5,3.2,0,0,0,0,0,0,0,0,3,11,0,1,147,1,3,1,66,male,standard,2,0
PAT-01823,headache,8,gradual,1_month,chest,throbbing,0,fluctuating,0,0,0,0,0,0,0,0,0,0,124,65,63,16,97.8,93,0,11.7,14.6,345805,130.1,3.8,2.84,259,0.014,244,2.4,2.0,0,1,0,0,0,0,1,4,1,1,0,0,283,0,1,0,63,female,standard,0,0
PAT-01824,headache,8,chronic,1_hour,back,aching,0,fluctuating,0,0,0,0,0,0,0,0,0,0,164,68,81,17,97.4,96,6,12.9,12.1,317096,136.4,4.2,3.4,139,1.009,66,1.7,1.7,1,1,0,1,0,0,0,0,0,8,0,0,58,0,3,1,70,female,standard,0,0
PAT-01825,shortness_of_breath,5,sudden,1_day,arm,burning,0,worsening,0,0,1,1,0,0,0,0,0,0,122,78,105,26,100.0,97,2,16.8,9.4,211900,141.6,4.4,1.17,197,0.359,518,2.1,3.0,1,0,0,0,0,0,0,1,6,10,0,1,350,7,2,1,60,unknown,standard,2,0
PAT-01826,shortness_of_breath,0,sudden,1_day,unknown,unknown,0,improving,0,0,0,0,0,0,0,0,0,0,159,67,111,26,103.1,88,4,7.9,8.3,315064,140.3,4.2,3.42,236,0.771,475,2.4,2.9,0,0,1,0,1,0,0,0,1,9,1,0,328,1,1,1,57,female,standard,0,0
PAT-01827,fever,6,sudden,2_hours,unknown,unknown,0,stable,0,0,0,0,0,0,0,0,1,0,131,62,90,24,103.0,94,7,3.7,16.4,299278,140.4,5.1,2.43,124,0.391,500,3.4,1.0,1,1,0,0,0,0,0,1,1,6,1,0,158,0,2,1,61,female,standard,1,0
PAT-01828,other,6,gradual,1_hour,leg,unknown,0,worsening,0,1,0,0,0,0,0,0,0,0,172,98,88,12,102.3,96,4,3.9,14.1,370605,144.2,5.3,3.07,234,0.63,723,3.9,2.8,0,0,0,0,0,0,0,4,4,3,0,0,131,2,0,1,38,male,standard,1,0
PAT-01829,fever,9,sudden,3_days,chest,dull,1,improving,0,0,0,0,0,0,0,0,1,1,113,75,67,22,101.2,97,10,4.2,13.8,309806,145.3,4.3,2.02,127,0.971,372,2.7,2.0,1,1,1,1,0,0,0,1,3,4,0,0,224,2,2,0,47,male,standard,2,0
PAT-01830,abdominal_pain,9,chronic,3_days,chest,aching,0,improving,1,0,0,0,0,0,0,0,1,1,118,76,109,20,102.6,89,4,5.4,12.3,186874,140.9,3.4,2.44,125,0.222,451,4.2,2.4,0,0,0,0,0,0,0,2,5,4,0,0,115,1,3,0,21,male,standard,3,0
PAT-01831,back_pain,3,gradual,1_week,chest,throbbing,0,worsening,0,0,1,0,0,0,0,0,0,0,95,63,100,18,100.4,91,4,11.8,11.7,284973,131.4,4.2,3.05,94,0.798,507,2.6,1.2,0,0,0,0,0,0,0,1,6,5,1,0,175,5,2,1,78,female,standard,1,0
PAT-01832,shortness_of_breath,7,gradual,1_day,chest,pressure,0,stable,0,0,0,0,0,0,0,0,0,0,104,96,106,22,98.3,92,10,17.7,14.8,229417,140.8,3.6,3.45,260,1.079,622,3.5,2.4,0,1,0,0,0,0,0,2,2,0,0,1,65,1,2,1,57,male,standard,0,0
PAT-01833,headache,5,sudden,1_day,unknown,dull,0,improving,0,0,0,0,0,0,0,0,0,0,104,97,82,23,101.5,98,6,9.6,15.0,314111,138.9,3.9,1.22,166,1.082,513,1.1,1.4,0,1,1,0,0,0,0,4,3,6,1,1,81,7,1,0,50,male,standard,0,0
PAT-01834,chest_pain,3,chronic,1_hour,abdomen,dull,0,worsening,0,1,0,0,0,0,0,0,0,0,157,65,84,12,103.0,92,1,13.8,8.5,222955,131.0,5.1,3.22,119,1.073,677,0.6,1.2,0,1,0,0,0,0,0,1,0,11,0,1,20,4,2,0,54,female,standard,1,0
PAT-01835,headache,3,gradual,1_month,abdomen,unknown,0,stable,0,0,0,0,0,0,0,0,0,0,140,70,99,17,97.3,98,0,15.0,15.3,381901,134.1,4.4,2.57,252,0.625,137,0.7,1.2,1,0,1,0,0,0,0,4,5,2,1,0,270,6,2,1,25,male,standard,0,0
PAT-01836,back_pain,1,gradual,3_days,head,pressure,1,fluctuating,0,0,0,0,0,0,0,0,1,0,107,104,92,18,98.8,94,10,15.1,14.5,228952,133.8,5.1,3.35,198,0.922,192,3.8,1.6,0,1,0,1,0,0,0,3,6,9,0,0,315,0,1,0,49,male,standard,1,0
PAT-01837,fever,1,sudden,1_week,chest,unknown,0,improving,1,1,0,0,1,0,0,0,0,0,172,63,74,16,98.9,97,3,9.9,12.1,123162,142.4,5.5,1.59,189,0.539,256,0.9,3.2,0,1,0,0,0,0,0,3,3,7,1,0,47,5,3,0,42,unknown,standard,3,0
PAT-01838,headache,3,sudden,1_hour,head,dull,0,improving,1,0,0,0,0,0,0,0,0,0,109,57,124,24,97.8,95,4,11.5,12.0,169390,135.5,4.5,1.38,166,0.555,764,2.8,1.0,0,0,0,0,0,0,0,1,0,0,0,1,306,7,0,1,24,female,standard,1,0
PAT-01839,other,4,chronic,1_day,back,throbbing,0,worsening,0,0,0,0,0,0,0,0,0,0,173,90,101,16,98.6,96,6,8.3,15.1,340459,138.0,5.3,1.72,210,0.344,43,2.7,1.7,0,0,0,0,0,0,1,3,3,4,0,1,325,6,0,1,34,unknown,standard,0,0
PAT-01840,abdominal_pain,7,sudden,3_days,head,unknown,0,worsening,0,0,0,0,0,0,0,0,0,0,117,96,113,18,99.6,92,0,13.5,14.7,258482,142.6,4.8,3.18,185,0.346,105,3.4,2.1,1,0,0,1,0,0,0,0,0,8,0,0,132,1,3,1,56,male,standard,0,0
PAT-01841,back_pain,5,chronic,1_week,arm,unknown,0,stable,0,0,0,0,0,0,1,0,0,0,115,67,68,14,103.1,89,8,9.1,9.2,127120,145.0,3.4,1.99,95,0.05,590,1.7,1.4,0,1,0,0,0,0,0,0,0,0,1,0,218,7,2,1,83,unknown,standard,1,0
PAT-01842,fever,3,gradual,2_hours,abdomen,unknown,1,fluctuating,0,0,0,0,1,0,0,0,0,0,158,55,96,14,102.6,89,10,8.0,12.7,277774,138.6,4.2,3.36,92,0.64,786,1.9,3.1,0,1,1,0,0,0,0,2,1,0,1,0,64,3,3,1,45,male,standard,1,0
PAT-01843,other,10,chronic,3_days,abdomen,dull,1,fluctuating,0,1,0,0,0,0,0,0,0,0,163,98,115,12,103.2,92,9,12.6,16.2,396954,138.9,4.7,1.38,180,0.374,278,1.9,2.0,1,0,0,0,1,0,1,3,4,7,0,1,106,4,3,1,33,female,standard,1,0
PAT-01844,chest_pain,6,chronic,1_week,chest,throbbing,0,worsening,1,0,0,0,0,0,0,0,0,0,85,65,113,25,98.0,92,3,8.4,14.3,315069,131.5,4.8,1.32,89,0.229,86,1.2,2.5,0,0,0,0,0,0,0,2,5,4,0,0,160,5,0,1,53,male,standard,1,0
PAT-01845,fever,7,chronic,1_hour,unknown,pressure,0,worsening,0,0,0,0,0,0,0,0,0,1,138,78,62,19,97.4,92,5,9.4,16.3,169928,137.9,5.2,2.6,212,0.15,33,1.3,1.7,0,0,0,0,0,0,0,3,4,4,0,0,266,0,0,1,62,male,standard,1,0
PAT-01846,injury,1,gradual,2_hours,chest,sharp,1,stable,0,0,1,0,0,0,0,0,0,0,100,59,111,13,97.9,93,10,13.8,14.6,166780,141.0,4.7,1.52,137,0.42,115,1.3,1.3,0,1,0,0,0,1,0,0,6,5,0,0,96,2,2,0,46,male,standard,1,0
PAT-01847,other,6,sudden,1_week,back,pressure,0,worsening,1,0,0,0,0,0,0,0,0,0,169,56,76,26,103.0,99,0,15.9,12.5,205698,133.0,3.4,1.06,222,1.079,476,1.1,1.6,0,0,0,0,0,0,0,3,1,6,0,0,28,4,3,1,46,female,standard,1,0
PAT-01848,other,1,gradual,1_week,leg,throbbing,0,stable,0,0,0,0,0,0,0,0,0,0,143,71,75,14,98.2,95,8,9.8,13.1,381056,131.8,3.5,1.75,195,0.622,803,3.4,1.5,1,1,1,0,1,1,0,0,6,10,0,0,49,3,0,1,36,unknown,standard,0,0
PAT-01849,abdominal_pain,1,sudden,1_day,back,burning,0,stable,0,0,0,0,0,0,0,0,1,0,150,71,82,18,100.8,98,3,11.1,14.0,367493,143.8,4.0,1.45,136,0.671,236,2.8,2.8,0,1,1,0,0,0,0,0,4,8,0,0,237,2,0,1,75,unknown,standard,1,0
PAT-01850,back_pain,7,chronic,1_month,arm,unknown,0,fluctuating,0,0,0,0,0,0,0,0,0,0,87,74,103,21,98.6,92,4,14.3,14.2,291075,131.8,3.9,1.86,171,0.07,728,2.6,0.9,0,1,0,0,0,0,0,4,5,1,0,0,225,7,1,1,32,female,standard,0,0
PAT-01851,chest_pain,1,chronic,3_days,chest,pressure,1,stable,0,0,0,0,0,0,0,0,0,0,99,69,77,21,97.3,90,7,6.8,14.4,365442,144.6,3.7,1.22,254,0.626,209,3.0,3.0,0,1,0,0,0,0,0,0,2,5,1,0,74,2,1,1,39,female,standard,0,0
PAT-01852,abdominal_pain,10,chronic,1_day,chest,burning,0,fluctuating,0,0,0,0,0,0,0,0,0,1,116,58,108,22,97.7,96,5,9.5,15.9,196861,134.4,4.6,3.38,232,0.803,480,1.8,1.8,0,0,0,0,0,1,0,0,1,11,0,0,261,6,2,1,70,unknown,standard,1,0
PAT-01853,fever,8,chronic,2_hours,back,burning,0,fluctuating,0,0,0,1,0,0,0,0,0,0,134,65,77,27,101.7,91,9,15.3,10.6,247110,135.3,4.2,2.94,205,0.185,718,3.2,2.3,0,0,0,0,0,0,0,2,4,8,1,0,161,4,3,0,40,unknown,standard,1,0
PAT-01854,abdominal_pain,0,chronic,1_month,back,throbbing,0,fluctuating,0,0,0,0,0,0,0,0,0,0,144,77,122,19,98.3,99,2,16.5,15.1,399474,138.4,4.8,3.05,203,1.18,370,1.6,2.8,0,0,0,0,0,0,0,3,5,9,0,0,9,4,1,1,81,unknown,standard,0,0
PAT-01855,other,8,sudden,1_week,back,throbbing,1,worsening,1,0,0,0,0,0,0,0,0,0,172,55,100,20,98.6,95,9,12.9,12.8,167722,133.0,4.1,1.53,84,1.099,168,3.5,2.0,0,1,0,0,0,0,0,1,1,0,0,1,118,0,2,1,70,male,standard,1,0
PAT-01856,back_pain,0,sudden,1_day,abdomen,unknown,0,fluctuating,0,1,0,0,0,0,0,0,0,0,92,96,122,25,99.6,96,7,9.2,15.5,257970,141.0,3.8,3.1,123,1.192,443,2.8,1.1,0,0,1,0,0,0,0,1,1,5,0,0,253,2,0,1,58,male,standard,1,0
PAT-01857,shortness_of_breath,9,chronic,1_month,head,sharp,0,stable,0,0,0,0,0,0,0,0,0,0,91,104,82,19,101.3,98,5,12.3,13.4,252196,138.4,4.5,2.35,139,0.436,848,3.6,2.1,0,1,0,0,0,0,0,0,1,6,0,1,272,4,0,1,62,male,standard,0,0
PAT-01858,abdominal_pain,9,gradual,3_days,head,aching,0,worsening,0,0,0,0,0,0,0,0,0,0,88,101,104,18,100.2,94,1,6.1,15.9,211360,145.1,3.4,0.86,235,0.988,70,0.8,1.2,0,0,0,0,0,1,0,3,4,4,1,0,58,1,1,1,63,male,standard,0,0
PAT-01859,injury,1,gradual,2_hours,chest,dull,0,stable,0,0,0,0,0,0,0,0,0,0,94,58,117,21,103.2,90,4,3.9,11.6,332249,144.6,5.5,1.13,197,0.398,732,3.6,2.8,0,0,0,0,0,0,0,4,5,10,0,0,254,6,1,1,27,female,standard,0,0
PAT-01860,abdominal_pain,5,chronic,1_hour,abdomen,pressure,0,worsening,0,0,0,0,0,0,0,0,0,0,144,92,64,12,99.9,97,2,4.6,8.8,374506,142.3,4.7,1.95,167,0.9,104,1.0,2.4,0,0,1,0,0,0,0,1,4,2,0,0,75,1,3,1,47,female,standard,0,0
PAT-01861,fever,5,sudden,1_day,back,throbbing,0,stable,1,0,0,0,0,0,0,0,1,0,109,56,91,12,98.5,98,3,5.1,13.5,317996,133.0,3.5,1.8,237,1.138,220,3.0,2.3,0,1,0,0,1,0,0,2,5,6,1,0,74,4,0,1,52,male,standard,2,0
PAT-01862,fever,0,gradual,2_hours,chest,pressure,0,improving,1,0,0,0,0,0,0,0,1,0,126,99,67,25,100.6,93,8,6.8,14.6,272598,133.4,4.6,2.93,239,0.19,29,1.4,0.9,0,0,1,0,0,0,0,2,2,0,0,0,231,4,0,1,66,male,standard,2,0
PAT-01863,chest_pain,6,gradual,1_hour,abdomen,aching,0,improving,0,0,0,0,0,1,0,0,0,0,131,81,124,22,100.0,94,2,10.2,13.9,320255,134.3,3.4,3.15,253,0.173,511,0.8,3.1,0,1,0,0,0,0,0,2,1,6,0,0,158,0,0,1,43,male,standard,1,0
PAT-01864,fever,7,gradual,1_day,arm,aching,1,improving,1,0,0,0,0,0,0,0,0,0,116,88,84,19,102.2,99,4,6.9,14.2,169991,143.3,4.4,3.12,128,0.13,287,1.5,1.2,0,1,0,0,0,1,0,4,4,0,0,0,261,5,0,1,26,unknown,standard,1,0
PAT-01865,headache,1,chronic,2_hours,leg,unknown,0,stable,0,1,0,0,0,0,0,0,0,0,158,67,65,25,103.1,94,7,12.0,8.2,285046,140.4,3.9,1.75,137,0.959,231,2.1,1.3,0,0,0,1,0,0,0,4,2,5,0,0,159,4,0,1,20,female,standard,1,0
PAT-01866,back_pain,7,gradual,2_hours,abdomen,burning,0,worsening,0,0,0,0,0,0,0,0,0,0,157,101,55,18,102.5,95,8,18.0,16.2,243535,132.8,4.8,2.48,120,0.802,517,1.1,3.2,0,0,0,0,0,0,0,4,3,9,0,0,224,1,3,1,52,female,standard,0,0
PAT-01867,back_pain,8,gradual,1_month,generalized,unknown,0,fluctuating,0,0,0,0,0,0,0,0,0,0,109,72,72,13,99.7,97,6,10.7,10.2,260919,137.3,4.3,2.09,248,0.629,467,1.0,1.1,0,0,0,0,0,0,0,3,2,0,0,0,163,4,3,1,59,unknown,standard,0,0
PAT-01868,shortness_of_breath,5,gradual,1_day,chest,dull,0,fluctuating,1,0,0,0,0,0,0,0,0,0,173,65,65,20,98.6,92,10,14.5,11.5,202470,145.6,5.0,3.19,195,0.93,403,4.2,2.6,0,0,0,0,0,0,0,3,6,6,0,0,185,7,2,0,44,female,standard,1,0
PAT-01869,shortness_of_breath,4,gradual,2_hours,unknown,sharp,0,stable,0,0,0,0,0,0,1,0,0,0,100,59,64,21,103.0,92,3,7.7,11.6,178664,141.7,3.7,3.19,252,1.021,274,0.9,1.1,0,0,1,0,0,0,0,3,4,10,0,0,120,4,0,0,49,female,standard,1,0
PAT-01870,back_pain,8,sudden,1_week,head,pressure,1,stable,0,0,0,0,1,0,0,0,0,0,133,83,102,18,99.6,89,8,17.5,15.7,411403,144.9,4.7,0.85,81,1.14,442,1.3,2.6,0,0,0,0,0,1,0,4,3,3,0,0,52,2,1,1,26,female,standard,1,0
PAT-01871,injury,10,chronic,1_day,generalized,dull,1,stable,0,0,0,0,0,0,0,0,0,0,100,79,115,26,102.1,99,1,7.1,14.3,295048,142.9,4.8,2.3,158,0.245,372,1.5,2.9,1,0,0,0,0,1,1,1,0,9,0,0,142,2,0,1,84,unknown,standard,0,0
PAT-01872,shortness_of_breath,8,chronic,2_hours,back,sharp,0,stable,0,0,0,0,1,0,0,0,0,0,122,68,64,20,103.4,98,1,12.2,13.3,205899,141.6,4.3,2.11,202,0.533,211,1.7,1.7,0,1,0,0,0,0,0,1,6,10,0,0,160,4,1,1,26,unknown,standard,1,0
PAT-01873,chest_pain,0,sudden,1_month,leg,pressure,0,fluctuating,0,0,0,0,0,0,0,0,0,0,89,102,114,22,100.8,89,3,17.8,9.0,395735,143.3,5.2,2.86,263,1.108,218,1.1,1.6,0,1,0,1,0,0,0,1,4,4,0,0,272,7,3,1,44,female,standard,0,0
PAT-01874,fever,10,sudden,1_hour,unknown,dull,0,worsening,0,0,0,0,0,0,0,0,0,0,91,100,76,26,100.2,91,1,15.2,10.7,302319,141.1,3.5,1.25,86,0.556,276,3.6,3.0,0,0,0,0,0,0,0,3,2,0,0,0,275,5,3,1,49,unknown,standard,0,0
PAT-01875,back_pain,2,chronic,1_hour,arm,throbbing,0,fluctuating,0,0,0,0,0,0,0,0,0,0,161,95,63,12,101.6,94,2,17.9,12.2,365964,139.1,4.9,2.65,148,0.588,33,3.9,1.1,0,0,0,0,0,0,0,3,3,10,0,0,70,1,2,1,82,unknown,standard,0,0
PAT-01876,other,8,gradual,1_week,unknown,pressure,0,stable,0,0,0,0,1,0,0,0,0,0,92,92,69,22,98.4,95,4,9.0,9.0,397090,141.8,3.5,2.77,112,1.131,424,2.6,1.7,0,1,1,0,0,0,0,1,1,7,0,0,342,7,1,0,39,unknown,standard,1,0
PAT-01877,shortness_of_breath,10,gradual,1_day,leg,dull,0,improving,0,0,0,0,0,0,0,0,0,0,117,95,91,14,100.3,90,2,4.6,12.9,395405,133.7,3.6,0.77,169,0.883,704,2.6,2.4,0,0,0,0,0,0,0,4,2,10,1,0,121,7,2,1,67,male,standard,0,0
PAT-01878,back_pain,1,chronic,1_month,unknown,aching,1,fluctuating,1,1,0,0,0,0,0,0,1,0,146,91,124,21,99.2,88,0,7.0,9.8,121985,137.8,3.7,1.91,241,0.665,731,4.2,2.5,1,1,0,0,0,0,0,1,4,3,0,0,194,3,2,1,19,female,standard,3,0
PAT-01879,headache,3,gradual,2_hours,leg,sharp,0,improving,0,0,0,0,0,0,0,0,0,0,158,65,98,13,98.2,91,10,17.4,15.0,326773,145.2,4.7,3.44,223,0.432,593,3.8,1.9,0,0,0,0,0,0,0,1,2,4,0,0,304,3,3,0,43,male,standard,0,0
PAT-01880,abdominal_pain,3,sudden,2_hours,abdomen,dull,0,improving,0,0,0,1,0,0,0,0,0,0,168,98,123,17,101.0,93,2,8.9,15.0,230356,142.9,4.7,1.54,225,1.099,576,2.1,2.9,1,1,0,0,1,0,0,0,6,0,0,0,175,4,2,1,30,male,standard,1,0
PAT-01881,fever,1,gradual,1_hour,chest,throbbing,1,stable,0,0,0,0,0,0,0,0,0,0,116,86,57,21,100.8,93,5,5.3,13.1,414558,144.8,4.2,3.18,246,0.016,457,3.3,2.9,0,1,0,0,0,0,0,3,1,0,0,0,27,6,0,0,25,unknown,standard,0,0
PAT-01882,back_pain,2,gradual,1_month,unknown,unknown,0,fluctuating,0,0,0,0,0,0,0,0,0,1,85,103,64,15,102.0,96,2,12.1,11.1,404991,145.5,3.9,2.34,246,0.389,402,1.6,2.8,1,0,0,0,0,0,0,0,0,6,0,0,10,4,0,1,80,female,standard,1,0
PAT-01883,abdominal_pain,2,gradual,1_week,unknown,pressure,0,worsening,1,0,1,0,0,0,0,0,1,0,104,60,58,13,102.7,94,8,10.8,8.4,378995,139.4,4.6,1.53,95,1.136,388,0.8,1.3,0,1,0,0,0,0,0,0,2,5,0,0,190,2,0,1,69,female,standard,3,0
PAT-01884,shortness_of_breath,0,chronic,1_hour,chest,pressure,0,fluctuating,0,0,0,0,0,0,0,0,1,0,139,60,110,13,98.6,99,2,4.4,13.3,287586,133.1,3.5,3.04,179,0.6,263,0.7,2.4,0,1,0,0,0,0,0,2,4,5,0,0,309,2,0,1,38,male,standard,1,0
PAT-01885,abdominal_pain,5,sudden,1_hour,leg,pressure,0,worsening,0,0,0,0,0,0,0,0,0,1,147,101,94,17,102.1,96,10,10.1,14.7,389455,141.9,4.6,3.47,166,0.751,175,2.5,2.9,0,1,0,0,0,0,0,0,3,6,0,0,199,7,2,1,74,unknown,standard,1,0
PAT-01886,fever,7,gradual,1_week,back,throbbing,1,worsening,0,0,1,0,0,0,0,0,0,0,162,103,87,20,99.5,97,2,12.7,14.7,236391,130.1,3.2,2.78,263,0.641,795,2.4,1.1,1,0,0,0,0,0,1,4,0,4,0,0,325,7,0,1,42,male,standard,1,0
PAT-01887,back_pain,2,chronic,1_day,chest,sharp,1,stable,0,0,0,0,0,0,0,0,1,0,163,76,87,17,101.2,98,2,6.9,12.1,131428,131.4,3.5,0.87,193,0.48,438,1.1,1.5,1,0,0,0,0,0,0,1,0,3,0,1,270,7,2,1,41,female,standard,1,0
PAT-01888,headache,4,gradual,2_hours,leg,pressure,1,worsening,0,0,0,0,0,0,0,0,0,0,90,57,114,27,102.6,92,4,5.3,9.2,172835,134.6,4.8,0.85,226,0.8,811,3.7,3.1,0,1,0,0,0,0,0,2,1,8,0,0,200,3,1,1,69,male,standard,0,0
PAT-01889,injury,0,sudden,1_day,chest,sharp,1,fluctuating,0,0,1,0,0,0,0,0,1,0,136,73,75,15,98.8,92,6,16.0,8.6,259237,130.2,5.2,2.08,181,0.921,26,2.7,2.0,1,0,0,0,0,0,0,4,0,8,0,0,361,2,0,1,63,male,standard,2,0
PAT-01890,shortness_of_breath,9,gradual,1_month,back,dull,0,fluctuating,0,0,0,0,0,0,0,0,0,0,86,88,123,23,101.0,92,4,12.6,8.5,154561,140.9,3.4,0.72,233,0.44,559,2.0,2.1,0,0,0,0,0,0,0,2,0,10,0,0,65,7,1,1,55,female,standard,0,0
PAT-01891,back_pain,6,sudden,3_days,arm,aching,1,improving,0,0,0,0,0,0,0,0,0,0,123,95,99,26,100.2,92,8,5.8,10.1,240942,143.1,4.7,2.59,79,0.711,109,2.4,1.7,1,0,0,1,1,0,0,2,0,2,0,0,145,5,2,1,80,male,standard,0,0
PAT-01892,fever,9,gradual,3_days,generalized,aching,1,worsening,1,1,0,0,0,0,0,0,0,0,116,95,111,20,102.2,91,5,12.6,9.2,349209,142.1,3.3,0.75,267,0.104,740,1.0,1.8,0,0,1,0,0,0,0,2,5,9,0,0,96,6,0,1,54,unknown,standard,2,0
PAT-01893,shortness_of_breath,0,sudden,3_days,leg,sharp,0,stable,0,1,0,0,0,0,0,0,0,0,135,61,94,13,101.6,93,0,14.2,9.4,223962,132.3,5.2,3.42,239,0.659,210,3.8,3.0,0,1,0,0,1,0,0,0,4,0,0,1,99,5,0,1,64,male,standard,1,0
PAT-01894,chest_pain,10,gradual,1_week,head,sharp,0,stable,0,0,0,0,0,0,0,0,0,0,153,70,118,17,102.0,99,8,12.2,13.9,142462,142.9,4.1,3.17,168,0.899,761,1.6,1.4,0,1,0,0,0,0,0,4,0,3,0,0,213,0,1,1,46,male,standard,0,0
PAT-01895,abdominal_pain,8,sudden,1_hour,head,aching,0,fluctuating,0,0,0,0,0,0,0,0,0,0,170,92,64,18,99.0,88,2,5.2,9.5,415595,143.3,4.9,2.98,106,0.704,537,1.2,1.5,0,0,0,0,0,0,0,2,5,3,1,0,149,4,2,1,32,female,standard,0,0
PAT-01896,injury,7,gradual,1_day,leg,pressure,0,worsening,0,0,0,0,0,0,0,1,0,0,116,63,120,24,101.6,89,7,5.3,13.9,372935,131.5,3.6,2.97,268,1.055,395,2.1,2.1,1,0,1,0,0,0,0,2,5,0,0,0,144,2,2,1,24,male,standard,1,0
PAT-01897,fever,6,gradual,2_hours,abdomen,burning,0,stable,0,0,0,0,0,0,0,0,0,1,87,67,119,14,101.0,96,2,4.2,11.0,218326,137.9,5.2,3.04,108,0.347,286,1.6,1.6,1,0,0,0,0,0,1,1,2,10,0,0,330,1,2,0,39,male,standard,1,0
PAT-01898,chest_pain,9,chronic,3_days,arm,burning,1,worsening,0,1,0,0,0,0,1,1,0,0,146,88,84,15,100.1,93,7,6.9,14.6,174917,141.0,4.2,1.92,103,0.593,57,1.7,3.0,0,0,0,0,0,0,0,0,0,8,0,0,177,5,1,1,49,male,standard,3,0
PAT-01899,other,6,chronic,1_day,abdomen,throbbing,1,worsening,0,0,0,0,0,0,0,0,0,0,97,100,89,18,99.6,93,3,4.4,9.4,178776,136.5,3.7,2.92,192,0.11,469,3.6,2.4,0,0,0,0,0,0,0,3,6,1,0,0,131,3,1,0,59,female,standard,0,0
PAT-01900,back_pain,4,sudden,3_days,generalized,unknown,0,improving,0,0,0,0,0,0,0,0,0,0,154,91,107,20,99.3,97,0,15.2,8.2,130680,144.2,4.5,1.73,207,0.842,466,2.6,2.1,0,1,1,0,0,0,0,4,1,6,1,0,118,5,2,1,80,female,standard,0,0
PAT-01901,headache,4,gradual,3_days,head,aching,0,stable,0,0,0,1,0,0,0,1,0,0,105,97,93,26,97.3,91,10,3.7,8.8,278777,138.5,3.9,3.08,232,0.534,51,4.0,2.3,1,1,0,0,0,0,1,1,0,9,0,0,172,5,0,1,18,unknown,standard,2,0
PAT-01902,shortness_of_breath,10,sudden,2_hours,back,aching,1,improving,0,0,0,0,0,0,0,1,0,0,145,101,76,16,98.3,92,5,11.9,16.2,339023,132.0,3.9,2.43,181,0.639,813,4.0,0.9,0,1,0,0,0,0,0,3,2,6,0,0,207,2,0,1,21,unknown,standard,1,0
PAT-01903,abdominal_pain,4,chronic,1_month,leg,throbbing,0,stable,1,0,0,0,0,0,0,0,0,0,98,60,121,22,97.6,96,6,15.2,12.6,277465,138.5,3.5,1.7,247,0.158,242,4.2,2.6,0,0,0,0,0,0,0,3,1,7,0,0,142,6,2,1,24,unknown,standard,1,0
PAT-01904,shortness_of_breath,0,sudden,1_month,generalized,burning,0,worsening,0,0,0,0,0,0,0,0,0,0,173,92,124,24,102.5,89,7,16.5,13.2,250035,139.2,3.7,2.79,220,1.197,819,1.1,1.7,0,1,1,0,0,0,0,4,4,9,0,0,232,2,1,1,81,female,standard,0,0
PAT-01905,injury,7,sudden,1_month,unknown,dull,0,stable,0,0,0,0,0,0,0,0,0,1,155,102,121,13,102.6,90,5,9.4,16.2,263821,145.3,5.0,1.38,152,0.927,182,3.8,2.3,0,0,0,0,0,0,0,4,1,0,0,0,87,1,2,1,84,male,standard,1,0
PAT-01906,back_pain,10,chronic,1_week,unknown,pressure,1,fluctuating,0,0,0,0,0,0,0,0,0,0,106,58,71,19,102.5,97,0,12.5,14.6,242874,136.8,4.4,3.4,239,0.484,661,1.7,2.8,1,1,1,1,0,0,0,3,2,2,1,1,6,2,1,1,29,female,standard,0,0
PAT-01907,shortness_of_breath,0,gradual,1_hour,chest,pressure,1,worsening,0,0,1,0,0,0,0,0,0,0,116,59,73,20,102.4,95,4,17.3,9.0,317359,144.3,4.0,2.56,85,0.686,692,2.9,1.7,1,1,0,0,0,0,0,0,1,11,0,0,316,1,2,1,21,female,standard,1,0
PAT-01908,abdominal_pain,3,sudden,1_week,head,dull,0,stable,1,0,0,0,0,0,0,0,0,0,125,60,114,22,98.6,96,8,13.2,11.6,193131,135.1,5.3,1.82,78,0.744,26,3.8,1.0,0,0,1,0,0,0,0,4,3,5,0,0,326,6,3,1,28,male,standard,1,0
PAT-01909,back_pain,8,chronic,1_day,arm,dull,0,improving,0,0,0,0,0,0,0,0,0,1,116,67,105,22,100.3,99,2,16.6,15.0,320034,137.2,5.0,2.24,187,1.153,232,0.9,0.9,1,0,0,1,0,0,0,2,2,0,1,0,257,0,2,1,83,unknown,standard,1,0
PAT-01910,shortness_of_breath,8,gradual,1_week,head,burning,1,improving,0,0,0,0,0,0,0,0,0,0,126,100,102,27,102.9,92,4,13.4,13.7,357875,140.8,3.9,2.77,120,0.923,620,1.1,2.9,0,0,1,1,0,0,0,0,1,10,0,0,17,0,2,0,75,male,standard,0,0
PAT-01911,headache,4,chronic,1_day,arm,throbbing,0,worsening,1,0,0,0,0,1,0,1,0,1,136,78,111,13,102.0,90,5,4.5,9.8,236556,144.2,3.5,2.93,198,0.423,99,3.2,2.2,1,1,0,0,0,0,0,4,0,6,0,0,44,7,3,1,34,male,standard,4,0
PAT-01912,fever,3,sudden,1_day,arm,dull,0,improving,0,0,0,0,0,0,0,0,0,0,165,82,64,21,97.2,88,4,6.4,14.8,407022,142.4,3.6,3.43,205,1.173,356,1.8,2.4,0,0,0,0,0,0,0,2,6,5,1,0,69,0,0,1,36,female,standard,0,0
PAT-01913,back_pain,2,gradual,1_hour,leg,throbbing,0,worsening,0,0,0,0,0,1,0,0,0,0,138,67,86,21,100.1,99,3,17.1,12.8,415623,132.5,4.8,1.29,127,0.366,372,3.0,2.3,0,1,0,0,0,0,0,4,1,0,1,0,210,2,0,1,33,male,standard,1,0
PAT-01914,fever,2,gradual,2_hours,arm,unknown,0,worsening,1,0,0,0,0,0,0,0,0,0,146,96,122,12,97.3,89,1,15.7,14.7,291161,133.1,4.5,2.11,226,0.694,378,1.0,1.3,1,0,0,0,0,0,0,4,0,11,0,0,148,0,1,1,36,unknown,standard,1,0
PAT-01915,other,4,chronic,1_hour,abdomen,sharp,0,worsening,0,0,0,0,1,0,0,0,0,0,169,103,82,15,99.0,91,4,9.6,13.3,328942,131.1,5.5,0.96,172,0.842,490,4.1,1.0,0,1,0,0,0,0,0,0,5,8,0,0,337,3,3,1,83,male,standard,1,0
PAT-01916,back_pain,9,chronic,1_month,unknown,pressure,0,stable,0,0,0,0,1,0,0,0,0,0,174,72,58,24,99.9,91,9,5.8,11.9,386845,139.9,3.2,0.93,210,0.329,796,2.4,1.5,0,0,1,0,0,0,0,2,3,0,0,0,179,2,1,1,67,unknown,standard,1,0
PAT-01917,headache,0,chronic,1_month,generalized,burning,1,worsening,0,0,0,0,0,0,0,0,1,0,127,61,115,12,102.8,92,0,5.8,14.2,302770,137.0,5.2,0.99,208,1.148,342,3.7,3.2,0,1,0,0,0,0,0,3,4,4,1,0,221,7,1,1,40,unknown,standard,1,0
PAT-01918,fever,4,gradual,1_week,back,pressure,0,improving,0,0,0,0,0,0,0,0,0,0,87,58,66,12,101.3,96,0,16.6,15.4,275532,144.0,3.2,1.43,159,0.263,195,3.0,1.9,1,0,0,0,0,0,0,1,2,0,0,0,127,4,0,1,52,male,standard,0,0
PAT-01919,chest_pain,5,gradual,1_day,head,burning,1,fluctuating,0,0,1,0,0,0,0,0,0,0,122,85,69,16,99.5,99,7,5.9,12.0,272291,145.8,4.2,2.65,160,0.533,182,4.0,3.0,0,1,0,0,0,0,0,3,4,3,0,0,106,4,0,1,27,unknown,standard,1,0
PAT-01920,abdominal_pain,6,sudden,3_days,back,sharp,1,stable,0,1,0,0,0,0,0,0,0,1,165,78,83,18,100.3,89,3,9.1,8.3,186442,144.1,5.3,3.11,275,0.22,849,2.7,1.5,0,0,0,0,0,0,1,2,1,4,0,0,11,0,0,1,52,unknown,standard,2,0
PAT-01921,chest_pain,8,gradual,3_days,generalized,pressure,0,improving,0,0,0,0,0,0,0,0,0,0,123,76,67,14,102.3,89,0,16.6,13.0,359986,130.7,4.7,1.92,92,1.051,742,1.7,2.5,0,1,0,0,0,0,0,1,5,0,0,0,226,3,3,0,67,male,standard,0,0
PAT-01922,shortness_of_breath,2,sudden,1_day,chest,sharp,0,worsening,0,1,0,0,0,0,0,0,0,0,154,75,92,18,99.1,92,1,4.0,8.8,231383,145.1,4.5,2.25,278,0.27,779,2.8,1.0,0,1,0,0,0,0,0,0,5,0,0,0,21,0,1,1,68,female,standard,1,0
PAT-01923,headache,1,chronic,1_hour,generalized,burning,0,worsening,0,0,0,0,0,0,0,0,0,0,169,102,112,16,101.1,99,4,12.6,10.8,355764,131.6,3.9,1.28,208,0.047,609,4.2,0.9,0,1,0,0,1,0,0,1,3,9,0,0,106,1,0,1,76,male,standard,0,0
PAT-01924,chest_pain,2,chronic,2_hours,head,dull,1,fluctuating,0,0,0,0,0,0,0,0,0,0,129,96,89,21,98.9,89,6,8.6,12.7,221969,137.2,5.4,2.92,165,0.052,278,3.5,2.0,0,0,0,0,0,0,0,0,6,6,0,0,321,2,1,0,57,unknown,standard,0,0
PAT-01925,back_pain,8,gradual,1_hour,unknown,unknown,0,improving,1,0,0,0,0,0,0,0,0,0,130,80,94,22,100.2,97,4,5.1,10.9,347444,134.8,3.6,3.19,182,0.499,537,2.2,2.4,0,1,0,1,0,0,0,0,1,5,0,0,238,5,0,0,57,female,standard,1,0
PAT-01926,shortness_of_breath,6,chronic,1_day,back,pressure,0,stable,0,0,0,0,0,0,0,0,0,0,97,84,59,19,97.4,92,10,11.7,10.4,345265,132.5,3.8,2.06,241,0.63,439,3.5,3.1,0,0,0,0,0,0,0,3,3,1,0,1,333,4,2,1,46,unknown,standard,0,0
PAT-01927,shortness_of_breath,8,chronic,1_day,back,sharp,0,improving,0,0,0,0,0,0,0,0,0,0,136,89,56,18,102.6,99,9,10.5,8.2,243978,132.7,4.2,1.15,185,0.055,105,3.1,1.0,0,0,0,1,0,0,0,1,4,5,0,0,177,3,2,1,30,unknown,standard,0,0
PAT-01928,chest_pain,1,gradual,2_hours,leg,aching,0,worsening,0,0,0,0,1,0,0,1,1,1,93,77,84,12,97.5,92,5,4.9,10.3,373870,135.5,3.5,0.71,75,0.116,840,4.0,3.2,1,0,0,0,0,0,0,0,5,3,0,0,191,5,2,1,77,unknown,standard,4,0
PAT-01929,other,4,sudden,1_week,leg,pressure,1,stable,0,0,0,0,0,0,0,0,0,1,141,99,64,24,98.6,94,6,7.4,11.3,120736,130.4,4.2,2.2,89,0.121,151,1.9,2.0,1,0,0,0,1,0,0,1,3,8,0,0,242,6,2,1,33,male,standard,1,0
PAT-01930,chest_pain,3,gradual,1_week,generalized,pressure,0,worsening,0,0,0,0,0,0,0,0,0,0,153,94,92,12,99.3,91,2,14.2,10.5,225160,131.0,3.3,2.09,216,0.804,541,0.7,2.7,0,0,0,0,0,0,0,2,1,5,0,0,36,7,1,1,43,female,standard,0,0
PAT-01931,other,1,sudden,2_hours,generalized,pressure,0,worsening,0,0,0,0,0,0,0,0,0,0,127,104,113,18,101.1,89,10,14.5,13.3,353334,141.4,5.3,3.29,151,0.363,755,0.9,2.4,0,0,0,0,0,0,0,3,3,6,0,0,327,3,1,1,63,female,standard,0,0
PAT-01932,headache,8,gradual,1_week,chest,throbbing,0,improving,0,0,0,0,0,0,0,0,1,0,91,84,89,17,101.7,95,9,12.2,13.7,170589,140.0,3.9,0.8,159,0.677,514,3.4,1.5,1,0,1,0,0,0,0,2,0,10,0,0,261,2,3,1,41,unknown,standard,1,0
PAT-01933,abdominal_pain,8,gradual,3_days,arm,sharp,1,fluctuating,0,0,0,0,0,0,0,0,1,0,128,73,66,20,97.7,88,4,5.1,14.6,141935,131.6,4.7,1.12,248,0.093,68,3.1,1.7,0,0,1,0,0,0,0,1,5,4,0,0,108,0,0,1,39,male,standard,1,0
PAT-01934,chest_pain,5,chronic,1_week,head,sharp,0,worsening,0,0,0,0,0,0,0,0,0,0,128,86,96,19,97.5,97,7,15.9,9.6,171439,136.9,5.2,1.25,185,1.071,32,3.2,2.3,1,0,0,0,1,0,0,4,5,7,0,0,12,0,0,1,67,female,standard,0,0
PAT-01935,injury,10,gradual,1_week,leg,pressure,0,improving,0,0,0,0,0,0,0,0,0,0,152,104,103,24,102.2,88,10,6.0,13.3,388824,139.7,5.1,2.23,191,0.369,385,3.0,1.1,0,1,0,0,0,0,0,1,0,5,0,0,290,0,1,1,49,female,standard,0,0
PAT-01936,other,5,gradual,1_week,head,dull,0,stable,1,0,0,0,0,0,0,0,0,0,161,73,121,25,101.7,99,5,14.0,11.7,237616,131.6,5.2,1.5,115,0.935,394,2.2,2.7,1,1,1,0,0,0,0,0,3,7,1,0,231,6,3,1,72,unknown,standard,1,0
PAT-01937,chest_pain,7,sudden,3_days,chest,pressure,0,fluctuating,0,0,0,0,0,0,0,0,0,0,128,76,87,17,102.4,99,1,4.1,10.7,303307,145.6,4.9,1.28,188,0.993,702,0.8,2.7,1,0,0,0,0,0,0,3,3,0,1,0,223,4,3,1,39,female,standard,0,0
PAT-01938,fever,5,chronic,1_week,leg,throbbing,1,worsening,1,0,0,0,1,0,0,0,0,0,163,58,67,17,101.5,98,8,8.3,12.1,208570,143.6,3.6,2.14,80,1.186,777,3.6,2.8,0,0,1,0,0,0,0,4,3,2,1,0,60,1,2,0,74,unknown,standard,2,0
PAT-01939,back_pain,0,sudden,1_month,leg,burning,1,worsening,1,0,0,0,0,0,0,0,0,0,124,99,74,20,101.9,99,1,10.4,12.1,241249,133.6,4.0,0.81,94,0.891,377,1.3,2.9,0,1,1,0,0,0,0,1,6,6,0,1,266,3,3,1,34,male,standard,1,0
PAT-01940,injury,3,sudden,3_days,arm,throbbing,1,stable,1,0,0,0,0,0,0,0,0,0,161,66,87,23,99.6,94,5,3.9,13.4,415834,138.3,4.4,3.43,142,0.534,195,4.2,2.5,0,0,0,0,0,0,0,3,3,7,0,0,164,1,2,1,18,female,standard,1,0
PAT-01941,injury,6,chronic,2_hours,head,dull,0,improving,1,0,0,0,0,0,0,0,0,1,127,69,88,15,100.9,91,10,6.0,12.8,373987,138.1,4.0,3.11,114,0.187,237,1.3,2.6,0,0,1,0,1,0,0,0,3,3,0,0,327,2,1,1,38,unknown,standard,2,0
PAT-01942,other,1,chronic,1_hour,unknown,pressure,1,worsening,0,1,0,0,0,0,0,0,0,0,146,69,104,20,102.3,90,1,8.1,13.4,277283,135.3,5.4,1.46,221,0.062,689,0.9,2.3,0,0,0,0,0,0,0,1,6,10,0,1,72,6,3,1,31,unknown,standard,1,0
PAT-01943,fever,8,chronic,2_hours,head,sharp,0,stable,0,0,1,0,0,0,0,0,0,0,127,64,104,22,98.3,88,9,17.7,16.3,131729,142.2,5.1,1.64,178,1.064,830,2.0,1.4,0,1,1,0,0,0,0,2,0,5,1,0,32,1,1,1,84,female,standard,1,0
PAT-01944,fever,7,gradual,1_hour,head,unknown,1,worsening,0,0,0,0,0,0,0,0,0,0,174,73,63,22,99.9,99,6,14.8,14.9,296838,140.5,5.0,1.39,201,0.539,690,1.8,1.1,0,1,1,0,0,0,0,4,2,3,0,0,219,6,3,0,37,male,standard,0,0
PAT-01945,shortness_of_breath,7,chronic,2_hours,arm,aching,0,improving,0,0,0,0,0,0,0,0,0,0,103,62,61,19,101.9,95,0,15.7,10.5,217668,143.8,4.0,3.3,148,0.901,838,4.1,1.3,0,0,0,1,0,0,0,3,4,1,0,0,17,3,2,1,68,unknown,standard,0,0
PAT-01946,other,6,chronic,1_month,leg,pressure,0,fluctuating,1,0,0,1,0,0,0,0,0,0,133,85,63,14,100.6,95,3,13.2,12.5,257897,130.1,4.9,2.53,199,0.598,313,2.0,1.3,1,1,0,0,1,1,0,1,0,1,0,0,91,7,2,0,81,male,standard,2,0
PAT-01947,abdominal_pain,3,chronic,1_hour,chest,dull,0,improving,0,0,0,0,1,0,0,0,0,0,149,63,80,22,101.5,99,7,7.7,9.9,272717,139.7,4.6,2.16,143,1.056,678,0.8,2.6,0,1,0,0,0,0,1,3,3,0,1,0,327,0,3,0,26,unknown,standard,1,0
PAT-01948,back_pain,1,sudden,1_hour,head,sharp,0,improving,0,0,0,0,0,0,0,1,0,0,161,83,56,15,99.0,91,8,13.8,12.4,290231,145.9,4.1,2.12,76,0.901,682,4.2,3.1,0,1,0,0,0,1,0,4,2,0,0,0,298,0,1,1,48,male,standard,1,0
PAT-01949,headache,2,sudden,1_day,back,throbbing,0,improving,0,0,0,0,0,0,0,0,0,0,109,61,59,18,97.4,89,9,13.3,14.1,221761,142.6,3.9,1.16,169,0.107,453,3.4,2.8,0,0,1,1,0,0,0,2,2,4,0,0,284,7,3,1,63,female,standard,0,0
PAT-01950,injury,5,gradual,1_hour,unknown,burning,1,stable,0,0,0,0,0,0,0,0,0,0,168,62,120,14,97.4,91,2,12.3,8.6,279042,135.5,5.0,3.4,118,0.904,193,4.2,3.2,1,1,0,0,0,0,0,1,5,1,0,0,272,6,3,1,63,female,standard,0,0
PAT-01951,headache,4,sudden,1_hour,unknown,burning,0,worsening,0,0,0,0,0,0,0,0,0,0,125,95,64,24,103.1,94,8,7.8,9.2,380722,132.5,4.6,3.26,127,0.324,828,1.7,1.0,0,1,0,0,0,0,0,4,5,4,0,0,269,4,2,1,49,unknown,standard,0,0
PAT-01952,chest_pain,7,gradual,1_day,arm,unknown,1,fluctuating,0,0,0,0,0,0,0,0,0,0,107,71,85,14,103.2,91,7,7.3,8.1,332237,136.9,3.3,3.37,80,0.929,221,1.0,1.0,0,1,0,0,0,0,0,0,4,7,0,0,261,6,1,1,42,male,standard,0,0
PAT-01953,chest_pain,5,sudden,1_week,abdomen,pressure,0,stable,0,0,0,0,0,0,0,0,0,0,142,69,87,19,98.5,98,3,8.4,11.2,158700,136.8,3.2,1.51,117,1.138,610,2.0,2.5,0,1,0,0,0,0,0,1,1,7,0,0,85,4,3,1,39,unknown,standard,0,0
PAT-01954,headache,5,chronic,1_week,chest,throbbing,0,improving,0,0,0,1,0,0,0,0,0,0,172,70,60,16,98.1,98,0,8.0,14.5,379465,139.4,5.1,2.03,221,1.117,420,1.1,1.0,0,0,1,0,0,0,0,0,5,3,0,0,292,5,2,1,58,unknown,standard,1,0
PAT-01955,chest_pain,0,sudden,1_day,back,unknown,1,fluctuating,0,0,0,1,0,0,0,0,0,0,127,61,68,23,97.3,90,9,4.6,11.8,311367,131.1,3.4,2.15,220,0.154,455,1.1,2.9,0,0,1,0,0,0,0,2,1,10,0,0,73,5,1,1,23,female,standard,1,0
PAT-01956,abdominal_pain,3,gradual,3_days,head,aching,0,improving,0,0,0,0,0,0,0,0,0,0,124,96,69,16,98.7,97,4,15.1,12.9,196797,136.2,4.4,2.07,104,0.07,288,3.8,2.0,1,0,1,0,0,0,0,2,5,11,0,0,344,4,0,1,77,unknown,standard,0,0
PAT-01957,fever,4,sudden,1_hour,abdomen,aching,0,improving,0,0,0,0,0,0,0,1,0,0,114,73,97,19,99.3,99,10,8.9,13.0,203744,143.7,4.6,0.75,273,0.933,355,4.2,3.0,0,0,0,0,0,0,0,1,1,3,0,1,124,7,0,1,30,unknown,standard,1,0
PAT-01958,chest_pain,10,chronic,1_hour,chest,unknown,1,improving,1,0,0,0,0,0,0,0,0,1,118,92,74,17,98.7,88,6,13.7,8.8,388615,140.3,5.3,3.03,219,0.853,506,4.2,1.5,0,0,1,0,0,0,0,3,1,11,0,1,235,3,3,0,26,female,standard,2,0
PAT-01959,shortness_of_breath,2,gradual,1_day,arm,dull,0,fluctuating,0,0,0,0,1,0,0,0,0,0,94,79,75,16,102.2,96,4,7.6,9.5,213054,137.0,4.4,2.79,191,0.216,633,2.2,2.4,0,1,0,0,1,0,0,3,0,2,0,0,267,6,2,1,33,male,standard,1,0
PAT-01960,chest_pain,8,chronic,1_day,abdomen,burning,0,worsening,0,0,0,0,0,0,0,0,0,0,144,66,118,12,101.9,92,10,12.2,15.8,204135,135.0,3.6,2.03,255,0.823,128,1.5,2.5,1,0,0,0,0,1,0,3,6,5,0,1,267,4,0,1,78,male,standard,0,0
PAT-01961,back_pain,0,chronic,3_days,leg,throbbing,1,improving,0,0,0,0,0,0,0,1,0,1,85,86,83,16,97.7,89,4,4.0,11.9,409850,134.5,3.8,1.45,270,0.024,575,1.2,1.6,0,0,0,0,0,0,0,3,0,7,0,0,156,6,3,0,69,unknown,standard,2,0
PAT-01962,abdominal_pain,5,gradual,1_month,generalized,pressure,0,worsening,0,1,0,0,0,0,0,0,0,0,96,101,113,19,101.6,93,4,5.0,11.6,217713,142.0,3.3,2.48,266,0.759,546,2.0,1.7,1,0,0,0,0,0,0,4,3,11,0,0,219,4,2,1,23,unknown,standard,1,0
PAT-01963,back_pain,5,chronic,1_week,abdomen,sharp,1,fluctuating,0,0,0,0,0,0,0,0,0,0,130,64,118,25,100.5,89,2,8.8,14.4,303139,136.9,3.7,1.09,205,1.0,535,2.8,2.2,0,0,0,0,0,0,0,1,2,5,0,0,342,7,3,1,37,unknown,standard,0,0
PAT-01964,back_pain,9,chronic,2_hours,generalized,pressure,0,fluctuating,0,0,0,0,0,0,0,0,0,0,159,78,98,20,98.0,99,5,7.4,8.4,399210,133.9,5.1,3.49,227,0.772,779,3.3,1.8,0,1,0,1,0,0,0,3,0,8,1,0,92,1,3,0,37,female,standard,0,0
PAT-01965,shortness_of_breath,4,sudden,1_month,unknown,pressure,0,improving,1,0,0,0,0,0,0,0,0,0,101,104,88,17,101.9,93,10,8.6,15.1,283710,143.0,4.9,1.05,232,0.083,255,2.5,2.0,0,1,1,0,0,0,0,2,6,3,0,0,337,1,3,0,74,unknown,standard,1,0
PAT-01966,abdominal_pain,4,chronic,1_week,back,throbbing,0,worsening,0,0,0,0,0,0,0,0,0,1,168,58,101,22,97.7,96,3,17.0,13.7,371987,134.2,3.4,0.86,238,1.189,583,3.6,1.9,0,1,1,0,0,0,0,1,5,1,0,1,194,1,2,0,66,unknown,standard,1,0
PAT-01967,abdominal_pain,9,chronic,1_hour,chest,burning,0,worsening,0,0,0,0,0,0,0,0,0,0,142,97,63,24,98.3,89,9,4.6,9.2,261559,131.0,4.3,2.41,152,0.431,221,3.9,2.4,0,1,0,1,0,0,0,3,6,2,0,0,268,4,1,1,32,female,standard,0,0
PAT-01968,other,4,chronic,1_month,back,throbbing,0,improving,1,0,0,0,0,0,0,0,0,0,122,91,114,26,98.1,88,1,10.2,8.6,419833,138.8,3.9,2.0,243,0.46,577,3.8,1.1,0,0,0,0,0,0,0,0,0,7,0,0,177,4,3,1,74,male,standard,1,0
PAT-01969,abdominal_pain,5,chronic,1_day,back,sharp,1,stable,0,0,0,0,0,0,0,0,0,0,90,99,84,24,103.1,94,3,6.4,8.0,361035,134.5,4.7,2.71,225,0.106,590,1.9,3.1,0,0,0,0,0,0,0,1,4,4,0,0,219,2,2,1,25,unknown,standard,0,0
PAT-01970,abdominal_pain,7,gradual,3_days,head,unknown,0,stable,0,0,0,0,0,0,0,0,0,0,146,96,71,21,101.6,95,5,8.7,10.5,196744,130.1,5.4,1.06,252,0.205,193,4.0,1.1,0,1,0,0,0,0,0,3,0,11,0,0,301,4,0,1,23,unknown,standard,0,0
PAT-01971,abdominal_pain,1,sudden,1_week,arm,throbbing,0,fluctuating,0,1,0,0,0,0,0,0,0,1,168,93,106,14,99.8,89,5,13.3,10.8,160223,138.0,4.7,1.72,188,0.329,563,3.9,1.7,0,0,0,0,0,0,0,4,1,10,1,0,236,5,0,1,66,male,standard,2,0
PAT-01972,shortness_of_breath,5,chronic,3_days,abdomen,dull,0,fluctuating,1,0,0,1,0,0,0,0,0,0,158,97,113,19,102.4,91,10,17.6,9.5,419200,144.3,4.9,2.1,90,0.96,168,2.1,0.9,1,1,1,0,0,0,0,0,0,5,0,0,115,4,1,1,57,male,standard,2,0
PAT-01973,chest_pain,0,chronic,1_week,chest,pressure,0,stable,1,0,0,0,0,0,0,0,0,0,94,58,58,24,98.6,95,8,13.6,10.4,314235,140.3,4.1,1.95,166,0.832,304,2.1,2.8,0,0,0,0,0,0,0,0,1,10,0,0,23,4,1,1,48,male,standard,1,0
PAT-01974,other,3,gradual,1_month,unknown,burning,0,stable,1,0,0,0,0,1,0,0,0,0,110,90,94,16,103.1,99,7,16.3,12.8,390835,130.3,3.3,2.33,278,0.702,652,0.9,1.2,0,1,1,0,0,0,1,2,5,9,0,1,23,7,1,0,35,unknown,standard,2,0
PAT-01975,back_pain,9,chronic,1_hour,leg,aching,0,stable,0,0,0,0,0,1,0,0,0,0,142,91,61,13,101.6,91,4,5.6,9.0,263511,136.1,4.2,0.98,274,1.037,794,4.0,1.5,0,1,0,0,0,0,0,3,5,10,0,1,295,6,3,1,69,unknown,standard,1,0
PAT-01976,abdominal_pain,2,gradual,2_hours,arm,sharp,0,improving,0,0,0,0,0,0,0,0,0,0,101,79,92,27,100.7,99,9,6.1,9.7,330439,134.0,4.4,2.11,232,1.197,573,0.9,1.9,0,0,1,0,0,0,0,3,0,2,0,0,14,5,0,1,52,unknown,standard,0,0
PAT-01977,injury,8,sudden,3_days,arm,aching,0,improving,0,0,0,0,0,0,0,0,0,0,137,95,86,12,102.2,96,2,16.2,12.8,304894,140.7,4.3,2.25,134,0.465,786,2.4,2.8,0,0,1,1,0,0,0,1,3,11,0,0,332,7,2,0,47,male,standard,0,0
PAT-01978,chest_pain,2,sudden,3_days,chest,pressure,0,improving,0,0,0,0,0,0,0,0,0,0,162,84,123,22,101.3,88,3,12.3,14.0,207576,137.3,3.7,3.17,179,0.473,521,3.2,2.7,0,1,1,0,0,0,0,2,3,0,0,0,176,7,3,1,67,female,standard,0,0
PAT-01979,chest_pain,5,chronic,2_hours,arm,throbbing,0,improving,1,0,0,0,0,0,0,1,0,0,89,55,121,27,102.8,97,4,15.0,15.9,187574,132.8,4.3,2.3,263,0.885,709,3.8,1.2,0,0,0,0,0,0,0,0,6,7,0,1,144,5,0,1,20,female,standard,2,0
PAT-01980,back_pain,0,chronic,3_days,head,aching,0,improving,1,0,0,0,0,0,0,0,0,0,151,83,110,19,102.4,94,0,6.7,12.3,396636,137.3,4.9,2.23,80,0.775,617,2.7,1.9,1,0,0,0,0,0,0,4,5,10,0,0,190,1,0,1,82,unknown,standard,1,0
PAT-01981,shortness_of_breath,5,chronic,3_days,arm,dull,0,improving,0,0,0,0,0,0,0,0,1,0,104,70,74,13,98.4,90,8,8.6,9.0,380282,144.9,3.9,2.97,113,0.021,527,3.1,1.7,0,0,1,0,0,0,0,3,4,4,1,0,156,5,1,1,20,male,standard,1,0
PAT-01982,headache,3,gradual,1_week,unknown,throbbing,0,fluctuating,0,1,0,0,0,0,0,0,0,0,135,91,118,22,98.7,98,3,4.7,13.0,284156,136.6,4.7,0.88,79,0.788,36,3.2,3.1,0,0,0,0,0,0,0,0,2,11,0,0,267,7,3,1,22,male,standard,1,0
PAT-01983,headache,7,chronic,1_week,unknown,pressure,1,worsening,0,0,0,0,0,0,0,0,0,0,130,91,71,14,97.6,99,7,16.5,16.5,253719,143.9,3.6,2.51,77,0.865,421,0.7,2.9,0,0,0,0,0,0,0,3,6,2,0,0,242,4,2,1,70,male,standard,0,0
PAT-01984,chest_pain,10,chronic,2_hours,head,aching,1,fluctuating,0,0,0,0,0,0,0,0,0,0,163,61,70,20,98.6,97,4,17.4,15.5,379708,137.6,3.8,2.97,148,1.183,257,4.0,1.2,1,0,0,0,0,0,0,3,4,10,0,0,280,1,1,1,54,female,standard,0,0
PAT-01985,fever,8,sudden,1_hour,abdomen,unknown,0,worsening,0,0,0,0,0,0,0,0,0,0,151,94,65,12,99.4,98,10,15.9,14.6,191193,142.1,5.2,0.96,104,0.706,664,1.9,1.9,1,1,0,0,0,0,0,4,0,11,0,0,275,1,0,1,29,unknown,standard,0,0
PAT-01986,fever,3,chronic,1_month,abdomen,sharp,0,fluctuating,0,0,0,0,0,0,0,0,0,0,87,87,67,19,97.4,98,4,9.8,14.2,148867,142.6,4.6,2.97,154,0.823,464,1.2,1.9,0,0,0,0,1,0,0,4,5,2,0,0,23,3,0,1,19,unknown,standard,0,0
PAT-01987,back_pain,9,sudden,1_month,back,aching,1,fluctuating,0,0,0,0,0,0,0,0,0,0,107,104,72,23,99.2,90,1,8.4,14.4,307669,142.2,3.4,2.9,85,0.948,740,2.3,3.1,0,0,0,0,1,0,0,4,0,3,0,0,271,4,3,1,46,male,standard,0,0
PAT-01988,headache,9,chronic,3_days,unknown,unknown,0,improving,0,0,0,0,0,0,0,0,0,0,93,76,68,13,102.1,98,7,10.2,8.8,362822,140.2,3.8,0.7,205,0.12,727,3.2,2.7,0,1,0,0,1,0,0,1,0,1,1,0,6,1,2,1,74,unknown,standard,0,0
PAT-01989,chest_pain,5,sudden,1_hour,head,unknown,0,improving,0,0,0,0,0,0,0,0,0,0,95,97,88,19,102.5,94,10,12.7,12.4,386617,145.2,5.5,1.39,89,0.883,91,3.6,2.8,1,0,0,0,0,0,0,4,5,5,0,0,202,1,3,1,45,male,standard,0,0
PAT-01990,shortness_of_breath,0,chronic,2_hours,leg,aching,0,worsening,1,0,0,0,0,0,0,0,1,0,131,81,80,25,97.3,93,9,9.8,13.9,351541,144.9,3.8,1.12,246,0.659,45,3.2,1.7,0,1,1,1,0,0,0,4,0,8,0,0,308,1,2,1,60,female,standard,2,0
PAT-01991,headache,3,sudden,2_hours,abdomen,burning,1,worsening,0,0,0,0,0,0,0,0,0,1,133,83,96,13,97.2,90,6,9.6,8.6,171089,134.8,4.5,2.13,128,0.125,108,2.0,2.5,0,0,0,0,0,0,0,4,5,10,0,0,301,4,2,1,24,unknown,standard,1,0
PAT-01992,chest_pain,6,gradual,1_week,arm,aching,0,improving,1,0,0,0,0,1,0,0,0,0,128,70,115,18,98.1,89,1,9.8,15.8,267209,141.1,4.5,3.26,203,0.806,503,3.1,1.6,0,1,0,0,0,0,0,4,6,1,1,0,153,2,0,1,22,unknown,standard,2,0
PAT-01993,chest_pain,0,sudden,3_days,chest,pressure,1,fluctuating,0,0,0,1,0,0,0,0,0,0,97,75,93,14,102.7,98,10,14.3,9.1,156638,140.6,4.1,2.39,87,0.285,254,2.2,2.8,0,0,0,0,0,0,0,2,1,3,0,0,325,4,0,1,82,unknown,standard,1,0
PAT-01994,abdominal_pain,7,sudden,1_day,chest,unknown,0,worsening,0,0,0,0,0,0,0,0,0,0,92,65,56,15,100.2,98,5,14.9,8.7,271790,133.2,3.3,2.39,137,0.648,58,4.2,3.1,0,1,0,0,0,0,0,1,2,8,0,0,147,5,1,1,58,female,standard,0,0
PAT-01995,shortness_of_breath,9,sudden,2_hours,generalized,sharp,0,stable,0,0,0,0,0,0,0,0,0,0,147,75,111,23,103.4,93,8,16.1,9.0,274732,134.2,3.9,1.04,186,0.341,63,4.2,2.3,0,1,0,1,0,0,0,3,6,2,0,0,310,4,2,1,76,male,standard,0,0
PAT-01996,abdominal_pain,10,chronic,3_days,unknown,pressure,1,stable,0,0,0,0,0,0,0,0,0,1,106,63,104,26,102.8,97,7,7.0,11.6,155608,135.0,5.4,2.57,130,0.13,379,1.5,2.1,0,1,1,0,0,1,0,1,3,7,0,0,279,2,3,1,78,unknown,standard,1,0
PAT-01997,back_pain,5,chronic,1_hour,head,dull,0,stable,0,0,0,0,0,0,0,0,0,0,122,81,70,27,102.8,94,9,5.8,12.6,400183,135.3,3.2,3.19,113,0.305,83,2.3,2.9,1,0,1,0,0,0,0,1,6,5,0,0,234,7,0,1,84,female,standard,0,0
PAT-01998,abdominal_pain,4,chronic,1_week,leg,throbbing,0,worsening,0,0,0,0,0,0,0,0,0,0,111,93,116,22,98.0,96,2,8.5,8.8,193395,143.7,4.8,1.9,241,0.529,715,2.7,3.0,1,1,0,0,0,0,0,1,5,1,0,1,238,6,3,1,71,unknown,standard,0,0
PAT-01999,injury,9,gradual,1_month,back,aching,0,improving,0,0,0,0,0,0,0,0,0,1,110,76,65,12,100.2,96,6,9.6,14.7,157905,142.1,5.3,2.61,176,0.595,492,2.9,1.1,1,0,0,1,1,0,0,4,2,11,0,0,277,7,2,0,71,male,standard,1,0
PAT-02000,abdominal_pain,10,gradual,1_hour,arm,burning,0,improving,0,0,0,0,0,0,0,0,0,0,107,69,117,23,103.5,96,3,13.7,9.7,137047,142.9,5.0,1.53,141,0.182,617,2.2,2.5,0,0,0,0,0,0,0,1,1,7,0,1,100,4,3,1,76,female,standard,0,0
PAT-02001,injury,8,sudden,2_hours,head,sharp,0,improving,0,0,0,0,0,0,0,0,0,0,149,97,84,21,98.1,98,10,14.5,12.8,305998,144.6,3.9,1.45,232,0.389,303,2.5,2.3,0,1,1,0,0,0,1,2,5,2,0,0,192,7,3,1,66,female,standard,0,0
PAT-02002,headache,1,gradual,2_hours,generalized,burning,0,worsening,0,1,0,0,0,0,0,0,0,0,158,77,108,12,100.8,97,3,17.8,12.2,405447,138.2,4.4,1.22,182,1.032,614,2.6,1.4,0,0,0,0,0,0,0,3,5,9,0,0,233,3,2,1,69,unknown,standard,1,0
PAT-02003,fever,4,sudden,1_hour,chest,burning,0,worsening,0,0,1,0,0,0,0,0,0,0,131,83,81,24,99.4,88,6,9.0,15.7,312042,143.4,5.2,1.38,243,1.093,790,2.0,1.2,0,0,0,0,0,0,0,1,5,0,0,0,334,3,1,1,51,female,standard,1,0
PAT-02004,other,5,sudden,2_hours,head,burning,0,stable,0,0,0,0,0,0,0,0,0,0,145,93,118,23,99.6,91,10,9.3,15.6,208087,141.1,5.4,1.66,164,0.645,785,1.8,1.6,0,0,0,1,0,0,0,3,0,0,0,1,166,5,3,1,45,unknown,standard,0,0
PAT-02005,other,6,sudden,3_days,arm,aching,0,worsening,0,1,0,0,0,0,0,0,0,0,130,70,63,22,102.8,91,6,11.4,10.0,305837,137.4,3.4,2.29,213,0.591,814,2.9,1.3,1,0,0,0,0,0,0,0,1,5,0,0,342,6,1,1,75,male,standard,1,0
PAT-02006,chest_pain,4,gradual,2_hours,leg,sharp,0,stable,0,0,0,1,0,0,0,0,0,0,88,57,56,21,100.9,97,10,15.4,12.6,180005,133.1,3.5,2.89,272,0.7,720,2.2,1.5,1,0,0,0,0,0,0,0,3,5,0,1,65,4,2,1,32,male,standard,1,0
PAT-02007,other,8,chronic,1_week,unknown,sharp,0,stable,1,0,0,0,0,0,0,0,0,0,115,70,103,26,102.0,95,0,13.1,16.4,395924,136.9,5.4,1.51,150,0.261,526,4.1,3.0,0,1,0,1,0,0,1,1,2,9,0,0,62,3,3,0,36,female,standard,1,0
PAT-02008,injury,0,gradual,3_days,leg,unknown,0,improving,0,0,0,0,0,0,0,1,0,0,88,62,102,23,101.4,90,10,11.8,10.8,207872,133.3,5.2,1.17,192,1.192,350,2.0,3.0,0,1,0,0,0,0,0,2,0,8,0,0,67,5,1,1,49,female,standard,1,0
PAT-02009,shortness_of_breath,6,sudden,1_day,abdomen,burning,0,worsening,1,0,0,0,0,0,0,0,0,0,113,80,109,22,100.5,88,0,12.9,8.6,142041,134.6,3.7,1.96,160,0.896,665,1.3,1.5,0,0,0,0,0,0,0,0,4,8,0,0,249,1,0,1,19,male,standard,1,0
PAT-02010,abdominal_pain,9,sudden,2_hours,arm,unknown,0,improving,0,0,0,0,0,0,0,0,0,0,157,96,121,19,102.2,90,5,10.2,14.1,405849,134.5,5.4,2.91,96,0.29,323,2.1,1.4,0,1,1,1,0,0,0,0,3,9,1,0,62,0,2,1,73,male,standard,0,0
PAT-02011,injury,6,gradual,2_hours,generalized,unknown,0,improving,0,0,0,0,0,0,0,0,0,0,163,63,85,19,103.3,93,1,14.5,12.3,202855,142.2,3.7,1.79,240,0.33,754,3.0,1.9,0,1,0,0,0,0,0,2,0,11,0,0,187,5,0,1,63,male,standard,0,0
PAT-02012,shortness_of_breath,3,sudden,1_week,abdomen,throbbing,0,worsening,0,0,0,0,0,0,0,0,0,0,128,89,80,13,103.3,94,2,4.6,16.0,398285,138.1,3.4,3.26,86,0.78,587,2.2,2.4,0,0,0,0,0,0,1,4,5,4,0,0,152,4,0,1,46,unknown,standard,0,0
PAT-02013,fever,8,sudden,1_week,abdomen,aching,0,worsening,0,0,0,0,0,0,0,0,0,0,87,61,120,15,102.2,96,1,10.9,12.9,372320,142.7,4.8,1.39,238,0.391,560,1.6,1.2,1,1,0,0,0,0,0,1,4,10,0,0,64,6,0,0,81,unknown,standard,0,0
PAT-02014,other,10,gradual,1_month,abdomen,aching,0,fluctuating,0,0,0,0,0,1,0,0,0,0,143,62,84,13,100.3,92,1,15.2,12.3,227960,144.0,4.4,2.82,124,0.43,731,2.4,2.8,0,1,0,0,0,0,0,0,6,0,0,0,321,5,0,1,19,female,standard,1,0
PAT-02015,fever,4,gradual,1_hour,head,pressure,1,stable,0,0,0,0,0,1,0,0,0,0,163,89,55,24,98.2,92,7,7.9,15.8,374374,139.8,3.8,2.01,91,0.938,651,2.2,1.1,1,1,0,1,0,0,0,2,3,3,0,0,174,2,1,1,54,male,standard,1,0
PAT-02016,other,3,gradual,1_hour,generalized,unknown,1,fluctuating,0,0,0,0,0,0,0,0,0,0,137,102,124,26,97.5,90,7,15.7,11.2,289600,136.5,5.3,1.0,234,0.324,476,4.0,1.2,1,1,0,1,0,0,0,0,0,3,0,0,53,1,2,1,79,female,standard,0,0
PAT-02017,abdominal_pain,6,sudden,1_hour,chest,aching,0,stable,0,0,0,0,0,1,0,0,0,0,95,100,76,19,98.7,99,5,14.9,13.1,332004,143.7,4.1,1.49,247,0.848,306,0.7,2.4,0,0,1,0,0,0,0,3,4,5,0,0,277,2,2,1,69,unknown,standard,1,0
PAT-02018,back_pain,3,sudden,1_week,leg,burning,1,stable,0,0,0,0,0,0,0,0,0,0,90,93,108,18,99.3,90,2,11.9,15.2,235869,139.1,4.1,3.1,239,1.122,90,2.0,1.4,1,0,0,0,0,0,0,0,0,9,1,0,86,2,2,0,80,male,standard,0,0
PAT-02019,abdominal_pain,2,chronic,1_hour,unknown,dull,0,stable,0,1,0,0,0,1,0,0,0,1,131,90,68,18,98.0,96,4,7.2,13.1,190331,143.7,4.7,0.72,269,0.153,156,1.8,1.4,0,0,0,0,1,0,0,3,2,0,0,0,280,0,1,1,28,male,standard,3,0
PAT-02020,headache,8,chronic,1_hour,head,burning,0,improving,0,0,0,0,0,0,0,0,0,0,91,60,68,21,98.6,90,6,16.0,10.5,337200,134.2,3.7,2.82,99,0.177,82,1.4,2.9,0,1,0,0,0,0,0,4,5,2,0,1,71,7,1,1,84,female,standard,0,0
PAT-02021,injury,10,gradual,1_day,chest,sharp,0,improving,1,0,0,0,0,0,0,0,0,0,152,61,73,26,97.7,90,4,3.9,12.7,194668,139.1,4.5,2.97,157,1.132,608,2.6,1.7,1,0,1,0,0,0,0,2,5,0,0,0,229,3,0,1,66,unknown,standard,1,0
PAT-02022,chest_pain,7,chronic,1_hour,leg,aching,0,worsening,0,0,0,0,0,0,0,0,1,0,169,66,80,26,100.5,96,6,12.1,11.7,297684,133.4,4.0,1.04,175,0.248,814,2.8,3.0,1,1,0,0,0,0,0,4,5,10,0,0,282,6,0,1,53,unknown,standard,1,0
PAT-02023,back_pain,0,sudden,2_hours,unknown,aching,0,stable,1,0,0,0,0,1,0,0,0,0,85,93,113,14,98.0,91,9,14.8,16.4,156277,141.2,4.8,3.39,188,0.03,549,0.6,1.2,0,1,0,0,0,0,0,3,2,10,0,0,313,5,3,0,42,male,standard,2,0
PAT-02024,abdominal_pain,6,chronic,1_month,generalized,pressure,0,stable,0,0,0,0,0,0,0,0,0,0,140,55,76,23,101.9,93,6,10.5,8.4,267473,139.4,3.8,3.14,176,1.043,697,3.0,3.0,0,1,0,0,0,0,0,0,4,2,0,0,64,2,2,1,26,female,standard,0,0
PAT-02025,shortness_of_breath,8,sudden,1_week,unknown,unknown,0,stable,0,0,0,0,0,0,0,0,0,1,171,104,60,22,99.3,88,3,5.0,14.5,381524,138.9,3.6,1.2,179,0.342,167,2.0,3.0,1,0,0,0,0,0,0,4,2,9,0,0,295,7,3,1,27,male,standard,1,0
PAT-02026,back_pain,7,gradual,3_days,generalized,dull,0,improving,0,0,0,0,0,1,0,0,0,0,161,97,117,16,101.4,98,9,15.6,8.2,281227,140.2,3.8,1.38,123,0.362,205,3.9,2.1,0,1,0,0,0,0,0,3,5,10,0,0,231,5,1,1,18,male,standard,1,0
PAT-02027,injury,7,gradual,1_month,arm,aching,0,worsening,0,0,0,0,0,0,0,0,0,0,127,97,108,25,102.8,89,9,16.7,13.1,234846,136.0,5.4,2.99,117,0.276,607,3.3,2.6,0,1,0,1,0,1,0,4,2,3,0,1,292,4,3,1,21,unknown,standard,0,0
PAT-02028,other,5,sudden,1_day,unknown,pressure,0,improving,0,0,0,0,0,0,0,0,0,0,112,103,73,12,97.7,98,5,11.7,11.7,198696,133.1,5.2,2.23,93,1.102,559,2.4,1.9,0,0,0,0,0,0,0,3,3,7,1,0,221,5,0,1,43,unknown,standard,0,0
PAT-02029,back_pain,10,chronic,1_week,leg,pressure,0,fluctuating,0,0,0,0,0,0,0,0,0,0,113,79,64,21,103.4,90,8,14.9,15.7,136374,142.9,5.1,3.28,154,0.93,63,4.0,2.7,0,0,0,0,0,1,0,0,1,6,0,0,342,4,1,1,70,male,standard,0,0
PAT-02030,other,3,gradual,1_week,leg,dull,1,fluctuating,1,0,0,0,0,0,0,0,0,1,102,66,91,22,101.3,89,3,12.4,12.6,395470,136.1,5.0,3.44,100,0.718,668,3.1,1.5,0,0,1,0,1,0,0,4,2,3,0,0,53,7,1,1,40,unknown,standard,2,0
PAT-02031,injury,7,gradual,2_hours,generalized,burning,0,fluctuating,0,0,0,0,0,1,0,0,0,0,171,81,71,25,97.5,98,9,11.8,15.0,268020,145.8,4.7,1.66,171,0.547,381,3.5,3.0,0,1,0,0,0,0,0,2,6,5,0,0,81,1,0,1,19,unknown,standard,1,0
PAT-02032,abdominal_pain,2,chronic,1_month,leg,burning,1,worsening,0,0,0,0,0,1,0,0,0,0,157,77,109,15,99.2,97,0,5.4,13.7,164086,137.7,3.4,0.97,89,0.177,132,4.0,2.7,0,0,0,0,0,0,0,4,4,8,0,0,120,5,0,1,18,female,standard,1,0
PAT-02033,injury,8,chronic,1_month,back,burning,0,fluctuating,1,0,0,0,0,0,0,0,0,0,146,73,59,15,102.8,90,7,9.8,11.8,164187,137.8,3.9,2.67,127,1.112,180,3.8,2.6,0,0,1,0,0,0,0,3,3,2,0,0,317,1,2,1,26,female,standard,1,0
PAT-02034,back_pain,1,sudden,1_hour,arm,throbbing,0,worsening,0,0,0,0,0,0,0,0,0,0,90,75,75,12,101.0,99,3,13.3,10.9,325689,140.8,4.5,3.28,94,0.901,776,0.9,2.8,0,0,1,0,0,0,0,1,4,7,0,0,65,7,0,1,76,female,standard,0,0
PAT-02035,shortness_of_breath,1,chronic,2_hours,head,unknown,0,improving,0,0,0,0,0,0,0,0,0,0,100,104,93,23,99.0,92,7,10.1,9.0,390726,140.7,3.4,1.16,207,0.338,637,1.4,1.7,1,0,0,1,0,0,0,0,6,6,0,0,270,2,3,1,70,female,standard,0,0
PAT-02036,fever,6,chronic,1_hour,unknown,unknown,0,improving,0,0,0,0,0,0,0,0,0,0,85,75,74,18,103.1,99,10,12.5,8.1,241715,132.9,3.3,3.46,138,1.137,28,2.9,1.3,0,1,0,0,0,0,0,4,2,2,0,0,35,0,3,1,59,female,standard,0,0
PAT-02037,back_pain,9,chronic,1_hour,head,burning,0,worsening,0,0,0,0,0,0,0,0,0,0,106,78,69,16,102.2,88,8,16.5,8.0,417084,134.4,3.4,1.25,250,1.123,745,1.2,1.7,0,1,0,0,0,0,0,3,0,2,0,0,279,5,2,1,42,male,standard,0,0
PAT-02038,injury,3,sudden,1_week,chest,dull,0,improving,0,0,0,0,0,0,0,0,0,0,130,67,107,12,101.8,88,7,8.8,9.9,369459,133.7,3.4,0.94,242,0.793,337,2.3,1.0,0,1,0,0,0,0,0,2,0,2,1,0,332,7,0,1,27,unknown,standard,0,0
PAT-02039,fever,9,sudden,1_month,head,throbbing,1,improving,1,0,0,0,0,0,0,0,0,0,146,96,87,16,102.8,98,0,15.5,12.8,368026,130.9,3.5,2.09,98,1.182,344,2.3,1.5,1,1,0,0,0,0,0,0,2,0,0,0,332,7,3,1,34,male,standard,1,0
PAT-02040,injury,7,gradual,1_hour,abdomen,unknown,0,worsening,0,0,0,0,0,0,0,0,0,0,107,90,98,19,102.0,94,8,3.9,16.3,394712,130.4,3.6,2.96,144,0.229,137,2.3,2.3,0,1,0,0,0,0,0,0,6,7,0,0,320,6,3,1,22,female,standard,0,0
PAT-02041,shortness_of_breath,8,sudden,1_day,leg,burning,0,fluctuating,0,0,0,0,0,0,0,0,0,0,105,69,120,21,99.0,96,4,15.9,14.0,339237,140.3,4.3,1.69,214,0.879,405,3.6,2.8,1,1,0,0,0,0,0,2,0,5,0,0,213,6,0,1,30,male,standard,0,0
PAT-02042,injury,6,gradual,1_day,head,throbbing,0,worsening,0,0,0,0,0,0,0,0,0,0,135,104,104,19,100.9,96,7,5.0,8.6,166684,138.0,3.9,1.63,202,0.187,225,2.4,3.0,1,1,0,0,0,0,0,2,1,2,1,0,211,3,2,0,50,male,standard,0,0
PAT-02043,abdominal_pain,4,chronic,1_month,chest,dull,1,stable,0,0,0,0,0,0,0,0,0,0,122,55,86,24,102.5,94,5,8.2,13.5,366974,144.3,5.2,1.25,78,0.832,735,3.7,2.6,1,0,0,0,0,0,0,3,4,0,0,1,359,0,0,1,80,male,standard,0,0
PAT-02044,chest_pain,7,gradual,1_day,chest,burning,0,improving,0,0,0,0,0,0,0,0,0,1,112,88,109,13,98.3,98,6,10.9,12.1,250751,134.8,5.2,3.46,186,1.104,48,3.4,3.0,0,0,0,0,0,0,0,4,5,8,0,0,61,0,0,1,78,female,standard,1,0
PAT-02045,other,3,gradual,1_week,abdomen,sharp,0,worsening,0,0,0,0,0,0,0,0,0,0,128,96,82,24,98.2,98,2,12.9,13.4,354741,142.6,5.3,1.66,245,0.646,227,2.9,1.6,0,1,0,0,0,0,0,0,1,0,0,0,197,1,3,1,39,female,standard,0,0
PAT-02046,other,1,chronic,2_hours,chest,aching,0,improving,0,0,0,0,0,0,1,0,0,0,123,85,57,12,98.2,89,8,17.3,13.3,224579,131.7,4.3,2.57,279,0.917,323,2.7,2.5,0,0,0,1,0,0,0,1,6,1,1,0,297,3,3,0,67,female,standard,1,0
PAT-02047,back_pain,10,gradual,3_days,generalized,dull,1,fluctuating,1,0,0,0,0,1,0,0,0,1,126,104,107,13,98.4,98,8,8.0,9.2,251486,143.1,5.0,1.07,254,0.176,604,1.4,3.1,0,0,0,0,0,1,0,2,3,2,0,0,29,7,3,1,29,unknown,standard,3,0
PAT-02048,chest_pain,5,sudden,1_hour,back,pressure,0,improving,0,0,0,0,0,0,0,0,0,0,126,86,96,17,97.9,94,9,4.7,15.8,279567,144.7,4.6,1.96,223,0.762,838,3.4,2.3,0,1,1,0,0,0,0,2,5,6,1,0,266,2,2,1,36,unknown,standard,0,0
PAT-02049,injury,8,sudden,3_days,generalized,pressure,0,worsening,0,1,0,0,0,0,0,0,0,0,144,90,56,24,102.5,99,1,10.2,12.7,283700,140.0,3.5,2.93,271,0.081,819,3.5,1.9,0,1,0,1,0,0,0,0,2,0,0,0,59,0,3,0,23,male,standard,1,0
PAT-02050,shortness_of_breath,0,sudden,2_hours,leg,dull,0,fluctuating,0,0,0,0,0,0,0,0,1,0,141,83,76,16,102.4,96,3,8.5,14.0,220706,141.8,4.7,3.42,215,0.049,392,2.4,1.5,0,0,0,0,0,0,0,2,4,10,0,0,193,6,0,1,73,unknown,standard,1,0
PAT-02051,back_pain,10,sudden,2_hours,leg,pressure,0,fluctuating,0,0,0,0,0,0,0,0,0,0,161,64,79,27,98.2,94,3,12.2,11.3,350955,145.8,5.1,1.2,76,0.763,461,1.4,1.6,0,0,0,0,0,0,0,2,6,1,1,0,241,7,2,1,21,unknown,standard,0,0
PAT-02052,injury,9,gradual,1_week,leg,unknown,1,fluctuating,1,0,0,0,0,0,0,0,0,0,91,75,86,15,101.6,89,0,16.9,9.0,293776,136.1,4.0,0.97,182,0.69,423,3.3,1.4,0,0,0,0,0,0,1,4,6,1,1,0,362,2,0,1,42,female,standard,1,0
PAT-02053,fever,6,gradual,1_day,arm,dull,0,stable,0,0,0,0,0,0,0,0,0,0,135,90,61,19,101.1,94,3,12.8,13.9,144836,130.5,4.9,3.47,208,0.398,527,3.5,2.5,1,0,0,0,1,0,0,3,5,0,0,0,229,7,3,1,36,male,standard,0,0
PAT-02054,headache,9,chronic,1_day,head,sharp,0,worsening,0,0,0,0,0,0,0,0,0,0,161,78,116,26,98.9,91,2,11.9,16.0,143119,140.9,5.0,2.25,167,0.618,648,2.6,2.6,0,1,0,0,0,0,0,3,2,0,0,0,28,7,2,1,71,unknown,standard,0,0
PAT-02055,injury,8,gradual,2_hours,back,dull,1,worsening,0,0,0,1,0,0,0,0,0,0,116,81,85,16,98.6,95,10,7.1,12.9,337667,130.2,4.7,1.67,225,0.823,262,3.1,2.7,0,1,0,0,0,0,0,2,2,6,0,0,34,1,2,1,27,unknown,standard,1,0
PAT-02056,chest_pain,9,gradual,1_week,head,burning,1,fluctuating,0,0,0,0,0,0,0,0,1,0,91,75,117,15,98.8,90,10,7.3,9.7,225475,139.1,5.2,3.39,148,0.775,253,3.4,2.0,0,0,0,0,0,1,0,1,1,9,0,1,55,2,1,1,35,unknown,standard,1,0
PAT-02057,back_pain,8,gradual,1_week,back,burning,0,improving,0,0,0,0,0,0,0,0,1,0,160,72,91,24,101.8,99,1,9.8,13.3,175636,139.6,3.5,1.79,163,0.093,446,1.6,1.2,1,0,0,0,0,0,0,2,0,11,1,1,243,6,3,1,20,unknown,standard,1,0
PAT-02058,chest_pain,9,chronic,1_month,head,throbbing,0,fluctuating,0,0,0,0,1,0,0,0,0,0,124,58,122,22,99.2,92,5,16.4,11.6,120094,139.4,5.1,1.35,238,0.815,391,1.6,1.9,1,0,1,0,0,0,0,1,0,8,0,0,175,7,2,1,54,male,standard,1,0
PAT-02059,back_pain,10,sudden,1_hour,abdomen,pressure,1,stable,1,0,0,0,0,0,0,0,0,0,99,101,63,19,99.0,90,2,11.9,11.4,125230,132.7,4.6,2.95,84,0.793,408,3.1,2.6,0,0,0,0,0,0,0,1,4,11,0,0,247,6,1,1,79,male,standard,1,0
PAT-02060,injury,2,gradual,1_day,unknown,aching,0,fluctuating,0,0,0,0,0,0,0,0,1,0,143,72,124,23,97.3,94,9,10.7,15.8,174493,131.2,5.2,1.58,229,0.805,487,2.4,2.9,1,0,0,1,0,0,0,1,6,7,1,0,240,4,1,1,84,unknown,standard,1,0
PAT-02061,abdominal_pain,10,chronic,2_hours,generalized,pressure,1,worsening,0,0,0,0,0,0,0,0,0,0,169,63,100,12,102.9,90,8,11.4,14.3,192974,144.5,4.4,1.6,209,1.018,739,2.4,1.1,0,1,0,1,1,0,0,1,4,8,1,0,133,3,0,1,51,female,standard,0,0
PAT-02062,fever,4,chronic,1_month,chest,unknown,1,fluctuating,0,0,0,0,0,0,0,0,0,0,96,103,88,20,101.9,97,8,15.6,12.3,391210,138.7,4.0,1.95,124,0.694,678,4.1,1.5,0,0,0,0,0,0,0,0,4,8,1,0,179,7,1,1,24,female,standard,0,0
PAT-02063,injury,7,chronic,3_days,chest,dull,0,improving,0,0,0,1,0,0,0,0,0,0,161,84,114,13,100.2,92,10,13.3,11.5,246387,135.2,5.3,2.64,95,1.126,612,3.5,3.1,1,1,0,0,1,0,0,2,3,3,0,0,23,0,2,0,42,male,standard,1,0
PAT-02064,other,7,sudden,1_day,generalized,aching,1,worsening,0,0,0,0,0,0,0,1,0,0,126,89,67,25,103.1,88,7,16.9,10.1,229214,142.3,5.2,3.06,160,1.176,117,1.5,1.9,0,1,0,0,0,1,0,0,5,0,0,0,196,1,2,0,37,unknown,standard,1,0
PAT-02065,chest_pain,3,gradual,1_hour,abdomen,aching,0,improving,0,0,0,0,0,0,0,0,0,0,123,99,90,27,99.0,91,7,11.9,10.9,217067,144.7,3.8,1.33,120,0.903,430,2.1,1.1,0,1,0,0,1,0,0,1,0,0,0,1,66,2,0,1,18,female,standard,0,0
PAT-02066,headache,10,chronic,1_week,back,pressure,0,fluctuating,0,0,0,0,0,0,0,0,0,0,147,84,102,25,101.5,93,1,6.3,12.6,333155,136.5,4.9,1.71,75,0.434,316,3.6,1.4,0,1,0,1,0,1,0,4,3,2,1,0,224,1,0,1,33,unknown,standard,0,0
PAT-02067,headache,10,sudden,2_hours,generalized,aching,0,worsening,1,0,0,0,0,0,0,0,0,0,86,93,60,19,99.1,89,10,3.8,8.4,223809,131.6,3.4,2.09,163,0.176,399,0.9,2.8,0,0,0,0,1,1,0,3,6,2,0,0,9,4,1,0,46,female,standard,1,0
PAT-02068,shortness_of_breath,0,chronic,1_day,arm,aching,1,stable,0,0,0,0,0,0,0,0,0,0,113,100,59,20,99.2,93,5,8.1,11.0,397799,141.1,3.4,0.77,257,0.985,493,1.8,2.6,0,0,0,0,0,0,0,2,6,2,0,0,308,1,2,1,76,female,standard,0,0
PAT-02069,back_pain,0,chronic,3_days,back,burning,0,worsening,0,0,0,0,0,0,0,0,0,0,145,60,119,21,102.5,97,3,4.4,12.2,325118,144.5,4.4,2.65,127,0.18,773,1.8,1.4,0,0,0,0,0,0,0,2,4,9,0,0,86,3,0,1,42,male,standard,0,0
PAT-02070,chest_pain,3,chronic,1_hour,chest,sharp,0,improving,0,0,0,0,0,0,0,0,0,0,113,68,104,19,102.2,94,9,9.4,13.2,399806,145.7,3.3,2.28,223,0.18,821,2.0,1.1,0,0,0,0,0,0,0,0,1,0,1,0,336,5,3,1,32,female,standard,0,0
PAT-02071,shortness_of_breath,5,chronic,1_hour,arm,dull,1,worsening,0,0,0,0,0,0,1,0,0,0,122,100,78,20,99.1,95,1,6.2,14.3,220158,143.0,4.2,1.07,187,1.103,40,1.5,1.1,1,0,0,0,0,0,0,1,4,4,0,0,330,6,1,1,52,female,standard,1,0
PAT-02072,chest_pain,7,chronic,1_month,head,pressure,0,stable,0,0,0,0,0,0,0,0,0,0,91,83,61,15,97.7,90,1,9.4,8.1,219747,134.3,5.0,1.06,234,0.674,701,2.9,2.0,1,1,0,0,0,0,0,1,1,9,0,0,133,3,0,0,50,unknown,standard,0,0
PAT-02073,other,5,sudden,1_day,arm,burning,0,stable,0,0,0,0,0,0,0,0,0,0,114,86,112,22,99.5,99,9,9.3,10.5,189301,135.7,5.2,3.21,88,0.356,124,2.0,2.5,0,1,0,0,0,0,0,0,0,1,1,0,175,6,1,1,48,female,standard,0,0
PAT-02074,back_pain,8,gradual,3_days,back,unknown,1,stable,0,0,0,1,0,0,0,0,0,0,171,68,75,13,102.0,97,6,7.5,10.2,250892,132.2,3.8,2.61,113,1.156,598,2.6,1.6,0,1,0,0,0,1,0,2,2,1,0,0,261,3,0,1,68,unknown,standard,1,0
PAT-02075,injury,8,gradual,1_hour,abdomen,unknown,0,stable,0,0,0,0,0,1,0,0,1,0,140,74,87,14,97.8,98,10,13.0,12.4,126285,141.4,3.4,1.79,200,0.85,119,1.6,1.1,1,1,0,1,0,0,0,0,2,4,0,0,244,6,0,1,20,male,standard,2,0
PAT-02076,injury,1,gradual,2_hours,head,throbbing,1,improving,0,0,0,1,0,0,0,0,0,0,171,104,98,24,101.4,90,0,9.8,12.0,169579,132.7,4.7,1.65,116,0.644,496,3.7,2.0,0,0,0,0,0,0,0,3,4,9,0,0,168,4,2,0,18,unknown,standard,1,0
PAT-02077,headache,9,gradual,1_hour,back,aching,1,worsening,1,0,0,0,0,0,0,0,0,0,120,63,79,27,102.8,92,7,16.5,8.7,219451,136.9,3.8,1.59,99,0.399,768,1.3,1.4,0,0,0,0,0,0,0,2,0,7,0,0,160,7,3,1,75,unknown,standard,1,0
PAT-02078,injury,0,sudden,3_days,head,aching,0,fluctuating,0,0,0,0,0,0,0,0,0,0,126,66,69,19,98.3,90,4,4.6,14.5,419032,138.5,3.3,2.53,231,0.814,783,3.8,1.3,0,0,0,0,0,0,0,1,1,10,0,0,13,7,0,0,51,female,standard,0,0
PAT-02079,injury,1,sudden,1_week,arm,pressure,0,stable,0,0,0,0,0,0,0,0,0,0,88,68,83,16,102.6,96,9,9.5,13.8,367586,136.1,3.5,1.2,106,0.878,102,1.2,2.7,1,1,0,1,0,0,0,4,2,9,0,0,56,6,1,1,57,male,standard,0,0
PAT-02080,other,4,sudden,1_week,chest,sharp,0,fluctuating,1,0,0,0,0,0,0,0,0,0,168,77,106,22,97.5,94,7,14.8,15.0,254830,132.4,5.4,3.46,85,0.856,552,1.9,2.3,0,0,0,0,1,0,0,4,2,11,1,0,282,3,0,0,47,unknown,standard,1,0
PAT-02081,abdominal_pain,3,chronic,1_month,back,sharp,0,fluctuating,0,0,0,0,0,1,0,0,0,0,89,102,71,15,101.4,92,1,10.7,8.9,264615,134.6,5.2,2.62,230,0.238,735,3.4,1.6,1,0,0,0,0,0,0,2,0,2,1,0,175,4,1,1,57,male,standard,1,0
PAT-02082,headache,3,chronic,1_day,unknown,pressure,0,worsening,0,0,0,0,0,0,0,0,0,0,130,88,90,14,102.2,92,0,17.5,12.3,252752,140.1,5.1,1.06,271,0.838,490,2.4,2.0,0,0,0,0,0,0,0,2,1,0,0,0,338,0,2,1,31,male,standard,0,0
PAT-02083,shortness_of_breath,8,chronic,3_days,abdomen,pressure,1,fluctuating,0,0,0,0,0,0,0,0,0,0,159,70,89,22,100.0,88,1,6.0,13.1,397848,141.6,4.0,1.09,99,0.7,706,1.5,1.4,0,1,1,1,1,0,0,1,2,0,0,0,272,4,0,1,74,unknown,standard,0,0
PAT-02084,fever,10,gradual,1_month,unknown,burning,0,fluctuating,0,0,0,0,0,0,1,0,0,1,86,72,94,14,98.5,96,5,8.1,8.4,183469,139.8,4.8,2.52,126,1.021,687,3.0,2.2,0,0,0,1,0,0,0,4,0,2,1,1,216,2,3,1,29,female,standard,2,0
PAT-02085,abdominal_pain,7,chronic,1_hour,unknown,unknown,0,improving,0,0,0,0,0,0,0,0,0,0,138,95,77,21,103.0,89,3,5.2,16.2,222111,145.5,5.4,1.77,243,0.752,722,1.1,2.6,1,0,0,0,0,0,0,0,0,6,0,0,313,6,0,1,69,male,standard,0,0
PAT-02086,shortness_of_breath,5,gradual,1_hour,generalized,pressure,0,fluctuating,0,0,0,0,0,0,0,0,0,0,172,94,88,26,97.3,94,7,7.1,14.8,377246,139.8,4.5,2.55,253,0.18,842,1.4,1.9,0,1,1,0,0,0,0,0,3,7,0,0,58,3,0,1,22,male,standard,0,0
PAT-02087,back_pain,0,chronic,1_week,arm,unknown,0,worsening,1,0,0,0,0,0,0,0,0,0,143,87,112,21,100.7,94,8,13.3,10.1,366742,133.6,4.0,2.72,209,0.386,543,1.5,1.8,0,1,0,0,0,0,0,0,5,5,0,0,50,1,1,1,40,unknown,standard,1,0
PAT-02088,abdominal_pain,1,gradual,1_month,back,throbbing,0,fluctuating,0,0,0,0,0,0,0,0,0,0,117,59,115,18,99.5,89,8,10.6,13.3,391589,137.9,5.0,2.21,235,0.894,817,2.7,1.5,1,1,1,1,0,1,0,0,0,6,0,0,278,4,1,1,78,male,standard,0,0
PAT-02089,other,5,chronic,1_week,abdomen,unknown,0,worsening,0,0,0,0,0,0,0,0,0,0,106,93,82,22,100.1,95,4,5.8,9.2,325066,143.4,4.2,1.42,116,0.889,287,2.6,1.6,0,1,0,0,0,0,0,4,6,0,0,1,267,0,1,1,55,unknown,standard,0,0
PAT-02090,shortness_of_breath,10,chronic,2_hours,back,burning,0,stable,0,0,0,0,0,0,0,0,0,0,131,64,114,25,100.6,95,5,10.4,15.4,394354,135.2,4.5,2.24,182,0.271,762,2.5,1.7,0,1,0,0,0,1,0,4,2,4,0,1,201,2,2,1,22,unknown,standard,0,0
PAT-02091,back_pain,1,sudden,1_week,arm,aching,0,fluctuating,0,0,0,0,0,0,0,0,0,0,90,76,86,23,100.6,96,10,15.8,8.8,215764,141.8,4.4,1.88,185,0.429,186,1.0,1.6,0,1,1,0,0,0,0,1,6,9,1,0,362,0,3,1,27,unknown,standard,0,0
PAT-02092,headache,9,chronic,2_hours,back,aching,1,fluctuating,1,0,0,0,0,0,0,0,0,0,108,97,112,19,98.5,89,10,9.9,15.7,387500,142.6,3.7,3.19,131,0.023,293,3.4,1.1,0,1,0,0,0,0,0,2,1,6,0,0,174,0,2,1,70,unknown,standard,1,0
PAT-02093,fever,4,chronic,1_hour,head,unknown,1,fluctuating,0,0,0,0,0,0,0,0,0,0,133,98,98,24,101.5,88,6,3.7,15.0,179193,144.9,3.2,2.77,85,0.401,268,1.1,1.2,1,0,1,1,0,0,1,4,5,3,0,0,56,2,3,1,80,unknown,standard,0,0
PAT-02094,back_pain,4,sudden,1_month,arm,aching,0,stable,0,1,0,0,0,0,0,0,0,0,135,87,88,16,97.3,96,3,4.3,12.1,244600,136.4,5.5,2.43,144,0.036,401,4.0,3.2,0,0,1,0,0,0,0,4,0,9,0,0,70,3,3,1,37,unknown,standard,1,0
PAT-02095,injury,5,gradual,2_hours,back,aching,0,improving,0,0,0,0,0,0,0,0,0,0,125,85,75,19,97.3,90,9,9.9,13.5,335263,134.2,4.2,0.81,141,1.048,811,0.8,1.7,0,1,0,1,0,0,0,2,2,3,0,0,261,1,2,0,79,unknown,standard,0,0
PAT-02096,chest_pain,5,sudden,1_month,generalized,dull,0,fluctuating,0,0,0,0,0,0,0,0,0,0,151,60,55,24,100.2,97,2,12.1,10.1,164582,138.1,3.9,3.47,104,0.802,671,3.8,2.8,0,0,0,0,0,0,0,3,5,8,0,0,21,6,2,1,29,unknown,standard,0,0
PAT-02097,back_pain,5,sudden,1_month,chest,throbbing,0,worsening,0,0,0,0,0,0,0,0,0,0,173,90,109,27,100.6,89,1,16.4,11.3,415852,145.9,5.0,2.29,179,1.163,357,1.7,2.5,0,0,1,0,0,0,0,0,5,2,0,0,333,2,0,1,74,unknown,standard,0,0
PAT-02098,back_pain,1,gradual,2_hours,back,burning,0,improving,0,0,1,0,0,0,0,0,0,0,163,57,103,20,98.9,97,9,17.7,9.8,225957,144.4,4.6,1.43,97,1.071,665,3.1,2.2,0,1,0,1,0,0,0,4,6,1,0,0,125,3,0,0,70,female,standard,1,0
PAT-02099,fever,9,chronic,1_day,head,burning,0,improving,0,0,0,0,0,0,0,0,0,0,165,58,75,15,100.7,89,3,17.7,12.5,295516,134.5,5.2,2.36,125,0.726,795,1.8,1.9,0,0,0,0,0,0,0,4,3,7,0,0,208,6,1,1,45,female,standard,0,0
PAT-02100,chest_pain,2,gradual,1_week,abdomen,aching,1,improving,0,0,0,0,0,0,0,0,1,0,86,81,109,13,100.5,89,8,11.6,10.7,297182,133.1,5.0,2.99,159,0.606,76,3.2,2.4,1,0,0,0,0,0,0,0,1,6,0,0,51,3,1,1,52,unknown,standard,1,0
PAT-02101,injury,5,chronic,2_hours,generalized,sharp,0,fluctuating,0,1,0,0,0,0,0,0,0,0,162,92,81,16,99.4,95,4,4.0,11.0,259736,137.6,3.8,2.21,79,1.061,324,2.3,2.2,1,1,1,0,0,0,0,4,4,9,0,0,76,4,2,0,74,female,standard,1,0
PAT-02102,shortness_of_breath,7,chronic,1_hour,abdomen,burning,1,stable,0,0,0,1,0,0,0,0,0,0,127,79,74,13,101.3,90,0,6.6,11.8,190997,132.7,4.6,2.88,124,0.362,162,2.5,2.6,0,0,0,1,0,0,0,2,4,4,0,0,157,5,2,1,19,unknown,standard,1,0
PAT-02103,shortness_of_breath,10,gradual,1_month,unknown,throbbing,0,stable,0,0,0,0,0,1,0,0,0,0,116,91,70,21,103.2,88,4,9.8,15.4,194027,142.1,4.4,1.86,246,0.272,767,3.2,3.2,0,1,0,1,0,0,0,4,5,2,0,0,336,3,3,1,33,female,standard,1,0
PAT-02104,back_pain,0,sudden,3_days,generalized,pressure,0,fluctuating,1,0,1,0,0,0,0,0,0,0,96,81,102,13,100.3,95,5,16.3,12.7,130878,130.6,5.4,2.35,194,0.495,538,1.1,1.6,0,1,0,0,0,0,0,1,0,2,0,0,80,2,3,1,72,female,standard,2,0
PAT-02105,other,0,gradual,2_hours,abdomen,throbbing,1,worsening,0,0,0,0,0,0,0,0,0,0,107,95,86,17,102.2,89,9,3.8,14.9,361470,133.6,3.8,1.88,89,0.069,240,1.6,1.7,1,0,1,0,0,0,0,4,4,10,0,0,37,7,3,1,65,male,standard,0,0
PAT-02106,other,10,chronic,1_week,chest,aching,0,worsening,1,0,0,0,0,0,0,0,0,0,100,90,86,21,98.8,93,5,10.9,15.2,336953,130.3,3.9,2.18,184,0.366,77,3.6,2.5,0,0,0,0,0,0,0,0,1,1,0,0,178,5,2,1,33,unknown,standard,1,0
PAT-02107,chest_pain,1,gradual,1_month,head,aching,0,worsening,0,0,0,0,0,0,0,1,0,0,128,100,107,22,102.0,95,4,13.0,10.1,155296,133.6,5.3,1.17,76,0.105,328,3.4,2.8,0,0,0,0,0,0,0,2,1,4,0,0,342,3,0,1,83,unknown,standard,1,0
PAT-02108,chest_pain,10,gradual,1_day,unknown,dull,0,fluctuating,0,0,0,0,0,0,0,0,0,0,86,101,107,21,101.3,97,7,7.7,14.6,351498,130.8,4.3,2.38,226,0.068,224,4.2,1.3,0,1,0,0,0,0,0,4,2,7,1,0,168,6,2,1,44,unknown,standard,0,0
PAT-02109,injury,5,chronic,1_hour,arm,unknown,0,stable,0,0,0,0,0,0,0,0,0,0,91,90,56,12,101.2,96,4,8.1,13.5,138740,140.8,4.3,3.44,256,0.664,464,0.7,2.9,1,0,0,0,0,0,0,3,4,0,0,1,44,5,3,1,21,unknown,standard,0,0
PAT-02110,fever,8,sudden,1_day,abdomen,burning,0,fluctuating,0,0,0,0,0,0,0,0,0,0,105,100,111,13,102.8,88,10,9.1,12.3,124171,139.1,5.2,2.84,84,0.851,243,1.1,3.0,1,1,0,0,0,0,0,2,4,11,0,0,108,4,1,0,59,unknown,standard,0,0
PAT-02111,headache,3,gradual,3_days,generalized,unknown,0,stable,0,1,0,0,0,0,0,0,0,0,142,96,76,16,98.7,96,9,7.5,8.8,328855,133.4,3.9,1.6,109,0.646,671,1.8,1.8,0,0,0,0,0,0,0,2,5,10,0,0,260,4,2,1,43,male,standard,1,0
PAT-02112,shortness_of_breath,2,chronic,2_hours,head,unknown,0,improving,0,0,0,0,0,0,0,0,0,0,107,61,106,21,99.5,95,2,9.8,12.9,184861,133.3,4.8,3.12,200,0.089,131,3.1,1.5,0,0,0,0,0,0,0,3,2,0,0,0,44,1,2,1,84,male,standard,0,0
PAT-02113,fever,7,chronic,1_month,back,burning,0,fluctuating,0,0,0,0,0,0,0,0,0,0,144,84,112,16,97.7,93,2,5.8,9.3,258540,134.7,4.9,3.21,115,0.477,556,1.7,1.8,0,0,0,1,0,0,0,4,4,9,1,0,95,5,1,0,72,male,standard,0,0
PAT-02114,abdominal_pain,10,gradual,2_hours,chest,burning,0,stable,0,0,0,0,0,0,0,0,0,0,109,104,88,21,101.8,99,3,6.4,14.9,278652,142.8,4.2,1.2,121,0.138,678,1.8,1.3,0,0,0,0,0,0,0,1,4,11,0,0,353,5,2,0,50,female,standard,0,0
PAT-02115,shortness_of_breath,9,sudden,1_week,head,aching,0,improving,0,0,0,0,0,0,0,0,0,0,119,101,71,23,102.5,92,9,4.0,15.9,266486,132.4,4.0,0.85,200,0.782,829,1.4,1.0,0,0,0,0,0,0,0,0,1,8,0,0,6,7,2,0,23,female,standard,0,0
PAT-02116,fever,8,gradual,2_hours,head,burning,0,improving,0,0,0,1,0,0,0,0,0,0,129,83,77,14,99.8,93,7,9.5,12.1,277212,131.9,4.9,2.3,159,0.993,266,3.9,2.7,0,1,0,0,0,0,0,2,6,0,0,0,245,7,1,1,75,male,standard,1,0
PAT-02117,shortness_of_breath,10,sudden,1_hour,arm,sharp,0,fluctuating,0,0,0,0,0,0,0,0,0,0,91,94,87,16,99.4,89,8,13.8,11.7,273391,138.1,3.8,2.03,232,0.144,99,2.6,2.2,0,0,1,0,0,0,0,1,4,5,0,0,272,2,1,1,48,female,standard,0,0
PAT-02118,headache,4,sudden,3_days,head,sharp,0,stable,0,0,0,0,0,0,0,0,1,0,153,95,83,20,101.3,98,6,10.8,12.2,183800,143.8,5.1,2.7,196,0.085,543,1.2,2.0,0,0,0,0,0,0,0,0,4,2,0,0,177,5,2,1,57,unknown,standard,1,0
PAT-02119,abdominal_pain,8,sudden,1_day,arm,pressure,0,improving,0,0,0,0,0,0,0,0,0,0,116,59,73,13,97.7,90,1,11.2,8.6,331098,133.6,4.2,1.52,173,0.49,719,2.7,1.4,0,1,1,1,0,0,0,0,4,8,0,0,130,2,1,0,18,female,standard,0,0
PAT-02120,other,1,sudden,3_days,chest,burning,0,fluctuating,0,0,0,0,0,0,0,0,0,0,137,60,123,24,99.1,96,8,10.0,10.0,219523,131.7,3.2,1.76,240,0.368,567,1.2,2.2,0,1,0,0,0,0,0,4,3,5,0,0,109,1,0,1,28,unknown,standard,0,0
PAT-02121,other,2,gradual,1_month,chest,dull,0,improving,0,0,0,1,0,0,0,0,0,0,153,98,91,17,99.5,90,5,12.0,16.0,306847,137.9,4.5,1.44,100,0.317,171,1.6,1.8,1,0,0,0,1,0,0,1,4,7,0,0,151,7,1,1,26,unknown,standard,1,0
PAT-02122,headache,6,chronic,2_hours,back,pressure,0,worsening,0,0,0,0,0,0,0,0,0,0,109,61,80,26,100.5,97,5,6.8,10.9,179223,141.7,3.6,1.52,94,0.258,820,3.1,2.1,0,0,0,0,0,0,0,2,3,8,0,0,115,2,3,1,25,female,standard,0,0
PAT-02123,injury,6,chronic,1_month,arm,aching,0,fluctuating,0,0,0,0,0,0,0,0,0,0,168,93,78,19,100.2,94,5,6.5,13.0,220104,139.9,4.3,0.73,110,0.384,439,3.3,1.1,0,0,0,0,0,0,0,2,3,5,0,0,279,0,2,0,25,female,standard,0,0
PAT-02124,abdominal_pain,5,chronic,1_day,arm,burning,0,improving,0,0,0,0,0,0,0,0,0,0,170,86,108,27,98.5,98,0,17.2,13.5,223497,136.7,5.1,2.13,138,1.159,151,2.2,3.0,0,1,0,0,0,0,0,4,6,3,0,0,222,4,1,1,38,female,standard,0,0
PAT-02125,back_pain,5,chronic,1_month,abdomen,sharp,0,fluctuating,1,0,0,0,0,0,0,0,1,1,161,69,75,14,100.6,91,8,10.0,15.5,227616,130.6,3.6,2.02,117,1.03,502,1.2,2.7,0,1,0,0,0,0,0,2,5,6,0,1,345,5,0,1,22,male,standard,3,0
PAT-02126,fever,1,chronic,1_week,abdomen,dull,0,fluctuating,0,0,0,0,0,0,0,0,0,0,86,67,64,25,103.0,99,5,15.5,10.0,143792,134.8,3.7,1.7,242,0.724,453,1.4,2.6,0,0,0,0,0,0,0,0,4,3,0,0,50,5,1,1,64,male,standard,0,0
PAT-02127,abdominal_pain,9,chronic,3_days,back,pressure,0,stable,1,1,0,0,0,0,0,0,0,0,170,72,96,13,97.4,98,6,16.8,15.6,264774,144.7,4.3,2.21,92,0.962,75,2.5,2.2,0,0,0,0,0,0,0,4,2,1,0,0,346,0,3,1,71,female,standard,2,0
PAT-02128,injury,5,gradual,1_day,chest,dull,0,stable,0,0,0,0,0,0,0,0,0,0,145,64,83,22,101.5,96,0,12.4,11.3,205642,133.6,4.3,1.8,224,0.023,137,2.7,1.4,0,1,0,1,0,0,1,0,4,2,0,0,297,3,3,0,67,male,standard,0,0
PAT-02129,injury,3,sudden,1_day,leg,burning,0,improving,1,0,0,0,0,0,0,0,0,0,93,94,111,12,101.1,99,4,7.8,15.8,369883,139.8,4.2,1.91,279,0.138,389,3.7,1.1,0,0,1,0,0,0,0,0,5,2,0,0,107,1,2,1,61,unknown,standard,1,0
PAT-02130,headache,2,chronic,1_day,abdomen,throbbing,0,fluctuating,0,0,0,0,0,0,0,0,0,1,135,65,89,24,103.0,91,2,13.4,11.5,197942,144.5,4.8,0.71,153,0.354,283,1.6,1.7,0,0,0,0,0,0,0,3,3,8,0,0,248,6,0,1,55,male,standard,1,0
PAT-02131,shortness_of_breath,10,gradual,1_hour,head,dull,1,fluctuating,0,0,0,1,0,0,0,0,0,0,86,94,82,12,101.3,97,8,9.7,8.9,128873,137.8,3.8,0.89,90,0.774,720,2.8,1.8,0,0,0,0,0,0,0,3,5,2,0,0,296,5,0,0,60,male,standard,1,0
PAT-02132,abdominal_pain,1,chronic,3_days,chest,dull,0,worsening,0,1,0,0,0,0,0,0,1,0,129,94,66,22,101.1,97,1,17.6,8.4,149837,137.1,3.8,1.12,77,1.061,539,0.6,2.7,0,0,0,0,0,0,0,4,5,10,0,1,325,0,0,1,19,female,standard,2,0
PAT-02133,fever,0,chronic,1_month,leg,aching,0,fluctuating,0,0,0,0,0,1,0,0,0,0,116,101,112,15,102.0,93,3,15.3,16.2,172377,132.3,3.3,1.22,143,0.281,666,2.3,1.2,0,0,1,0,0,0,0,0,4,4,0,0,11,3,2,0,44,female,standard,1,0
PAT-02134,abdominal_pain,10,sudden,1_day,unknown,sharp,1,stable,0,0,0,0,0,0,0,0,0,0,156,56,98,27,98.9,99,2,15.3,9.0,192906,145.7,4.1,1.97,229,0.171,428,2.0,2.8,0,0,0,0,1,0,0,4,5,6,0,0,195,2,1,0,56,unknown,standard,0,0
PAT-02135,chest_pain,10,sudden,3_days,head,burning,0,fluctuating,1,0,1,0,0,0,0,0,0,0,164,81,61,23,101.0,89,8,12.0,12.6,231686,132.8,3.7,3.15,177,1.018,54,1.0,1.9,1,1,0,0,0,0,0,3,2,5,0,0,231,2,0,1,36,female,standard,2,0
PAT-02136,shortness_of_breath,4,sudden,1_day,generalized,dull,0,stable,1,0,0,0,0,1,0,0,0,0,159,99,70,17,100.5,94,2,3.6,12.5,261494,137.7,4.6,1.84,171,0.494,610,3.8,2.7,1,1,0,1,1,0,0,4,2,6,0,0,110,3,1,1,29,female,standard,2,0
PAT-02137,fever,1,chronic,1_week,arm,burning,0,worsening,0,0,0,0,0,0,0,0,0,0,116,104,89,18,100.0,90,0,15.6,11.4,128364,132.7,3.6,2.46,242,0.841,677,1.0,2.0,0,0,0,0,0,1,1,1,0,0,0,0,193,3,1,1,26,unknown,standard,0,0
PAT-02138,other,1,chronic,1_week,chest,sharp,0,improving,1,0,0,0,1,0,0,0,0,1,92,98,61,24,97.7,88,7,3.9,11.6,179201,135.6,5.3,0.77,176,0.66,286,1.6,1.0,1,0,0,1,0,0,0,4,1,5,0,0,204,3,3,1,64,unknown,standard,3,0
PAT-02139,fever,6,chronic,1_week,generalized,aching,0,stable,1,0,0,0,0,0,0,0,0,0,169,62,68,27,99.0,99,0,5.3,12.0,171353,144.1,5.2,3.09,78,0.215,241,3.2,2.3,0,0,0,0,0,0,0,1,4,4,0,0,259,3,1,1,71,unknown,standard,1,0
PAT-02140,back_pain,7,sudden,2_hours,back,burning,0,improving,0,0,0,0,0,0,0,0,0,0,173,103,113,19,99.0,94,10,15.7,8.8,294464,140.3,5.0,1.02,245,0.842,432,1.3,1.9,0,0,0,0,0,0,0,4,0,1,1,1,339,7,2,0,76,unknown,standard,0,0
PAT-02141,headache,9,gradual,1_day,arm,unknown,1,improving,0,0,0,0,0,1,0,0,0,0,104,92,116,19,101.8,92,0,6.7,14.7,341916,130.2,5.1,1.5,176,0.508,618,0.9,2.0,0,0,0,0,0,0,0,1,0,6,0,0,301,3,2,1,68,male,standard,1,0
PAT-02142,back_pain,7,chronic,2_hours,arm,sharp,0,improving,0,0,0,0,0,1,0,0,0,0,149,70,120,21,103.0,98,6,15.7,11.2,260183,145.5,5.4,2.99,126,0.349,274,4.1,2.7,1,1,1,0,0,0,0,1,0,3,0,0,106,7,2,1,73,female,standard,1,0
PAT-02143,fever,3,chronic,3_days,head,sharp,0,improving,0,0,0,0,0,0,0,0,0,0,105,78,76,25,98.7,99,8,6.9,10.1,342518,142.5,3.9,1.44,126,1.084,629,1.7,1.4,1,0,0,0,0,0,0,1,2,7,0,0,235,6,3,0,79,unknown,standard,0,0
PAT-02144,shortness_of_breath,0,chronic,2_hours,generalized,pressure,0,stable,0,0,0,0,0,1,0,0,0,0,91,77,70,12,97.7,94,3,14.7,10.7,144421,146.0,5.5,1.42,191,0.012,486,0.8,1.0,1,0,1,1,0,0,0,1,4,10,0,0,236,5,1,1,73,unknown,standard,1,0
PAT-02145,abdominal_pain,10,gradual,3_days,arm,aching,1,worsening,0,0,0,0,0,0,1,0,0,0,173,68,97,23,103.5,88,9,11.4,13.2,300032,142.2,5.2,2.39,140,0.489,803,1.1,1.6,1,1,0,0,0,0,0,2,4,10,0,0,50,1,3,0,43,unknown,standard,1,0
PAT-02146,other,6,chronic,3_days,abdomen,aching,1,fluctuating,0,0,0,0,0,0,0,0,0,0,93,81,74,19,101.6,92,3,13.2,14.6,377092,142.2,4.0,3.23,264,0.364,537,1.4,1.3,0,1,0,1,0,0,0,2,4,6,0,0,180,3,3,1,74,female,standard,0,0
PAT-02147,abdominal_pain,0,gradual,3_days,chest,unknown,1,stable,0,0,0,0,0,0,0,0,0,0,170,64,64,23,102.8,89,4,15.7,9.3,273483,141.2,5.2,1.3,157,0.07,252,4.1,1.7,0,0,1,0,0,0,0,4,3,2,0,0,93,7,1,1,75,male,standard,0,0
PAT-02148,shortness_of_breath,10,chronic,1_month,abdomen,burning,0,worsening,1,0,0,0,0,0,0,0,0,0,86,82,73,21,98.1,88,4,17.8,13.0,227582,136.8,5.3,2.44,137,0.101,34,0.7,1.4,0,0,1,0,0,0,0,3,1,11,0,0,116,2,2,1,54,unknown,standard,1,0
PAT-02149,fever,3,gradual,2_hours,head,throbbing,0,fluctuating,0,1,0,0,0,0,0,0,0,0,103,79,66,12,102.2,93,1,4.7,11.6,399245,135.0,3.3,2.38,253,0.211,348,3.5,1.1,0,0,0,0,0,1,0,0,3,8,0,0,165,2,2,1,32,male,standard,1,0
PAT-02150,injury,7,chronic,1_month,leg,unknown,0,improving,0,0,0,0,0,0,0,0,0,1,144,56,64,14,102.3,99,8,13.4,15.3,261806,138.4,5.2,2.55,266,0.608,560,3.4,2.8,1,0,1,0,0,0,0,2,2,4,0,0,73,1,3,1,40,male,standard,1,0
PAT-02151,abdominal_pain,1,sudden,1_day,unknown,pressure,0,fluctuating,0,1,0,0,0,1,0,0,0,0,154,99,110,25,98.2,92,9,17.4,16.1,305160,132.9,4.2,3.35,198,0.343,211,2.4,1.4,1,1,0,0,0,1,0,1,0,2,0,0,98,3,2,1,64,male,standard,2,0
PAT-02152,injury,5,sudden,2_hours,head,aching,1,fluctuating,0,0,1,0,0,0,0,1,0,0,143,87,65,23,98.2,91,8,8.9,13.8,243134,141.6,5.1,1.16,258,1.006,765,4.0,1.7,1,1,0,0,0,0,0,2,0,3,0,0,326,4,1,1,68,female,standard,2,0
PAT-02153,abdominal_pain,5,sudden,1_day,chest,sharp,1,worsening,0,0,0,0,0,0,0,0,0,0,153,104,115,16,99.1,88,8,8.3,13.0,320964,146.0,3.5,2.53,85,0.292,597,0.6,0.9,0,0,1,0,0,1,0,1,3,10,0,0,189,2,0,1,48,male,standard,0,0
PAT-02154,abdominal_pain,8,sudden,1_day,arm,aching,0,fluctuating,0,0,0,0,0,0,0,0,0,1,129,100,92,24,98.6,92,8,13.4,14.6,281781,139.6,3.6,1.21,237,0.866,116,2.4,2.7,0,1,0,0,1,0,0,3,2,7,0,0,240,7,1,1,47,female,standard,1,0
PAT-02155,other,4,chronic,3_days,generalized,unknown,0,improving,0,0,0,0,0,0,0,0,0,0,146,89,71,22,103.3,94,0,9.3,12.2,331365,143.7,5.5,1.58,213,0.256,249,1.5,2.0,0,0,1,0,0,0,0,2,1,10,0,0,248,6,2,1,62,male,standard,0,0
PAT-02156,headache,9,sudden,2_hours,generalized,throbbing,0,stable,1,0,0,0,0,0,0,0,1,0,94,101,108,27,99.5,88,7,6.6,8.5,289488,132.8,4.2,1.79,235,0.056,234,3.3,2.9,0,0,0,0,0,1,0,0,5,0,0,0,238,3,0,1,30,male,standard,2,0
PAT-02157,headache,3,gradual,1_day,back,dull,1,stable,0,0,0,0,0,0,0,0,0,0,149,95,99,21,102.0,91,7,5.8,14.0,139011,143.2,5.0,3.04,140,0.321,651,1.2,1.0,0,0,0,0,0,0,0,0,1,5,0,0,338,4,1,1,24,female,standard,0,0
PAT-02158,chest_pain,4,sudden,1_week,head,dull,0,worsening,0,0,1,0,0,0,0,0,0,0,110,67,79,21,102.3,93,3,6.3,12.9,194143,144.5,4.9,0.85,203,1.006,160,3.8,1.3,0,0,1,0,0,0,0,2,0,11,0,0,299,7,3,1,47,unknown,standard,1,0
PAT-02159,back_pain,9,sudden,1_day,chest,aching,0,improving,0,0,0,0,0,0,0,0,0,1,174,59,85,25,99.6,95,9,13.7,9.3,139460,143.4,5.0,2.75,107,0.103,487,2.1,1.5,0,1,1,0,0,0,0,2,0,7,0,0,254,4,1,1,22,female,standard,1,0
PAT-02160,shortness_of_breath,10,sudden,1_week,back,aching,0,improving,1,1,0,0,0,0,0,0,0,0,144,59,119,23,101.5,94,0,16.8,9.8,219221,140.0,5.0,3.26,151,0.417,90,1.1,2.9,0,1,1,0,1,0,0,0,4,6,0,0,345,0,3,1,59,male,standard,2,0
PAT-02161,shortness_of_breath,4,chronic,2_hours,arm,pressure,0,fluctuating,0,0,0,0,0,0,0,0,0,0,102,76,93,19,97.9,94,0,15.2,10.0,226701,144.8,5.3,0.92,229,0.015,844,0.7,1.7,1,0,0,0,0,0,0,3,3,7,0,0,194,6,2,1,39,male,standard,0,1
PAT-02162,shortness_of_breath,7,sudden,1_month,leg,aching,1,worsening,0,1,0,0,0,0,0,0,0,0,143,88,74,19,99.7,95,0,10.0,14.2,405140,145.4,4.6,2.91,267,0.758,710,3.1,1.3,1,1,0,0,1,0,0,4,0,9,0,1,285,4,0,1,39,female,standard,1,0
PAT-02163,chest_pain,9,gradual,2_hours,head,throbbing,0,improving,0,0,0,0,0,0,0,0,0,0,105,55,97,17,103.3,94,2,11.2,12.4,243146,143.0,4.2,1.0,180,1.132,744,3.9,2.7,1,0,1,0,0,1,0,2,2,0,0,0,188,4,1,1,82,unknown,standard,0,0
PAT-02164,headache,7,sudden,1_month,leg,aching,0,improving,1,0,0,0,0,0,0,0,0,0,130,71,120,15,98.3,91,9,12.5,8.4,296878,138.8,5.3,3.4,247,0.464,559,4.1,1.6,1,1,0,0,0,0,0,2,1,2,0,0,43,2,1,0,39,unknown,standard,1,0
PAT-02165,fever,1,sudden,1_month,chest,burning,0,improving,0,0,0,1,0,1,0,0,0,0,96,103,55,15,99.6,98,2,11.9,15.1,261027,143.4,4.0,2.98,178,0.694,682,3.7,1.7,1,1,0,0,1,0,0,0,5,4,0,0,210,4,0,0,25,male,standard,2,0
PAT-02166,injury,6,sudden,2_hours,leg,unknown,0,stable,0,1,0,0,0,0,0,0,0,0,162,63,109,19,102.2,93,3,17.5,13.5,268009,136.0,4.7,2.65,160,0.545,144,2.0,2.4,0,0,0,1,0,0,0,0,5,1,0,0,329,4,1,1,34,female,standard,1,0
PAT-02167,other,7,gradual,1_day,leg,throbbing,0,stable,0,0,0,1,0,0,0,0,1,0,116,64,105,22,101.4,99,10,16.4,14.2,157350,135.5,5.2,2.24,177,1.168,360,3.9,1.8,0,1,0,0,1,0,0,0,6,10,1,0,221,7,2,1,65,male,standard,2,0
PAT-02168,injury,10,sudden,1_hour,chest,pressure,0,stable,1,0,0,0,0,0,0,0,0,0,123,69,59,14,101.2,89,1,4.1,16.0,127970,135.6,5.3,3.28,158,0.885,276,2.9,0.9,0,0,0,0,0,0,0,0,6,4,1,0,49,2,3,1,44,unknown,standard,1,0
PAT-02169,fever,5,gradual,1_day,chest,burning,0,fluctuating,0,0,0,0,0,1,0,0,0,0,165,99,66,19,102.6,95,10,15.6,10.2,324366,133.2,5.4,1.03,118,0.058,363,0.8,3.2,0,1,0,0,0,0,0,2,1,7,1,0,326,0,2,1,80,unknown,standard,1,0
PAT-02170,other,4,gradual,1_day,head,burning,1,fluctuating,1,0,0,0,0,0,0,0,0,0,139,83,68,15,97.4,90,10,5.2,13.0,343860,140.0,4.7,1.04,114,0.135,218,1.2,1.4,0,0,0,0,0,0,0,1,5,2,0,1,359,0,3,1,31,male,standard,1,0
PAT-02171,chest_pain,10,sudden,3_days,leg,unknown,0,fluctuating,0,0,0,0,0,0,0,1,1,0,139,79,114,21,102.1,91,8,13.5,14.5,167864,140.6,4.9,3.0,119,0.567,182,2.0,1.5,0,0,1,0,0,0,0,0,5,11,1,0,116,7,0,1,22,unknown,standard,2,0
PAT-02172,fever,8,gradual,3_days,back,dull,0,improving,0,0,0,0,0,0,0,0,0,0,94,75,94,20,102.8,89,9,7.6,12.4,372975,143.8,4.3,2.05,204,0.76,311,1.7,1.2,0,1,0,0,0,0,0,3,2,4,0,0,152,7,1,1,59,male,standard,0,0
PAT-02173,shortness_of_breath,2,chronic,1_day,unknown,throbbing,0,stable,0,0,0,0,0,0,0,0,0,0,119,71,63,23,97.3,96,8,14.7,12.1,132034,141.1,3.9,3.07,243,0.352,545,1.8,1.3,0,1,0,0,0,0,0,3,1,0,0,1,108,5,0,1,38,male,standard,0,0
PAT-02174,back_pain,9,sudden,1_week,chest,unknown,0,improving,0,0,0,0,0,0,0,0,0,0,164,81,96,13,100.7,89,9,3.6,15.9,285238,142.5,3.2,1.79,254,0.811,203,3.2,2.1,0,1,0,0,0,0,0,2,3,10,0,0,10,3,2,0,42,unknown,standard,0,0
PAT-02175,abdominal_pain,3,sudden,1_month,arm,burning,0,improving,0,0,0,0,0,0,0,0,0,0,90,82,96,21,99.4,93,6,9.0,10.1,293803,141.0,3.7,1.97,91,0.694,81,0.8,3.1,0,1,1,0,0,0,0,0,5,5,0,0,82,3,1,1,37,female,standard,0,0
PAT-02176,injury,8,gradual,3_days,leg,pressure,1,worsening,0,0,0,0,0,0,0,0,0,0,152,77,87,24,97.5,90,1,3.8,13.5,176004,141.2,5.5,1.63,124,0.525,634,2.8,2.5,0,0,0,0,0,0,0,4,6,8,1,1,245,4,0,1,60,male,standard,0,0
PAT-02177,headache,5,gradual,1_day,chest,unknown,0,improving,0,0,0,0,0,0,0,0,0,0,146,93,79,25,99.8,99,2,17.3,16.2,320036,135.4,5.1,3.36,186,0.701,528,1.8,2.4,0,1,0,0,0,0,1,0,2,11,0,0,158,4,0,1,49,unknown,standard,0,0
PAT-02178,headache,7,sudden,1_hour,back,dull,0,fluctuating,0,1,0,1,0,0,0,0,0,0,93,90,63,12,101.3,93,7,3.7,9.9,243936,145.5,4.3,2.0,243,1.1,161,3.8,1.7,0,0,0,0,0,0,0,2,6,0,0,0,321,3,3,1,18,unknown,standard,2,0
PAT-02179,chest_pain,6,chronic,1_week,generalized,burning,0,stable,0,0,0,0,0,0,0,0,1,0,113,57,98,15,103.0,91,8,5.8,11.9,253684,140.2,4.0,2.81,207,0.296,209,0.8,2.8,0,0,1,0,0,0,0,4,6,0,1,0,82,3,2,1,34,female,standard,1,0
PAT-02180,other,10,gradual,2_hours,head,unknown,0,stable,0,0,0,0,0,0,1,0,0,0,155,87,112,26,101.1,95,3,11.3,16.3,376684,139.4,3.3,2.65,254,0.95,649,4.1,2.0,0,0,0,0,0,0,1,2,4,6,0,0,322,4,0,1,55,unknown,standard,1,0
PAT-02181,headache,1,gradual,1_day,leg,throbbing,0,improving,1,0,0,0,0,0,0,0,0,0,164,61,79,20,102.6,90,8,12.9,8.3,145542,143.6,3.2,1.36,250,0.019,748,0.9,2.0,1,1,0,0,0,0,0,1,5,11,0,0,118,6,2,1,58,unknown,standard,1,0
PAT-02182,shortness_of_breath,2,chronic,1_day,generalized,dull,0,fluctuating,0,0,0,0,0,0,0,0,0,0,90,59,86,23,98.0,95,3,14.1,13.4,236209,136.7,4.9,3.26,164,0.106,553,2.2,3.2,1,1,0,0,0,0,0,3,5,7,0,0,155,5,1,1,28,female,standard,0,0
PAT-02183,injury,0,chronic,1_month,chest,throbbing,0,fluctuating,0,0,0,0,0,0,0,0,0,0,128,80,76,27,98.5,90,1,7.1,11.4,311186,131.5,5.5,2.23,87,1.14,512,3.7,2.3,1,1,1,0,0,0,0,2,6,11,0,0,340,5,3,1,73,male,standard,0,0
PAT-02184,fever,8,sudden,1_week,chest,throbbing,0,fluctuating,0,0,0,0,0,0,0,0,0,0,148,71,109,18,103.3,92,6,7.9,14.6,418708,133.8,3.8,3.1,257,0.839,644,1.8,2.9,0,0,1,1,0,0,0,0,1,1,0,0,93,6,2,1,82,unknown,standard,0,0
PAT-02185,shortness_of_breath,6,chronic,3_days,arm,throbbing,0,stable,0,0,0,0,0,0,0,0,0,0,151,71,115,25,102.8,98,8,7.0,10.7,133509,142.9,3.8,3.03,236,0.762,632,3.7,2.1,1,0,0,0,0,0,0,0,3,2,0,0,111,2,1,1,62,male,standard,0,0
PAT-02186,chest_pain,0,sudden,3_days,arm,unknown,0,fluctuating,0,0,0,0,0,0,0,0,0,0,128,101,111,20,98.7,89,1,7.0,11.2,401613,141.7,5.3,0.86,129,0.404,48,4.1,1.3,0,1,0,0,0,0,0,2,0,7,0,0,174,2,2,1,29,unknown,standard,0,0
PAT-02187,shortness_of_breath,2,chronic,3_days,leg,dull,0,fluctuating,0,0,0,0,0,0,0,0,0,0,162,57,115,20,101.1,93,7,14.8,12.4,373820,131.9,4.6,2.44,168,0.225,475,1.0,3.2,0,0,1,1,0,0,0,3,5,5,0,0,207,2,1,1,77,female,standard,0,0
PAT-02188,fever,3,gradual,2_hours,generalized,unknown,0,improving,1,0,0,0,0,0,0,0,0,0,98,57,121,21,99.5,94,5,17.2,10.9,397907,131.1,3.6,2.91,246,0.459,606,2.3,2.4,1,0,1,0,0,0,0,2,2,10,0,0,162,3,1,1,29,male,standard,1,0
PAT-02189,back_pain,3,sudden,1_week,unknown,unknown,0,worsening,0,0,0,0,0,0,0,0,0,0,93,88,56,26,100.2,95,8,12.1,10.2,148365,140.0,3.3,3.24,243,0.72,369,1.4,1.2,0,0,0,0,1,0,0,2,0,5,0,0,196,0,0,1,77,unknown,standard,0,0
PAT-02190,chest_pain,4,sudden,1_week,generalized,unknown,1,fluctuating,0,0,1,0,0,0,0,0,0,1,107,62,111,20,102.6,91,4,5.8,11.0,393601,145.0,4.5,2.12,76,0.763,718,3.4,2.6,1,1,0,0,0,0,0,0,6,5,0,0,157,6,1,1,24,male,standard,2,0
PAT-02191,back_pain,2,sudden,3_days,chest,burning,0,improving,0,0,0,0,0,0,0,0,0,0,141,99,87,20,101.8,96,0,4.4,15.7,327640,132.8,4.2,2.8,278,0.208,546,1.0,1.9,0,0,1,0,0,0,0,0,6,4,0,0,355,3,2,1,23,unknown,standard,0,0
PAT-02192,abdominal_pain,2,chronic,3_days,unknown,aching,0,improving,0,0,0,0,0,0,0,0,0,0,141,60,117,25,98.7,89,4,7.0,10.9,180990,138.8,4.2,3.41,258,0.537,680,3.4,2.8,0,0,0,1,0,0,0,0,4,3,1,0,94,2,3,0,52,female,standard,0,0
PAT-02193,back_pain,0,gradual,1_month,leg,sharp,0,fluctuating,0,0,1,0,0,0,0,0,0,0,99,91,70,27,99.2,95,9,6.1,15.6,177775,143.0,5.4,3.02,160,0.682,130,3.0,1.5,0,0,0,0,0,0,0,3,0,2,0,1,10,1,3,0,18,male,standard,1,0
PAT-02194,abdominal_pain,6,sudden,1_hour,chest,burning,1,worsening,1,1,0,0,0,0,0,0,0,0,148,99,55,18,99.0,93,6,11.9,9.7,339243,138.5,3.8,3.09,176,1.152,620,2.9,3.1,0,0,0,0,0,0,0,0,1,7,0,0,261,5,2,1,57,male,standard,2,0
PAT-02195,abdominal_pain,10,sudden,1_hour,arm,dull,1,stable,0,0,0,0,0,0,0,0,0,0,91,76,118,19,102.1,91,10,13.6,13.7,140655,135.6,4.3,1.84,87,0.662,266,2.2,1.6,0,1,0,0,0,0,0,4,6,2,0,0,337,7,0,0,57,unknown,standard,0,0
PAT-02196,back_pain,9,sudden,1_day,back,sharp,0,worsening,1,0,0,0,0,0,0,0,0,0,104,87,123,23,100.3,89,6,3.6,14.3,218772,142.6,3.7,0.96,250,0.699,90,2.4,3.2,0,0,1,0,0,0,0,4,1,7,0,0,20,2,0,1,42,unknown,standard,1,0
PAT-02197,chest_pain,0,sudden,1_day,abdomen,sharp,0,fluctuating,0,0,0,0,0,0,0,0,0,0,148,104,71,13,103.2,91,3,9.9,8.9,165874,142.3,3.9,3.4,190,0.919,132,1.0,2.5,1,1,0,0,1,0,0,2,1,0,0,0,335,7,0,1,24,female,standard,0,0
PAT-02198,other,1,gradual,1_week,unknown,sharp,1,worsening,0,0,0,0,0,1,0,0,0,0,103,61,94,20,102.3,90,9,12.5,12.6,255319,143.3,5.0,2.65,163,0.506,485,1.6,3.1,0,0,0,0,0,0,0,2,1,11,0,0,346,1,0,1,73,unknown,standard,1,0
PAT-02199,fever,3,chronic,1_week,abdomen,aching,0,improving,0,0,0,1,0,0,0,0,0,1,90,103,55,13,98.5,91,5,6.3,8.1,141779,145.1,3.7,1.18,242,0.464,415,3.9,2.6,0,0,0,0,1,0,0,1,2,8,0,0,360,6,1,1,50,unknown,standard,2,0
PAT-02200,shortness_of_breath,3,gradual,2_hours,chest,unknown,0,improving,0,0,0,0,0,0,0,0,0,0,135,94,67,19,102.2,91,5,16.6,15.9,329719,132.4,4.8,3.43,177,0.711,848,2.2,2.6,0,1,1,0,0,0,0,4,6,1,0,0,71,2,0,1,18,male,standard,0,0
PAT-02201,shortness_of_breath,4,sudden,2_hours,generalized,pressure,1,worsening,0,0,0,1,0,0,0,0,0,0,123,73,72,13,100.4,98,10,11.5,12.5,285461,135.5,3.5,2.7,262,0.941,66,2.1,1.2,0,0,0,0,0,0,0,3,3,1,0,0,84,2,0,1,40,unknown,standard,1,0
PAT-02202,fever,10,gradual,1_hour,arm,dull,0,stable,1,0,0,0,0,0,0,0,0,0,149,102,122,22,98.8,94,9,8.5,8.3,335987,145.8,3.6,0.95,111,0.767,813,0.8,0.9,0,1,0,1,0,0,0,2,1,1,1,0,361,1,3,1,24,unknown,standard,1,0
PAT-02203,injury,1,sudden,1_day,head,aching,0,worsening,0,0,0,0,0,0,0,0,0,0,155,100,68,23,99.5,88,9,3.8,13.8,171122,139.5,3.3,1.18,95,0.227,600,3.8,1.1,0,0,0,1,0,0,0,2,4,11,0,0,287,2,1,0,71,male,standard,0,0
PAT-02204,injury,3,chronic,1_hour,head,aching,1,fluctuating,0,1,0,0,0,0,0,0,0,1,109,64,59,19,103.3,96,0,10.5,15.5,292462,140.7,4.7,3.12,92,0.48,262,3.3,1.9,0,1,0,0,0,0,1,3,4,4,0,0,262,7,2,1,46,unknown,standard,2,0
PAT-02205,abdominal_pain,0,chronic,1_hour,abdomen,pressure,0,stable,1,0,0,0,0,0,0,0,0,0,107,77,116,14,100.2,92,4,8.4,14.3,213775,144.1,5.5,3.37,151,0.618,475,0.9,1.8,0,1,0,0,0,0,0,4,6,1,0,1,308,1,3,0,26,male,standard,1,0
PAT-02206,abdominal_pain,1,chronic,1_day,back,sharp,0,worsening,0,0,0,0,0,0,0,0,1,0,173,56,87,13,101.7,90,6,17.6,9.1,318726,141.1,4.7,1.72,257,0.631,202,1.1,1.3,0,1,0,0,0,0,0,1,6,2,0,1,29,1,2,0,37,male,standard,1,0
PAT-02207,chest_pain,0,sudden,2_hours,abdomen,unknown,0,worsening,0,0,0,0,0,0,0,0,0,0,142,75,80,17,100.2,94,4,9.0,12.6,235799,140.9,5.3,1.86,163,0.411,344,1.0,1.0,0,1,0,0,0,0,0,3,5,4,0,0,215,7,3,0,76,female,standard,0,0
PAT-02208,headache,9,gradual,1_month,chest,pressure,0,stable,0,0,0,0,0,0,0,0,0,0,95,78,115,17,99.5,94,7,16.9,14.2,148728,131.7,4.4,1.81,183,0.629,361,3.0,2.5,0,0,1,0,0,0,0,1,1,11,0,0,238,3,2,0,64,unknown,standard,0,0
PAT-02209,back_pain,9,chronic,1_month,back,pressure,0,worsening,0,0,0,0,0,0,0,0,0,0,118,102,122,12,102.2,95,0,13.4,14.8,122214,138.1,4.8,3.04,137,0.809,603,1.2,1.4,0,1,0,0,1,0,0,1,3,8,0,0,93,7,0,1,75,unknown,standard,0,0
PAT-02210,abdominal_pain,3,sudden,1_month,head,aching,0,fluctuating,0,0,0,0,0,0,0,0,0,0,115,67,84,27,102.5,97,8,4.6,8.1,190262,140.8,5.3,1.97,262,0.564,422,4.2,3.2,0,0,0,0,1,0,0,2,4,11,0,0,107,0,3,1,35,male,standard,0,0
PAT-02211,shortness_of_breath,3,sudden,1_day,generalized,dull,0,improving,0,0,0,0,0,0,0,0,0,0,122,59,116,18,97.7,91,1,17.0,10.4,188843,142.9,3.4,1.75,248,0.544,693,2.7,1.1,0,0,0,0,0,0,0,4,6,8,0,0,89,7,1,0,23,male,standard,0,0
PAT-02212,chest_pain,6,gradual,3_days,arm,throbbing,1,fluctuating,1,0,0,0,0,0,0,0,0,1,130,72,116,23,99.0,96,7,5.9,15.5,254041,136.6,4.6,2.44,90,0.963,782,3.7,1.7,0,1,0,0,0,0,0,1,2,6,0,0,298,3,3,1,20,female,standard,2,0
PAT-02213,back_pain,9,chronic,3_days,unknown,unknown,0,worsening,0,0,0,0,0,0,0,0,0,0,96,65,124,24,100.4,89,4,10.0,10.2,129613,132.0,4.5,2.07,246,0.909,722,3.2,2.0,1,1,0,1,0,0,0,3,5,11,0,0,172,0,3,1,69,unknown,standard,0,0
PAT-02214,chest_pain,10,sudden,3_days,arm,pressure,1,improving,0,0,0,0,0,0,0,0,0,0,93,91,111,23,99.2,93,9,16.9,12.0,404991,135.9,3.3,2.19,214,0.51,657,0.7,1.4,1,1,0,0,0,1,0,4,3,7,1,0,16,0,2,1,78,female,standard,0,0
PAT-02215,back_pain,10,gradual,1_week,chest,unknown,1,stable,0,0,1,0,0,0,0,0,0,1,97,86,90,22,102.1,90,6,15.5,13.9,125934,136.9,3.6,1.84,138,1.195,197,2.1,2.1,0,1,0,1,0,0,0,0,5,0,0,0,161,5,1,1,50,unknown,standard,2,0
PAT-02216,back_pain,8,chronic,2_hours,abdomen,pressure,0,fluctuating,1,0,0,0,0,0,0,0,0,0,148,82,61,26,97.9,95,10,10.6,16.4,255699,142.0,4.5,1.99,230,0.084,260,1.9,1.2,0,0,0,0,0,1,0,0,3,1,0,0,331,2,0,0,37,male,standard,1,0
PAT-02217,fever,8,gradual,2_hours,chest,sharp,0,stable,0,0,0,0,0,0,0,0,0,1,104,76,119,23,102.2,95,10,6.5,11.6,342929,130.3,4.3,0.8,257,0.395,804,4.0,0.9,0,1,0,1,1,0,0,3,3,1,0,0,125,1,3,1,67,unknown,standard,1,0
PAT-02218,abdominal_pain,4,gradual,1_week,unknown,unknown,1,improving,0,0,0,0,0,1,0,0,0,0,143,99,95,12,101.1,93,6,10.9,12.3,378026,136.2,4.0,3.29,102,0.049,652,1.8,2.5,1,0,0,0,0,0,0,0,4,6,0,0,161,0,2,0,47,female,standard,1,0
PAT-02219,other,9,sudden,1_hour,arm,sharp,0,worsening,0,0,0,0,0,0,0,0,0,0,169,82,86,15,99.0,91,0,11.4,12.7,209949,137.2,4.8,0.79,161,1.008,100,3.1,2.8,0,0,0,1,0,0,0,4,2,4,0,0,100,5,0,0,34,unknown,standard,0,0
PAT-02220,chest_pain,0,sudden,1_month,unknown,aching,0,improving,0,0,0,0,0,0,0,0,0,0,106,55,68,24,99.4,95,7,18.0,10.0,167999,138.8,4.0,2.86,177,0.908,314,2.7,2.2,0,0,0,0,0,0,0,4,1,4,0,0,79,7,0,1,48,unknown,standard,0,0
PAT-02221,other,0,sudden,3_days,head,sharp,0,improving,0,1,0,0,0,0,0,0,0,0,149,60,87,17,98.4,93,2,15.4,11.1,125233,145.5,5.0,1.54,168,0.822,632,3.3,1.4,0,0,0,1,0,0,0,2,5,5,0,0,297,7,0,1,31,female,standard,1,0
PAT-02222,chest_pain,5,gradual,1_month,arm,unknown,1,stable,0,1,0,0,0,0,0,0,0,0,144,65,84,26,98.8,99,3,16.0,11.7,132779,141.8,5.1,1.01,174,0.261,178,0.8,1.8,0,1,0,0,0,0,0,4,4,5,0,0,243,7,0,1,50,female,standard,1,0
PAT-02223,fever,1,sudden,3_days,back,burning,0,fluctuating,1,0,0,0,0,0,0,0,0,0,125,96,60,19,101.7,96,2,17.8,8.2,336221,133.6,4.7,2.41,240,0.851,425,4.0,2.3,1,0,0,1,0,0,0,1,3,2,0,0,339,0,3,1,64,male,standard,1,0
PAT-02224,shortness_of_breath,7,gradual,1_month,generalized,unknown,0,improving,0,0,0,0,0,0,0,0,0,0,165,87,64,22,99.6,94,10,11.1,8.1,161964,140.1,3.8,2.68,257,0.43,77,4.2,1.0,0,1,1,0,0,0,0,2,3,4,0,0,222,7,2,1,73,female,standard,0,0
PAT-02225,other,8,gradual,1_hour,unknown,pressure,0,worsening,0,0,0,0,0,0,0,0,0,0,129,70,74,22,101.5,96,1,12.0,9.9,324609,135.5,5.0,2.46,216,1.043,556,2.6,1.1,0,0,0,0,0,1,0,1,3,2,0,0,70,0,1,1,31,male,standard,0,0
PAT-02226,shortness_of_breath,3,sudden,1_month,generalized,sharp,1,improving,0,0,0,0,0,0,0,0,0,1,88,67,66,19,100.4,95,6,10.1,12.4,137022,143.0,3.8,2.31,233,0.243,294,1.2,3.1,0,0,0,0,0,0,0,4,3,2,0,0,194,1,2,1,46,unknown,standard,1,0
PAT-02227,injury,4,chronic,1_month,leg,dull,0,stable,0,0,0,1,0,0,0,0,1,0,154,75,76,21,98.1,91,9,5.3,16.1,390047,132.7,3.9,2.2,137,0.265,73,3.7,2.5,0,0,0,0,0,0,0,2,6,3,1,0,289,4,2,0,23,female,standard,2,0
PAT-02228,abdominal_pain,10,chronic,1_day,arm,burning,0,fluctuating,1,0,0,0,0,0,0,0,0,1,129,102,68,18,100.3,99,4,11.1,16.3,237317,132.3,4.6,2.21,248,1.153,218,2.9,2.5,1,0,0,1,0,1,0,3,4,4,0,0,200,0,2,1,41,unknown,standard,2,0
PAT-02229,abdominal_pain,7,chronic,1_month,arm,aching,0,worsening,0,0,0,0,0,0,0,0,0,0,142,101,102,22,102.0,93,6,11.9,13.5,168581,131.6,4.8,3.12,150,0.623,21,2.8,1.1,1,1,0,0,1,0,1,3,0,7,1,0,102,1,1,1,45,female,standard,0,0
PAT-02230,headache,2,gradual,1_day,generalized,throbbing,0,stable,0,0,0,1,0,0,0,0,0,0,167,93,108,16,99.1,94,0,6.9,15.0,262171,138.7,4.1,0.95,185,0.538,354,3.8,1.4,0,0,0,0,1,0,1,3,0,9,1,1,359,1,0,0,73,unknown,standard,1,0
PAT-02231,fever,4,gradual,2_hours,leg,pressure,0,improving,0,1,0,1,0,0,0,0,0,0,107,100,90,24,101.3,91,9,14.9,15.7,410935,132.0,4.6,1.14,277,0.425,41,3.2,1.8,0,0,0,1,0,0,0,2,4,5,0,0,259,5,3,1,20,female,standard,2,0
PAT-02232,shortness_of_breath,2,gradual,1_week,back,pressure,0,improving,1,0,0,0,0,0,0,0,0,1,116,78,115,17,98.5,91,1,5.3,15.1,308344,130.7,3.8,2.98,206,0.998,513,3.9,1.4,0,0,0,0,0,0,0,4,0,6,1,0,78,4,0,1,21,unknown,standard,2,0
PAT-02233,back_pain,9,sudden,1_month,abdomen,dull,0,fluctuating,1,0,0,0,0,0,0,0,0,0,147,97,109,19,98.1,97,5,10.8,12.6,321368,135.3,5.0,1.55,181,0.426,185,4.0,2.8,0,0,0,0,0,0,0,4,5,0,0,0,358,6,0,1,55,male,standard,1,0
PAT-02234,chest_pain,2,gradual,2_hours,unknown,throbbing,1,stable,0,0,0,0,0,0,0,0,0,0,92,81,68,14,99.5,90,5,13.1,14.0,283467,142.8,5.5,2.86,163,0.431,136,1.8,2.3,0,1,0,0,0,0,0,2,4,0,1,0,220,5,2,0,49,unknown,standard,0,0
PAT-02235,abdominal_pain,2,sudden,1_day,unknown,throbbing,0,stable,0,0,1,0,0,0,0,0,0,0,169,99,56,17,99.7,97,2,4.3,8.0,264303,132.5,4.8,1.69,182,0.152,794,1.3,1.4,0,1,0,0,0,0,0,2,6,3,0,0,14,3,2,1,71,male,standard,1,0
PAT-02236,other,6,sudden,1_month,arm,aching,0,fluctuating,0,0,0,1,0,0,0,0,0,0,165,91,56,15,102.0,93,9,15.2,13.5,130863,135.7,3.9,3.29,94,0.627,362,2.0,2.7,0,0,0,0,1,0,0,0,4,7,0,0,295,0,2,1,77,female,standard,1,0
PAT-02237,chest_pain,6,chronic,1_month,generalized,aching,1,worsening,0,0,0,0,0,0,0,0,0,0,165,104,115,24,100.1,98,0,7.9,11.6,144201,137.0,4.0,1.49,274,1.109,597,4.1,2.1,0,0,0,0,0,0,0,0,4,1,0,0,244,7,1,0,59,unknown,standard,0,0
PAT-02238,chest_pain,6,chronic,1_hour,chest,burning,0,stable,0,0,0,0,0,0,0,0,0,1,169,57,60,14,97.7,89,2,13.9,13.5,220531,144.0,3.3,1.9,98,1.149,308,1.3,1.4,0,0,0,0,0,0,0,2,6,8,0,0,67,4,3,0,65,unknown,standard,1,0
PAT-02239,headache,9,chronic,2_hours,arm,pressure,0,fluctuating,0,0,0,0,0,0,0,0,0,1,163,66,79,14,101.2,98,3,5.1,13.9,165697,137.6,4.7,1.14,156,1.195,357,2.7,2.8,0,1,0,0,0,0,0,3,3,9,1,0,79,4,2,1,67,unknown,standard,1,0
PAT-02240,shortness_of_breath,7,sudden,3_days,chest,sharp,1,stable,0,0,0,0,0,0,0,0,0,0,109,61,121,15,100.2,91,0,12.5,8.8,235640,138.2,4.6,2.57,112,0.57,140,0.9,1.4,0,0,0,0,0,0,0,4,1,10,0,0,149,3,2,1,75,female,standard,0,0
PAT-02241,abdominal_pain,4,sudden,3_days,back,aching,0,fluctuating,0,0,0,0,0,0,0,0,0,0,117,74,77,17,99.3,95,6,11.6,15.4,260799,134.1,5.4,1.83,147,0.931,154,3.6,2.5,1,1,0,0,0,1,0,3,6,4,0,1,305,0,1,1,54,male,standard,0,0
PAT-02242,chest_pain,4,sudden,1_hour,arm,dull,0,improving,0,0,0,0,0,0,0,0,0,0,150,69,82,26,102.3,90,2,5.7,9.5,153260,140.7,4.1,3.34,226,0.665,334,3.0,1.8,0,1,0,0,1,0,0,1,5,7,0,0,69,5,2,1,74,unknown,standard,0,0
PAT-02243,abdominal_pain,3,gradual,1_day,unknown,dull,0,improving,0,0,0,0,0,1,0,0,0,0,100,55,79,22,98.2,99,7,12.6,8.1,291720,130.4,5.3,0.74,143,0.66,747,2.5,2.6,1,1,1,1,0,0,0,1,5,3,1,0,316,4,2,0,40,male,standard,1,0
PAT-02244,back_pain,6,sudden,3_days,generalized,dull,0,stable,0,0,0,1,0,0,0,0,0,0,139,64,119,12,103.0,95,6,13.5,11.7,139374,145.4,4.9,1.79,250,0.968,523,2.9,1.9,1,1,0,0,0,0,0,1,5,9,0,0,202,4,0,1,81,unknown,standard,1,0
PAT-02245,headache,9,chronic,3_days,back,unknown,0,stable,0,0,0,0,0,0,0,0,1,0,120,68,120,13,99.3,94,5,10.7,8.8,221702,138.0,3.9,0.77,119,1.003,286,1.0,1.6,0,0,0,0,0,0,1,3,6,5,0,0,56,3,0,1,71,male,standard,1,0
PAT-02246,back_pain,3,chronic,1_week,back,aching,0,improving,0,0,1,0,0,0,0,0,0,0,156,69,97,24,100.1,94,7,11.9,16.1,130636,131.0,3.2,1.62,151,0.029,159,3.7,3.1,0,0,0,0,0,0,0,0,0,0,0,0,65,4,1,1,48,female,standard,1,0
PAT-02247,abdominal_pain,1,sudden,2_hours,abdomen,aching,0,worsening,0,0,0,0,0,0,1,0,0,0,164,88,94,15,103.1,98,8,16.4,10.4,271039,138.9,4.9,1.76,223,1.132,677,1.8,2.6,0,0,0,0,0,0,0,1,4,5,0,0,121,2,3,1,61,male,standard,1,0
PAT-02248,injury,3,sudden,1_day,arm,dull,0,fluctuating,0,0,0,1,0,0,0,0,1,1,91,103,77,23,102.0,96,1,13.6,9.9,243669,138.2,4.3,1.42,147,0.988,504,1.2,2.8,0,0,0,0,0,0,0,2,2,11,1,0,193,7,1,1,73,female,standard,3,0
PAT-02249,other,7,chronic,1_month,chest,aching,0,worsening,0,0,0,0,0,0,0,1,0,0,153,79,103,21,97.7,91,9,16.6,10.2,133979,133.9,5.4,1.42,268,0.867,404,0.7,1.6,0,0,1,0,1,0,0,4,3,6,0,0,295,0,3,1,21,unknown,standard,1,0
PAT-02250,abdominal_pain,8,sudden,2_hours,chest,unknown,1,worsening,0,0,0,0,0,0,0,0,0,0,171,85,62,20,100.8,98,8,11.5,10.4,322673,133.3,3.3,1.43,255,1.023,140,0.8,1.7,1,0,1,0,0,0,0,0,2,2,0,0,17,0,0,0,51,unknown,standard,0,0
PAT-02251,shortness_of_breath,2,chronic,1_day,arm,sharp,1,worsening,1,0,1,0,0,0,0,0,0,0,92,64,61,19,99.2,95,9,6.0,8.5,318989,134.3,4.4,1.45,186,0.647,276,3.0,1.3,0,1,0,0,0,0,0,1,5,4,0,0,183,3,1,1,58,unknown,standard,2,0
PAT-02252,chest_pain,6,gradual,3_days,leg,sharp,0,improving,0,0,0,0,0,0,0,0,0,1,87,91,75,21,100.4,89,4,7.1,12.6,408117,132.1,5.0,1.49,267,0.929,814,3.2,1.9,0,0,0,0,0,0,0,4,0,10,0,0,27,6,0,1,62,unknown,standard,1,0
PAT-02253,chest_pain,8,chronic,1_week,abdomen,burning,1,stable,0,0,0,0,0,0,0,0,0,0,119,60,89,19,101.9,90,0,6.1,8.2,122499,138.5,5.0,3.08,82,0.72,266,1.1,3.2,0,1,0,0,0,0,0,4,0,7,0,0,81,4,1,1,82,unknown,standard,0,0
PAT-02254,back_pain,10,gradual,2_hours,abdomen,pressure,0,worsening,0,0,0,1,0,0,0,0,0,0,120,60,115,22,100.3,91,0,8.4,14.3,152653,144.1,4.7,0.81,108,0.654,604,2.8,2.3,0,0,0,1,0,0,0,0,2,8,0,0,38,7,0,1,31,male,standard,1,0
PAT-02255,other,3,sudden,3_days,abdomen,sharp,0,improving,0,0,0,0,0,0,0,0,0,0,163,82,122,18,97.6,96,6,10.4,14.5,225151,144.8,4.1,3.47,212,0.258,468,2.3,2.6,0,0,0,0,0,0,0,3,4,5,0,0,111,2,2,1,80,unknown,standard,0,0
PAT-02256,headache,9,sudden,1_day,chest,burning,0,fluctuating,0,1,0,0,0,0,0,0,0,0,114,92,84,25,100.5,88,5,7.2,11.4,381604,145.2,3.4,1.49,183,1.018,339,4.0,2.6,0,0,0,0,0,0,0,4,2,1,0,0,340,5,1,1,27,female,standard,1,0
PAT-02257,injury,2,gradual,2_hours,back,throbbing,0,stable,0,0,0,0,0,0,0,0,0,0,99,68,122,23,97.4,94,9,10.4,16.3,348950,139.6,3.9,0.78,203,1.061,580,3.0,1.4,0,1,0,0,0,0,0,0,4,4,0,0,249,2,2,1,51,female,standard,0,0
PAT-02258,fever,4,sudden,1_month,generalized,pressure,1,fluctuating,0,0,0,0,1,0,0,0,0,1,152,67,63,17,99.4,89,8,8.8,14.6,378628,139.9,4.7,1.19,237,1.166,739,2.5,1.0,0,1,0,0,0,0,0,1,3,8,0,0,15,2,2,1,69,female,standard,2,0
PAT-02259,other,0,gradual,2_hours,leg,sharp,0,worsening,0,0,0,0,0,1,0,0,0,0,171,67,71,25,100.2,92,0,11.6,9.0,149589,135.0,5.0,3.34,179,0.149,781,1.6,1.2,1,0,0,0,0,0,0,0,4,2,0,0,351,5,0,1,80,female,standard,1,0
PAT-02260,chest_pain,2,sudden,3_days,unknown,unknown,0,stable,0,0,0,0,0,0,0,0,0,0,142,64,97,25,101.3,88,9,9.7,16.3,378669,144.2,5.1,3.49,129,0.353,182,2.3,2.6,0,0,1,0,0,0,0,3,6,5,0,0,353,4,3,0,78,male,standard,0,0
PAT-02261,shortness_of_breath,7,chronic,2_hours,abdomen,throbbing,0,worsening,0,0,0,0,0,0,0,0,0,0,112,70,111,18,100.4,93,9,9.8,15.2,330815,137.8,5.0,1.39,100,0.824,188,1.5,1.9,0,1,0,0,0,0,0,1,2,5,0,0,69,7,1,1,73,male,standard,0,0
PAT-02262,other,10,sudden,1_month,chest,burning,0,stable,0,0,0,0,0,0,0,0,0,0,126,93,67,17,98.2,99,9,10.6,14.0,294457,134.5,3.9,1.33,142,1.027,566,3.0,3.0,1,0,0,0,1,0,0,3,1,10,0,0,154,1,1,0,83,female,standard,0,0
PAT-02263,back_pain,7,chronic,1_week,chest,sharp,1,worsening,0,1,0,0,0,0,0,0,1,1,102,89,111,14,103.1,90,9,17.8,13.6,419618,145.5,4.8,3.04,169,0.903,611,2.7,1.7,0,0,0,0,1,0,0,4,6,1,0,0,45,3,2,0,76,unknown,standard,3,0
PAT-02264,back_pain,3,chronic,1_week,unknown,sharp,1,fluctuating,0,1,0,0,0,0,0,0,0,0,89,69,80,26,101.3,93,6,11.6,13.1,415136,141.3,5.4,3.26,207,0.549,323,1.7,1.1,0,1,0,0,0,0,0,0,3,2,0,0,157,1,1,1,79,male,standard,1,0
PAT-02265,fever,1,gradual,3_days,back,aching,0,fluctuating,0,0,0,0,0,0,0,0,1,0,93,77,115,23,99.2,95,7,14.0,16.4,130232,137.4,3.5,2.52,161,0.873,701,0.6,3.1,1,0,0,1,0,0,0,2,3,10,0,0,267,6,3,1,67,unknown,standard,1,0
PAT-02266,shortness_of_breath,7,sudden,1_day,unknown,throbbing,0,worsening,0,0,0,0,0,0,0,0,0,0,168,91,116,17,103.3,95,9,9.5,12.1,258071,131.1,4.9,3.32,153,0.091,475,4.1,1.8,0,1,1,0,0,0,0,3,2,8,1,0,345,3,3,0,33,male,standard,0,0
PAT-02267,headache,7,gradual,3_days,arm,sharp,0,stable,0,0,0,0,0,0,0,0,0,0,93,62,73,23,102.8,99,3,8.2,9.4,376929,132.2,4.1,3.36,269,0.797,771,0.8,2.9,0,0,0,0,0,0,0,0,5,8,0,0,158,0,2,1,28,unknown,standard,0,0
PAT-02268,other,9,sudden,1_week,arm,dull,0,fluctuating,0,0,0,0,0,0,0,0,0,0,102,80,84,18,98.1,91,0,16.8,10.5,170468,133.1,3.7,2.83,93,0.015,793,2.6,1.0,0,1,0,1,0,0,0,2,1,8,0,0,342,0,0,1,63,unknown,standard,0,0
PAT-02269,shortness_of_breath,3,chronic,1_hour,generalized,unknown,0,stable,0,0,0,1,0,0,0,0,0,0,140,76,67,17,101.3,94,10,14.3,11.2,123544,144.4,3.9,1.68,117,0.062,375,3.7,1.7,0,1,0,0,0,0,0,2,1,1,0,0,101,7,3,1,63,unknown,standard,1,0
PAT-02270,headache,2,chronic,1_hour,unknown,aching,0,stable,0,0,0,1,0,0,0,0,0,0,99,59,103,22,100.7,99,10,11.9,10.7,266684,145.5,3.6,1.12,113,0.91,370,2.8,2.3,0,1,0,0,0,1,0,0,5,2,0,0,55,6,2,1,81,unknown,standard,1,0
PAT-02271,shortness_of_breath,1,sudden,2_hours,generalized,aching,1,fluctuating,1,0,0,0,0,0,0,0,0,0,163,88,105,13,98.4,93,2,8.4,8.3,377316,134.3,5.1,2.15,229,0.576,130,2.7,2.1,0,0,0,0,0,0,0,1,0,8,0,1,28,4,0,1,61,female,standard,1,0
PAT-02272,shortness_of_breath,8,sudden,1_month,abdomen,sharp,0,improving,0,1,0,1,0,0,0,0,0,0,162,81,63,17,98.7,89,1,7.2,8.6,207893,138.0,4.1,1.51,224,0.076,623,3.2,2.6,1,0,0,0,1,0,0,2,1,11,0,0,14,3,2,1,62,unknown,standard,2,0
PAT-02273,abdominal_pain,0,gradual,2_hours,generalized,unknown,1,improving,1,0,0,0,0,0,0,0,0,0,146,73,83,24,100.8,93,2,7.2,8.0,155564,142.7,5.4,1.03,123,0.581,310,1.7,2.9,1,1,0,0,1,0,0,0,0,7,0,1,17,1,0,1,25,female,standard,1,0
PAT-02274,back_pain,6,sudden,1_hour,abdomen,aching,0,stable,0,0,0,0,0,0,0,0,0,1,119,97,62,27,99.2,89,5,10.8,13.8,291268,136.2,5.4,1.8,132,0.08,292,2.0,2.6,0,0,0,0,0,0,0,0,4,3,0,1,22,0,2,1,69,female,standard,1,0
PAT-02275,other,4,sudden,1_week,leg,pressure,0,fluctuating,1,0,1,0,0,1,0,0,0,0,124,97,69,24,102.5,91,9,16.2,13.6,351047,137.9,5.4,2.04,133,0.419,706,0.9,1.6,0,1,0,0,1,0,0,1,4,9,0,0,143,4,1,1,48,female,standard,3,0
PAT-02276,shortness_of_breath,7,sudden,2_hours,generalized,throbbing,1,improving,0,0,0,0,0,0,0,0,0,0,135,89,123,13,97.8,92,2,16.3,8.6,171965,144.2,3.6,2.55,114,0.193,305,0.6,3.1,0,1,0,0,0,0,0,0,5,10,1,0,190,0,1,1,70,unknown,standard,0,0
PAT-02277,other,3,gradual,3_days,back,pressure,0,worsening,1,0,0,0,0,0,1,0,1,0,144,99,88,12,103.0,96,9,14.3,10.7,183592,133.3,4.0,1.32,180,0.267,775,1.6,3.0,0,1,0,0,0,0,0,3,5,10,0,0,25,5,2,1,57,female,standard,3,0
PAT-02278,fever,6,sudden,1_month,abdomen,burning,0,stable,0,0,0,0,0,0,0,0,0,1,140,74,106,26,102.5,90,3,11.4,10.4,124462,145.9,3.9,3.13,89,0.239,28,3.5,2.3,0,0,0,0,0,0,0,3,4,6,0,0,301,1,3,1,49,male,standard,1,0
PAT-02279,shortness_of_breath,4,chronic,3_days,back,pressure,0,improving,0,0,0,0,0,1,0,0,0,0,168,101,104,21,101.9,99,0,6.9,11.9,149779,137.3,5.3,1.22,106,0.449,810,2.8,2.1,0,0,0,1,0,0,0,1,0,4,0,0,320,3,0,1,19,female,standard,1,0
PAT-02280,chest_pain,4,gradual,1_month,chest,unknown,0,fluctuating,0,0,0,0,0,0,0,0,0,1,159,92,121,21,98.9,92,5,10.4,11.0,358591,134.1,3.4,3.49,132,0.134,64,1.1,2.1,0,0,1,0,1,0,1,4,6,1,0,0,50,5,1,1,29,female,standard,1,0
PAT-02281,back_pain,8,gradual,1_week,abdomen,dull,0,fluctuating,0,1,0,0,0,0,0,0,0,0,125,67,59,21,101.7,89,1,13.6,15.0,411884,144.3,4.6,2.26,169,0.636,84,2.1,2.6,0,0,0,0,0,0,0,0,6,6,0,0,60,2,3,1,49,female,standard,1,0
PAT-02282,chest_pain,8,chronic,2_hours,chest,aching,0,stable,0,1,0,0,0,0,0,0,0,0,138,72,63,16,100.0,90,3,12.1,15.5,350786,131.2,4.3,1.11,130,0.491,159,0.7,2.0,1,0,0,0,0,0,1,3,1,9,0,1,12,0,0,1,29,female,standard,1,0
PAT-02283,other,8,chronic,1_month,head,unknown,1,fluctuating,0,0,0,0,0,0,0,0,0,0,101,72,59,27,101.2,92,4,11.0,9.8,197815,140.3,5.4,3.04,177,1.009,356,3.5,3.2,1,0,0,0,1,0,1,3,2,7,0,0,90,3,2,1,47,female,standard,0,0
PAT-02284,other,5,chronic,3_days,back,aching,1,worsening,0,0,0,0,0,0,1,0,0,0,109,55,81,15,99.2,94,4,9.7,9.0,165871,131.0,5.4,1.41,193,0.992,705,2.3,2.5,0,1,0,0,0,0,0,0,6,3,1,0,333,5,3,1,52,female,standard,1,0
PAT-02285,back_pain,5,sudden,2_hours,head,dull,0,worsening,0,0,0,0,0,0,0,0,0,0,171,86,101,27,102.5,93,3,14.4,15.1,318856,145.1,4.2,1.23,126,0.99,692,1.6,1.4,0,1,0,0,0,0,0,0,5,9,0,0,9,6,0,1,63,male,standard,0,0
PAT-02286,other,4,chronic,2_hours,abdomen,aching,0,improving,0,0,0,0,1,0,0,0,0,0,93,79,116,20,97.5,89,2,15.7,12.3,212301,140.2,4.2,1.08,279,0.566,659,3.4,2.4,0,0,0,0,0,1,0,2,3,10,0,0,146,0,1,1,36,male,standard,1,0
PAT-02287,chest_pain,8,sudden,3_days,chest,pressure,1,fluctuating,0,0,0,0,0,0,0,0,0,0,140,75,99,26,101.6,96,3,14.0,10.8,319954,136.4,4.1,2.24,102,0.352,297,4.1,2.0,0,1,0,1,0,0,0,1,1,7,1,0,49,3,0,1,82,male,standard,0,0
PAT-02288,shortness_of_breath,9,gradual,1_hour,abdomen,burning,0,worsening,0,0,0,0,0,0,0,1,0,0,173,81,120,20,102.4,95,2,17.1,8.4,307525,136.8,5.0,3.16,170,0.501,29,2.1,1.3,0,1,1,0,0,0,0,2,0,10,1,0,207,6,2,1,34,male,standard,1,0
PAT-02289,shortness_of_breath,7,gradual,1_month,head,sharp,0,stable,1,0,0,0,0,0,0,0,0,0,107,65,77,27,101.3,96,2,14.8,13.2,269092,132.6,3.4,3.21,226,0.826,365,3.4,2.1,0,0,0,0,0,1,0,1,2,6,0,0,311,1,0,1,43,unknown,standard,1,0
PAT-02290,abdominal_pain,6,chronic,3_days,unknown,dull,0,fluctuating,1,0,0,0,0,0,0,0,0,0,86,102,115,20,98.4,96,3,10.0,9.8,163788,135.8,3.5,2.9,200,0.638,417,1.8,2.9,1,0,0,0,0,0,0,2,0,2,0,0,190,2,1,1,69,male,standard,1,0
PAT-02291,fever,6,sudden,1_week,unknown,pressure,1,improving,1,0,0,1,0,0,0,0,0,0,129,55,97,14,99.0,92,8,12.4,8.3,324589,144.5,4.8,2.33,239,0.751,236,3.3,1.0,0,1,0,0,1,0,0,1,6,2,0,0,227,0,0,1,29,male,standard,2,0
PAT-02292,other,5,chronic,1_day,abdomen,unknown,0,stable,0,0,0,0,0,1,0,0,0,0,149,73,89,25,100.4,98,8,10.8,11.8,350944,142.9,3.2,2.18,264,0.834,514,4.1,2.9,0,0,0,0,0,1,0,0,0,11,0,0,75,6,0,1,52,male,standard,1,0
PAT-02293,chest_pain,4,chronic,3_days,leg,pressure,0,stable,0,0,0,0,0,0,0,0,0,0,122,86,84,21,99.3,94,7,11.4,13.1,246048,140.6,4.7,1.75,79,1.102,670,2.9,2.5,0,0,0,0,0,0,0,1,3,2,0,0,111,4,0,0,45,female,standard,0,0
PAT-02294,other,3,sudden,2_hours,arm,pressure,0,stable,1,0,0,0,0,0,0,0,0,0,90,62,121,23,97.2,94,3,16.5,9.5,262276,145.5,3.5,0.82,246,1.133,422,1.5,2.6,0,0,1,0,0,0,0,3,2,2,0,0,189,4,3,1,72,male,standard,1,0
PAT-02295,other,2,chronic,2_hours,head,sharp,1,worsening,0,0,0,0,0,0,0,0,0,0,132,73,64,23,97.5,97,1,7.9,13.5,291508,139.2,5.0,3.04,124,1.009,254,3.1,3.0,0,1,0,0,1,0,0,4,4,6,0,0,289,0,0,0,40,male,standard,0,0
PAT-02296,headache,2,gradual,3_days,abdomen,throbbing,0,stable,0,0,0,1,0,0,0,0,0,0,128,70,110,14,102.0,96,8,3.7,9.6,219700,132.8,4.9,3.5,203,0.083,326,3.6,3.1,0,0,0,0,0,0,0,3,1,4,0,0,207,6,2,1,66,unknown,standard,1,0
PAT-02297,abdominal_pain,5,chronic,1_day,chest,aching,0,worsening,0,0,0,0,0,0,0,0,0,0,163,89,88,24,97.7,96,5,13.6,8.2,221126,141.4,3.6,3.28,266,1.175,47,2.1,1.6,0,1,0,0,0,0,0,1,5,11,0,0,17,3,1,1,23,male,standard,0,0
PAT-02298,chest_pain,3,sudden,3_days,abdomen,aching,0,stable,0,0,0,0,0,0,0,0,0,1,91,56,119,14,103.0,93,7,6.1,9.3,245022,139.5,4.9,3.31,279,0.846,302,2.8,3.0,1,0,0,1,0,0,0,1,4,3,0,0,221,5,0,1,72,female,standard,1,0
PAT-02299,chest_pain,5,sudden,1_day,unknown,unknown,0,worsening,0,0,0,0,0,0,0,0,0,0,150,66,60,22,100.0,90,3,5.7,13.0,277706,137.0,5.0,1.63,274,0.834,527,1.5,1.4,0,1,0,0,1,0,1,1,0,9,0,0,54,3,0,1,61,unknown,standard,0,0
PAT-02300,other,2,gradual,1_day,chest,burning,1,fluctuating,0,0,0,0,0,0,1,0,0,1,146,83,124,21,102.0,95,7,17.9,13.4,125586,132.4,5.3,0.98,75,0.033,778,2.2,1.2,0,0,0,0,0,0,0,4,3,7,0,1,188,0,3,0,27,unknown,standard,2,0
PAT-02301,abdominal_pain,3,sudden,1_week,arm,unknown,1,worsening,0,1,0,0,0,0,0,0,0,0,114,64,97,16,98.0,88,5,7.4,15.4,135108,140.8,4.9,3.14,217,0.578,169,1.2,2.2,0,1,0,0,0,0,0,4,2,9,0,0,66,3,1,1,48,female,standard,1,0
PAT-02302,shortness_of_breath,8,sudden,1_month,abdomen,throbbing,0,worsening,0,0,0,0,0,0,0,0,1,0,160,76,70,17,103.0,97,5,6.5,8.5,315030,137.1,5.2,2.84,276,0.754,172,3.6,3.0,0,1,0,0,0,0,0,2,3,8,0,0,104,7,2,0,56,female,standard,1,0
PAT-02303,chest_pain,4,gradual,2_hours,generalized,aching,0,fluctuating,0,0,1,0,0,0,0,0,0,0,136,88,117,17,97.4,98,5,6.3,16.1,140816,139.3,4.7,1.79,75,0.338,806,0.9,1.0,0,1,0,0,0,0,0,1,5,2,0,0,187,0,1,1,30,unknown,standard,1,0
PAT-02304,shortness_of_breath,6,chronic,2_hours,unknown,burning,0,stable,0,0,0,0,0,0,0,0,0,0,120,75,119,14,97.5,91,8,9.5,12.4,362038,135.0,4.6,3.03,126,0.104,467,0.8,2.1,1,1,0,0,0,0,0,2,3,10,0,0,361,1,3,1,75,female,standard,0,0
PAT-02305,abdominal_pain,9,gradual,1_day,generalized,unknown,0,fluctuating,0,0,0,0,0,0,0,0,0,0,119,91,59,25,97.5,97,0,9.4,10.1,276766,132.5,4.8,1.09,175,0.641,282,2.5,2.5,0,1,0,0,0,1,0,3,2,5,0,0,288,6,0,1,43,male,standard,0,0
PAT-02306,shortness_of_breath,1,chronic,2_hours,arm,burning,0,stable,0,0,0,0,1,0,0,0,0,0,150,59,79,27,97.9,89,0,12.7,11.1,225918,135.8,4.1,2.52,115,0.538,268,2.7,2.6,0,0,1,0,0,0,0,4,2,3,0,0,200,5,2,1,36,female,standard,1,0
PAT-02307,back_pain,4,gradual,1_hour,head,pressure,1,worsening,0,0,1,0,0,0,0,0,0,1,134,60,81,23,100.3,92,4,5.0,8.5,156893,143.6,3.7,3.37,137,0.058,668,3.9,2.1,1,1,1,0,0,0,0,0,5,11,0,0,16,2,3,1,19,unknown,standard,2,0
PAT-02308,headache,8,chronic,1_day,chest,dull,1,stable,1,0,0,0,0,0,0,0,0,1,87,86,96,13,102.2,99,0,12.7,8.9,266519,132.6,4.2,3.25,248,0.626,649,1.3,2.2,0,0,0,1,0,0,0,4,2,4,0,0,337,3,2,1,42,female,standard,2,0
PAT-02309,injury,10,gradual,2_hours,generalized,pressure,0,worsening,0,0,0,0,0,0,0,0,0,0,160,57,109,17,99.0,99,9,10.1,15.5,243721,137.5,4.6,2.83,95,0.134,434,3.4,1.9,0,0,0,0,0,0,0,2,3,6,0,0,350,2,1,1,19,male,standard,0,0
PAT-02310,chest_pain,2,chronic,1_hour,leg,sharp,0,stable,1,0,0,0,0,0,0,0,0,0,88,64,80,24,101.9,94,8,6.5,8.9,277915,134.8,4.8,1.45,267,0.512,729,2.9,2.6,0,0,0,0,0,0,0,0,0,3,0,0,42,1,1,0,84,unknown,standard,1,0
PAT-02311,fever,8,gradual,1_week,head,aching,0,worsening,0,0,0,0,0,0,0,0,0,0,139,59,70,15,102.1,98,3,14.8,8.5,208191,145.4,4.3,0.99,189,0.328,849,3.3,1.8,0,0,1,0,0,0,0,0,5,7,0,0,313,6,0,1,71,female,standard,0,0
PAT-02312,headache,10,chronic,2_hours,chest,burning,0,worsening,0,0,0,0,0,0,0,0,0,0,136,78,82,20,102.9,88,1,10.4,13.1,308640,131.4,4.0,1.61,126,1.165,336,1.2,1.5,0,0,1,0,1,0,0,0,3,2,0,0,27,4,3,1,67,female,standard,0,0
PAT-02313,injury,5,gradual,1_hour,unknown,unknown,0,improving,0,0,0,0,0,0,0,0,0,0,143,74,84,13,98.1,91,2,13.9,11.3,352721,133.9,3.8,2.43,233,0.047,193,2.2,1.5,1,0,0,0,0,0,0,4,0,10,0,0,302,7,0,1,80,male,standard,0,0
PAT-02314,shortness_of_breath,3,sudden,3_days,unknown,dull,0,stable,0,0,0,0,0,0,0,0,0,0,155,91,99,15,98.1,90,8,16.8,11.5,339812,137.2,3.6,1.59,273,0.674,264,1.9,2.4,0,0,0,1,0,0,0,1,1,6,0,0,122,1,2,1,59,female,standard,0,0
PAT-02315,chest_pain,6,chronic,1_month,unknown,unknown,0,stable,0,1,0,0,0,0,0,0,0,0,104,85,73,22,98.0,91,10,8.6,9.0,138589,134.0,4.3,1.86,110,0.187,361,3.1,3.0,0,0,0,0,0,0,0,0,0,2,0,0,327,7,2,1,26,unknown,standard,1,0
PAT-02316,shortness_of_breath,7,gradual,3_days,arm,aching,0,improving,0,1,0,0,0,0,0,0,0,0,103,101,67,22,99.5,93,7,16.5,8.4,182148,141.3,4.8,1.83,98,0.387,28,2.7,1.5,1,0,0,0,0,0,0,3,1,1,0,0,271,1,2,1,80,male,standard,1,0
PAT-02317,back_pain,5,chronic,1_hour,generalized,burning,0,worsening,0,0,0,0,0,0,0,0,0,0,92,71,77,13,100.3,97,2,6.4,15.4,414714,135.9,5.1,1.64,240,0.225,498,4.1,1.5,1,1,0,0,0,0,0,3,4,7,0,0,354,3,1,1,50,female,standard,0,0
PAT-02318,abdominal_pain,4,chronic,1_day,unknown,burning,0,worsening,0,0,0,0,0,0,0,0,0,1,151,103,68,16,100.1,93,7,6.7,11.3,355926,142.5,4.0,3.29,173,1.194,41,1.1,2.5,1,0,0,0,0,0,0,0,1,1,0,0,142,5,3,1,23,female,standard,1,0
PAT-02319,chest_pain,5,gradual,1_day,back,pressure,0,improving,0,0,0,0,0,0,0,0,0,0,111,78,77,26,98.8,99,3,13.1,8.9,328925,138.8,4.6,1.6,142,0.044,840,2.3,0.9,0,1,0,0,0,0,1,3,3,8,0,0,81,7,1,0,79,unknown,standard,0,0
PAT-02320,injury,4,chronic,2_hours,unknown,dull,1,improving,1,1,0,0,0,0,0,0,0,0,163,72,94,14,101.1,88,5,5.0,9.7,170344,136.8,4.3,3.48,76,0.652,296,3.1,2.8,0,0,0,0,1,0,0,3,4,4,1,0,334,7,0,1,31,male,standard,2,0
PAT-02321,injury,7,gradual,3_days,abdomen,dull,0,fluctuating,0,0,0,0,0,0,0,0,0,0,92,80,118,15,99.3,90,3,10.1,8.9,249602,135.8,5.4,1.29,173,0.732,786,1.9,1.8,0,0,1,0,0,0,0,3,3,3,1,1,163,5,2,1,71,unknown,standard,0,0
PAT-02322,back_pain,0,sudden,1_day,arm,aching,1,worsening,0,0,0,0,0,0,0,0,0,0,102,96,113,20,99.5,88,10,6.6,12.1,383566,133.6,5.2,3.14,156,0.928,104,3.9,3.0,0,0,0,0,1,0,0,2,3,11,0,0,176,4,3,1,73,unknown,standard,0,0
PAT-02323,back_pain,10,chronic,1_day,chest,burning,0,fluctuating,0,0,1,0,0,0,0,0,0,0,113,61,74,24,97.9,88,4,11.8,14.8,372415,134.0,5.2,2.75,268,0.753,72,3.7,2.5,1,1,0,0,0,0,0,2,1,8,0,0,25,2,2,1,60,female,standard,1,0
PAT-02324,other,6,sudden,3_days,chest,dull,0,stable,0,0,0,0,0,0,0,0,0,0,130,97,86,26,100.9,88,9,15.2,11.3,331904,132.8,4.5,2.57,165,0.281,593,3.7,2.7,0,0,0,0,0,0,0,3,2,7,1,0,147,4,0,1,21,male,standard,0,0
PAT-02325,chest_pain,9,chronic,1_week,chest,dull,0,fluctuating,1,0,0,0,0,0,0,0,0,0,120,68,78,21,101.3,90,8,4.1,13.3,313132,143.6,4.2,1.95,131,0.72,717,2.8,1.3,0,1,0,0,0,0,0,1,3,1,1,1,238,1,2,1,84,female,standard,1,0
PAT-02326,shortness_of_breath,9,chronic,1_day,chest,unknown,0,improving,1,0,0,0,0,0,0,0,0,0,87,95,100,22,102.0,89,1,9.5,13.7,380022,138.8,4.7,2.99,137,1.17,80,2.3,1.7,0,1,0,0,0,0,0,3,6,4,0,0,79,4,1,1,34,unknown,standard,1,0
PAT-02327,fever,10,chronic,1_month,abdomen,aching,0,improving,0,0,0,0,0,0,0,0,0,0,93,103,72,16,102.9,99,8,14.1,14.1,151819,137.7,3.6,2.08,178,1.019,694,1.9,1.5,0,0,0,0,0,0,0,2,4,0,0,0,305,6,2,1,50,female,standard,0,0
PAT-02328,injury,1,gradual,1_hour,head,pressure,0,improving,0,0,0,0,0,0,0,0,0,0,94,56,102,27,102.0,91,2,8.5,13.1,234186,135.2,5.2,1.08,145,0.547,443,1.0,2.5,0,0,0,0,0,0,0,0,3,1,0,0,268,3,1,1,71,female,standard,0,0
PAT-02329,injury,8,sudden,2_hours,leg,unknown,0,improving,0,0,0,0,0,0,0,0,0,0,168,84,68,20,98.7,94,4,4.1,12.7,281576,138.3,3.8,1.49,115,0.576,101,4.0,1.0,0,1,0,1,0,0,0,3,2,4,1,0,102,3,1,1,46,female,standard,0,0
PAT-02330,back_pain,0,chronic,1_day,back,unknown,0,fluctuating,0,0,1,1,0,0,0,0,0,0,150,103,108,27,98.7,98,6,12.1,12.1,162288,144.1,5.1,1.21,169,0.164,590,1.5,2.3,1,1,0,1,0,0,0,4,2,2,0,0,109,1,0,0,45,male,standard,2,0
PAT-02331,headache,10,gradual,1_month,abdomen,throbbing,0,fluctuating,0,0,1,0,0,1,0,0,0,0,85,71,75,27,103.0,98,1,5.2,12.0,376594,143.7,3.9,2.29,179,0.686,788,3.5,2.9,0,0,0,0,0,0,0,2,5,9,0,1,158,0,1,1,28,male,standard,2,0
PAT-02332,back_pain,9,chronic,1_month,chest,sharp,1,fluctuating,1,0,0,1,0,0,0,0,0,0,88,74,59,27,102.2,89,3,8.9,10.8,285156,139.6,4.4,2.54,81,0.34,518,0.6,1.0,0,1,1,0,0,0,0,2,3,9,0,0,25,4,3,1,60,female,standard,2,0
PAT-02333,fever,5,gradual,1_day,abdomen,throbbing,0,improving,0,0,0,0,0,0,0,0,0,0,132,64,85,24,102.1,89,0,17.9,12.3,356294,138.5,5.0,1.64,131,0.134,191,2.0,1.6,0,0,0,0,0,0,0,2,2,9,0,0,312,2,1,1,50,male,standard,0,0
PAT-02334,shortness_of_breath,8,chronic,1_week,arm,dull,0,improving,0,0,1,0,0,0,0,0,0,0,102,78,121,16,101.7,99,10,9.3,12.1,194789,133.6,4.1,0.81,247,0.572,77,2.7,1.4,0,1,1,0,0,0,0,0,5,0,0,1,54,6,2,1,52,unknown,standard,1,0
PAT-02335,shortness_of_breath,0,sudden,1_hour,leg,burning,0,worsening,0,0,0,0,0,0,0,0,1,0,162,98,113,21,98.9,99,2,15.7,10.7,169746,141.1,4.0,2.54,200,0.059,231,1.7,3.2,0,1,0,0,0,0,0,4,1,6,0,0,284,1,1,0,62,male,standard,1,0
PAT-02336,headache,3,sudden,2_hours,chest,sharp,1,worsening,1,0,0,0,0,0,0,0,0,0,129,66,98,26,102.5,98,5,16.0,10.6,271736,143.7,5.2,0.87,167,0.149,201,1.3,3.2,1,0,0,0,0,0,0,4,0,6,0,0,228,0,3,1,81,unknown,standard,1,0
PAT-02337,injury,3,chronic,1_day,back,sharp,0,improving,0,0,0,0,0,0,0,0,1,0,99,81,118,20,98.1,94,1,7.3,11.8,298245,134.9,3.4,3.4,195,0.267,739,0.9,1.2,0,0,0,0,0,0,0,4,6,2,0,0,342,5,1,1,21,unknown,standard,1,0
PAT-02338,back_pain,8,gradual,2_hours,chest,burning,0,worsening,0,0,0,0,0,0,0,0,0,0,135,69,96,19,99.4,99,7,12.1,14.8,348046,137.0,5.1,3.18,210,1.189,812,4.2,1.3,0,0,0,0,0,0,0,2,2,6,0,0,30,4,0,1,68,male,standard,0,0
PAT-02339,other,10,chronic,3_days,leg,sharp,0,stable,0,0,0,0,0,0,0,0,0,0,145,63,92,12,99.4,96,6,17.2,10.1,267672,131.7,5.3,3.03,77,0.971,428,3.8,1.0,0,0,0,0,1,0,0,3,3,4,0,0,301,7,0,1,79,male,standard,0,0
PAT-02340,shortness_of_breath,4,gradual,1_month,back,burning,0,stable,0,0,0,0,0,0,0,0,0,0,88,72,61,24,100.7,98,2,12.3,15.2,126007,143.7,4.5,1.73,178,0.652,505,1.7,2.2,0,0,0,0,0,0,0,3,2,7,0,0,55,0,3,1,44,female,standard,0,0
PAT-02341,fever,4,chronic,1_month,leg,sharp,0,improving,0,0,0,0,0,0,0,0,0,0,103,102,113,14,100.1,90,0,15.3,14.2,223007,131.6,4.8,2.79,234,0.283,26,0.7,2.5,0,0,0,0,1,0,0,4,3,1,0,0,148,1,2,1,79,male,standard,0,0
PAT-02342,chest_pain,5,gradual,1_day,back,unknown,0,fluctuating,0,0,0,1,0,0,0,0,0,0,172,61,123,16,100.1,97,9,10.2,10.2,244152,141.3,5.2,0.83,142,0.625,449,2.5,2.4,0,0,0,0,1,0,0,2,4,11,0,0,301,4,2,1,79,female,standard,1,0
PAT-02343,abdominal_pain,0,sudden,1_day,head,aching,1,stable,0,0,0,1,0,0,0,0,0,0,161,82,124,23,100.7,95,3,13.9,8.1,175908,133.0,4.2,0.95,212,0.781,355,1.8,1.5,0,0,0,0,0,0,0,3,3,6,0,0,56,6,0,1,75,unknown,standard,1,0
PAT-02344,abdominal_pain,0,chronic,3_days,generalized,aching,1,stable,0,0,0,1,0,0,0,0,0,0,95,100,103,14,99.8,93,3,3.8,8.7,199852,141.7,5.2,2.08,92,0.01,649,1.0,1.4,0,1,0,0,0,0,0,1,4,2,0,0,361,0,3,1,37,male,standard,1,0
PAT-02345,abdominal_pain,8,sudden,1_week,head,throbbing,0,fluctuating,0,0,0,0,0,0,0,0,0,0,112,90,65,21,98.8,93,10,14.9,15.5,177940,140.3,4.1,2.34,157,1.186,566,3.4,1.0,0,0,0,0,0,0,0,3,5,9,0,0,311,0,2,1,74,female,standard,0,0
PAT-02346,other,2,sudden,1_day,abdomen,unknown,1,worsening,0,0,1,0,0,0,0,0,0,0,141,57,56,27,101.4,90,4,13.2,14.9,157551,141.0,3.9,2.85,255,0.754,114,1.8,2.4,1,0,0,0,1,0,0,3,0,3,0,0,319,3,2,0,34,female,standard,1,0
PAT-02347,injury,3,chronic,1_month,abdomen,sharp,0,fluctuating,0,0,0,0,0,0,0,0,0,0,159,98,81,27,102.2,97,2,8.7,11.2,381924,140.2,5.5,1.53,150,1.186,20,4.1,1.5,0,0,0,0,0,0,0,1,1,0,1,1,254,1,1,1,54,female,standard,0,0
PAT-02348,back_pain,0,chronic,2_hours,unknown,pressure,1,worsening,0,0,0,0,0,0,0,0,0,0,138,70,70,12,100.2,96,10,9.5,8.5,280356,136.3,3.3,2.22,213,0.566,423,3.1,1.1,0,0,0,1,0,0,0,3,0,6,1,0,250,2,2,1,56,female,standard,0,0
PAT-02349,headache,8,gradual,1_hour,back,burning,0,worsening,0,1,1,1,0,0,0,0,0,0,149,90,118,25,101.3,96,1,8.2,14.9,158327,139.9,3.9,0.88,234,0.75,772,3.6,1.7,0,0,0,0,0,0,0,0,6,10,0,0,300,7,2,1,24,unknown,standard,3,0
PAT-02350,other,7,gradual,2_hours,unknown,unknown,0,fluctuating,0,0,0,0,0,0,0,0,0,0,131,58,120,22,100.6,91,1,11.1,10.2,284192,133.8,4.3,2.02,80,0.556,461,2.8,1.2,0,0,0,0,0,0,0,2,3,10,0,0,148,1,0,1,33,unknown,standard,0,0
PAT-02351,other,1,sudden,1_week,unknown,sharp,1,worsening,0,0,0,0,0,0,0,0,1,0,88,89,103,13,97.6,97,7,5.1,16.1,195569,134.4,3.9,2.58,240,0.016,750,2.6,2.1,0,0,1,0,0,0,0,0,0,7,0,0,167,1,1,1,26,unknown,standard,1,0
PAT-02352,shortness_of_breath,7,gradual,1_hour,chest,aching,1,stable,1,0,0,0,0,1,0,1,0,0,118,63,70,24,99.9,99,6,15.8,12.4,183456,131.0,3.8,3.47,129,1.021,824,2.1,1.2,0,0,1,0,0,0,0,0,4,1,0,0,286,7,2,1,34,unknown,standard,3,0
PAT-02353,chest_pain,6,gradual,2_hours,generalized,aching,0,improving,0,0,0,0,0,0,0,0,0,0,160,100,106,13,97.3,93,0,10.4,14.1,140474,139.8,4.1,2.85,230,0.542,427,0.9,3.2,0,0,0,1,0,0,0,2,0,4,0,0,333,7,0,0,34,unknown,standard,0,0
PAT-02354,other,10,chronic,2_hours,arm,burning,1,worsening,0,1,0,0,0,0,0,0,0,0,138,66,59,27,101.4,92,8,4.1,11.9,208054,143.5,4.1,3.49,100,0.568,644,3.3,1.7,0,1,0,0,0,0,0,0,1,4,0,0,191,3,2,1,84,female,standard,1,0
PAT-02355,fever,5,gradual,3_days,arm,pressure,0,stable,0,0,0,0,0,0,0,0,0,0,172,64,90,15,100.4,91,2,11.5,8.2,219373,136.1,3.4,2.09,274,0.435,664,1.8,2.0,0,0,0,0,0,0,0,3,2,7,0,0,83,2,0,0,47,male,standard,0,0
PAT-02356,chest_pain,0,sudden,1_week,chest,sharp,1,fluctuating,0,0,0,0,0,0,0,0,0,0,145,100,61,17,98.0,89,2,17.0,8.5,186397,133.3,5.0,1.91,148,0.522,395,1.3,2.3,0,0,1,1,0,0,0,4,4,2,1,0,88,3,1,0,81,female,standard,0,0
PAT-02357,fever,6,gradual,1_month,chest,sharp,0,worsening,0,0,0,0,0,0,0,0,0,0,167,98,115,13,100.6,91,0,4.8,16.3,251157,143.2,3.6,3.04,183,0.872,560,1.0,2.9,0,0,0,0,0,0,0,4,5,1,0,0,137,5,2,0,59,male,standard,0,0
PAT-02358,injury,9,sudden,3_days,head,pressure,0,stable,0,0,0,0,0,0,0,0,0,0,167,98,83,27,102.9,94,10,5.3,11.5,148035,140.3,3.3,1.99,189,0.842,682,0.9,3.1,0,1,0,0,1,0,0,0,6,1,0,0,187,1,3,1,18,unknown,standard,0,0
PAT-02359,back_pain,6,chronic,1_hour,arm,pressure,0,worsening,0,0,0,0,1,0,0,0,0,0,104,56,121,25,99.3,90,3,9.1,9.6,331836,144.3,4.6,2.82,160,0.971,477,2.3,1.7,0,1,1,0,0,0,0,4,0,0,0,1,81,0,0,1,51,male,standard,1,0
PAT-02360,abdominal_pain,8,sudden,1_month,back,pressure,0,fluctuating,0,0,0,0,0,0,0,0,0,1,87,73,84,27,103.4,90,9,14.2,14.1,417553,130.1,4.7,3.48,224,1.17,754,3.6,1.9,0,0,0,1,0,0,0,0,0,6,0,0,239,0,1,1,77,male,standard,1,0
PAT-02361,other,0,gradual,3_days,leg,aching,0,improving,1,0,0,0,0,0,0,0,0,0,124,67,94,17,103.2,98,10,12.3,15.5,181617,136.4,4.9,2.73,80,0.472,97,1.1,1.2,0,0,0,0,0,0,0,2,0,5,0,0,242,7,2,1,43,unknown,standard,1,0
PAT-02362,back_pain,1,chronic,1_week,unknown,burning,0,worsening,0,0,0,0,0,0,0,0,0,0,153,96,85,22,102.1,90,1,10.1,10.3,191556,144.4,3.4,0.74,110,0.41,390,2.5,1.3,0,0,0,1,0,0,0,1,4,10,0,0,252,7,3,1,52,female,standard,0,0
PAT-02363,injury,10,gradual,1_day,abdomen,unknown,0,improving,0,0,0,0,0,0,0,0,0,0,107,87,102,26,102.3,96,2,17.9,12.9,279429,140.8,3.6,1.2,201,0.595,144,2.0,2.6,0,0,0,0,0,0,0,0,0,2,0,0,333,6,0,1,56,male,standard,0,0
PAT-02364,headache,8,chronic,1_day,unknown,pressure,1,worsening,1,0,0,0,0,0,0,0,0,0,153,55,60,12,99.8,88,10,6.2,10.1,397665,137.5,3.6,1.47,85,0.189,703,2.5,1.9,0,1,0,1,0,0,0,1,2,8,0,0,356,6,2,1,53,unknown,standard,1,0
PAT-02365,headache,8,chronic,1_hour,unknown,burning,0,worsening,0,0,0,0,0,0,0,0,0,0,116,82,116,19,99.7,92,0,15.4,15.0,134528,136.6,4.6,3.0,156,0.911,203,0.8,2.8,0,1,0,0,0,0,0,3,5,4,0,0,241,1,1,1,34,male,standard,0,0
PAT-02366,injury,5,gradual,1_day,leg,throbbing,0,fluctuating,0,0,1,0,0,0,0,0,0,0,108,94,83,14,103.2,96,2,5.3,8.7,387409,144.3,5.2,3.31,194,0.699,551,2.5,2.1,0,0,0,0,0,0,0,2,3,8,1,0,168,7,1,1,58,female,standard,1,0
PAT-02367,fever,5,gradual,3_days,head,sharp,0,worsening,0,0,0,0,0,0,0,1,0,0,135,60,63,19,99.5,94,3,6.1,11.2,331738,143.3,4.8,2.52,108,0.258,341,2.6,1.6,0,0,1,0,1,0,0,4,0,0,0,0,40,6,2,1,72,female,standard,1,0
PAT-02368,shortness_of_breath,3,chronic,1_hour,arm,sharp,0,stable,1,0,0,0,0,0,0,1,1,0,142,57,108,14,97.8,99,5,7.8,11.2,307913,130.2,3.9,0.95,77,1.038,52,3.7,2.5,0,0,0,1,0,0,0,0,6,2,0,0,234,7,0,0,36,unknown,standard,3,0
PAT-02369,shortness_of_breath,3,chronic,1_month,unknown,dull,0,stable,0,0,0,0,0,0,0,0,0,0,126,99,65,12,98.2,99,2,16.2,13.4,132754,131.9,5.2,2.1,179,0.745,450,1.3,2.0,0,1,0,0,0,0,0,0,2,7,0,1,240,4,1,0,79,unknown,standard,0,0
PAT-02370,fever,4,gradual,1_week,generalized,throbbing,0,improving,0,0,0,0,0,0,0,0,0,0,119,79,73,15,101.7,88,10,9.9,9.5,358453,138.2,4.7,3.11,189,0.046,521,3.5,2.9,0,0,0,1,0,0,0,3,4,11,0,0,43,1,1,1,60,female,standard,0,0
PAT-02371,headache,2,sudden,1_hour,chest,unknown,0,improving,0,0,0,0,0,0,0,0,0,0,116,98,59,14,99.6,91,5,9.2,12.0,207445,131.8,4.8,1.71,252,0.24,832,3.3,1.8,0,0,0,1,0,0,0,2,3,2,0,0,317,6,3,1,49,female,standard,0,0
PAT-02372,headache,0,gradual,1_month,generalized,pressure,0,stable,0,0,0,0,0,0,0,0,1,0,138,70,124,19,98.5,93,1,10.6,12.7,189513,134.4,5.4,0.88,176,1.07,704,3.9,1.5,0,1,0,0,0,0,0,1,5,7,0,0,168,1,0,1,75,unknown,standard,1,0
PAT-02373,other,0,chronic,1_hour,generalized,pressure,0,improving,0,1,0,0,0,0,0,0,0,0,129,97,72,12,102.3,92,10,12.6,15.6,408858,143.4,5.4,2.88,110,0.46,740,3.9,1.9,0,0,1,1,0,0,0,2,4,0,0,0,118,6,0,1,41,male,standard,1,0
PAT-02374,headache,6,gradual,2_hours,arm,unknown,0,improving,0,0,0,0,0,0,0,0,0,0,132,58,75,20,100.3,89,7,9.6,12.5,132302,136.2,4.1,2.54,168,1.181,217,3.4,2.9,0,0,0,0,0,0,0,3,3,10,1,1,11,5,3,1,79,unknown,standard,0,0
PAT-02375,back_pain,0,sudden,2_hours,back,aching,1,stable,0,0,0,0,0,0,0,0,1,0,170,62,69,22,100.8,88,4,17.5,9.1,154545,137.2,4.7,2.01,257,0.638,799,3.9,2.8,0,1,1,1,0,0,0,1,2,3,0,0,107,4,2,0,65,unknown,standard,1,0
PAT-02376,headache,0,gradual,1_hour,head,throbbing,0,stable,0,0,0,0,0,0,0,0,0,0,169,93,113,25,98.2,98,0,5.5,8.9,164022,132.8,3.7,3.08,104,0.253,738,1.5,3.0,1,0,1,0,0,0,0,1,2,8,0,1,153,7,1,1,77,female,standard,0,0
PAT-02377,chest_pain,2,chronic,1_day,unknown,pressure,1,stable,0,1,0,0,1,0,0,0,0,0,133,70,60,20,98.4,91,5,10.4,15.9,381824,139.6,4.1,3.08,136,0.715,331,1.2,2.9,0,1,0,0,1,0,0,0,3,6,0,0,275,4,0,1,50,unknown,standard,2,0
PAT-02378,other,9,gradual,2_hours,unknown,dull,0,fluctuating,0,1,0,0,0,0,0,0,0,0,118,98,78,17,98.0,99,2,9.5,16.3,408616,131.9,3.8,2.66,255,0.127,342,1.6,1.7,0,1,1,1,0,0,0,0,6,10,1,0,306,6,1,1,54,female,standard,1,0
PAT-02379,abdominal_pain,3,chronic,1_week,unknown,burning,1,fluctuating,0,1,0,0,1,0,0,0,0,0,100,92,114,16,100.4,97,3,13.5,9.4,264599,140.1,4.0,3.34,181,0.97,758,3.6,2.3,1,0,0,0,1,0,0,2,2,4,1,0,92,3,3,0,57,male,standard,2,0
PAT-02380,headache,3,chronic,1_month,chest,sharp,0,stable,0,0,0,0,0,0,0,0,0,0,95,77,82,22,102.1,92,9,17.5,14.4,232389,141.9,4.8,1.97,124,0.755,62,1.7,2.7,0,1,0,0,0,0,0,1,5,0,0,0,191,6,0,1,70,female,standard,0,0
PAT-02381,fever,1,gradual,3_days,leg,throbbing,0,worsening,0,0,0,0,0,0,0,0,0,0,103,60,77,25,101.8,91,7,7.7,10.1,212892,144.0,3.7,2.74,234,1.157,622,3.5,2.8,0,0,0,0,0,0,0,0,1,11,1,0,173,5,3,1,46,female,standard,0,0
PAT-02382,abdominal_pain,0,chronic,2_hours,back,sharp,1,stable,0,0,0,0,0,0,0,0,0,0,113,97,100,23,98.8,90,7,17.4,15.1,151013,139.3,3.6,3.03,194,0.83,409,1.9,1.8,1,0,1,0,0,0,0,1,3,10,1,0,314,0,3,1,54,male,standard,0,0
PAT-02383,back_pain,2,chronic,1_hour,leg,burning,0,fluctuating,0,0,0,0,0,0,0,0,0,0,138,98,91,16,102.6,97,10,15.5,8.8,228046,135.3,4.1,2.48,186,0.064,548,3.5,2.1,0,1,0,0,0,0,0,1,0,8,0,0,27,4,1,1,78,female,standard,0,0
PAT-02384,fever,10,sudden,1_day,abdomen,throbbing,0,improving,0,0,0,1,0,0,0,0,0,0,137,70,68,26,97.9,95,7,15.3,11.7,312028,143.6,3.4,2.25,157,0.574,247,3.6,1.6,1,0,0,0,0,1,0,4,5,10,0,0,333,5,2,1,48,female,standard,1,0
PAT-02385,abdominal_pain,3,sudden,3_days,head,burning,0,worsening,0,0,0,0,0,0,0,0,0,0,151,70,102,23,97.9,99,4,4.6,13.1,396737,139.5,5.1,2.75,83,0.64,242,3.0,2.5,1,0,0,0,0,0,0,0,0,5,0,0,272,7,0,1,67,unknown,standard,0,0
PAT-02386,fever,2,sudden,1_month,back,pressure,1,worsening,0,0,0,0,0,0,0,0,0,0,166,77,90,17,102.6,93,0,17.1,15.2,339023,135.7,5.4,1.69,187,1.101,638,4.1,2.4,0,0,0,0,0,0,0,0,6,9,0,0,140,5,1,1,47,unknown,standard,0,0
PAT-02387,back_pain,7,sudden,1_month,back,unknown,0,improving,0,0,0,0,0,0,0,0,0,1,166,70,114,18,98.7,98,8,15.7,15.3,262777,135.2,5.0,1.73,90,0.522,416,3.2,2.3,0,0,0,0,0,0,0,0,0,5,0,0,310,6,2,1,35,unknown,standard,1,0
PAT-02388,other,9,chronic,2_hours,unknown,pressure,0,worsening,0,0,0,0,0,0,0,0,0,0,160,90,108,19,101.7,99,10,13.4,9.6,138593,135.1,4.4,3.43,240,0.714,523,1.5,2.3,0,1,0,0,0,0,0,4,0,8,0,0,243,1,2,1,22,male,standard,0,0
PAT-02389,chest_pain,0,gradual,1_month,leg,unknown,0,improving,1,1,0,0,1,0,0,0,0,0,166,66,117,14,97.3,90,8,5.4,16.2,319677,130.9,4.8,1.03,221,0.227,195,4.1,3.0,1,0,1,0,0,0,0,3,0,7,0,0,294,7,3,1,35,unknown,standard,3,0
PAT-02390,back_pain,1,chronic,1_month,chest,pressure,0,fluctuating,0,1,0,0,0,0,0,0,0,0,116,91,102,21,97.8,93,7,9.6,13.4,166320,131.6,5.1,3.06,168,0.297,240,3.1,2.8,0,1,0,0,0,0,0,4,5,8,0,0,344,2,1,0,82,unknown,standard,1,0
PAT-02391,back_pain,6,chronic,1_day,abdomen,burning,1,worsening,0,0,0,0,0,0,0,0,0,0,167,63,76,27,101.0,97,10,15.7,13.6,354469,131.4,3.4,2.91,110,0.661,441,2.2,1.2,0,0,0,0,0,0,0,3,1,1,0,0,356,2,2,1,79,unknown,standard,0,0
PAT-02392,fever,3,chronic,1_day,unknown,burning,0,worsening,0,0,1,0,0,0,0,0,0,0,140,72,97,12,98.3,95,2,9.8,15.6,387365,135.0,4.2,0.85,85,0.838,313,2.4,2.4,1,1,0,0,0,0,0,2,0,2,0,0,24,6,2,1,69,unknown,standard,1,0
PAT-02393,other,7,gradual,1_day,unknown,burning,1,improving,0,0,0,0,0,0,0,0,0,0,147,63,95,16,97.4,94,5,9.8,10.7,416216,137.6,3.5,2.67,153,0.525,324,3.4,1.3,0,0,0,0,0,0,0,0,2,4,0,0,330,6,3,1,65,female,standard,0,0
PAT-02394,injury,10,sudden,1_hour,unknown,sharp,0,improving,0,0,0,0,0,0,0,0,1,0,88,102,71,22,100.1,88,6,7.4,11.5,328296,132.4,3.4,0.96,265,0.522,118,3.3,1.2,1,0,0,0,0,0,0,3,4,4,0,0,103,3,1,1,38,unknown,standard,1,0
PAT-02395,shortness_of_breath,2,chronic,1_month,leg,burning,0,fluctuating,0,0,0,0,0,0,0,0,0,0,95,75,117,12,99.3,93,3,4.2,16.4,130868,143.2,4.9,1.29,159,0.311,250,3.6,1.9,0,0,0,0,0,1,0,1,2,5,0,0,229,2,0,1,22,male,standard,0,0
PAT-02396,headache,5,chronic,1_month,back,pressure,0,improving,0,0,0,0,0,0,0,0,0,0,87,55,72,25,102.3,88,9,10.9,8.1,402922,131.0,5.2,3.38,198,0.839,837,1.5,2.0,1,1,0,0,0,0,0,3,6,1,0,0,157,0,0,1,23,male,standard,0,0
PAT-02397,headache,8,sudden,1_month,head,dull,0,improving,0,1,0,0,0,0,0,0,0,0,111,77,57,13,102.4,91,6,14.7,15.4,297168,145.1,3.4,1.71,245,0.012,544,4.0,1.1,1,1,1,0,0,0,0,3,2,7,0,0,108,1,0,1,38,unknown,standard,1,0
PAT-02398,chest_pain,0,chronic,1_week,back,burning,0,fluctuating,0,0,0,0,0,0,0,0,0,0,164,59,108,23,101.1,97,8,5.6,15.2,404050,131.2,3.6,0.86,148,0.618,150,1.5,2.1,0,0,0,0,0,0,0,1,6,11,1,0,311,5,2,1,18,female,standard,0,0
PAT-02399,chest_pain,0,gradual,1_day,arm,dull,0,stable,0,0,0,0,0,0,0,0,0,0,128,73,68,27,99.0,90,5,16.5,10.2,228814,144.3,3.7,2.16,170,0.009,231,2.3,1.3,0,0,0,0,0,0,0,2,1,0,0,0,185,2,2,1,55,male,standard,0,0
PAT-02400,headache,7,chronic,3_days,head,unknown,0,stable,1,0,0,0,1,0,0,1,1,0,102,89,88,19,100.1,94,1,11.6,15.0,261381,134.2,5.2,1.28,107,0.714,47,1.4,2.2,1,1,0,0,0,0,0,0,1,11,0,0,148,0,3,1,22,unknown,standard,4,0
PAT-02401,shortness_of_breath,2,chronic,2_hours,unknown,pressure,0,improving,0,0,0,0,0,0,0,0,0,0,114,87,55,14,101.6,89,5,15.3,10.8,405764,145.8,5.3,1.89,123,0.042,321,2.2,2.8,1,0,0,0,0,0,0,4,6,6,0,1,362,6,3,1,79,male,standard,0,0
PAT-02402,headache,4,sudden,3_days,head,burning,0,fluctuating,0,0,0,0,0,0,0,0,0,0,172,100,102,22,97.6,99,2,13.2,13.3,356689,138.3,5.0,0.98,253,1.128,668,2.9,1.1,0,1,1,0,0,0,0,2,2,5,0,0,237,2,2,0,27,female,standard,0,0
PAT-02403,injury,0,chronic,1_hour,back,sharp,0,stable,0,0,0,0,0,1,0,0,0,1,154,72,64,25,99.3,91,6,5.5,11.8,215470,130.3,5.0,0.97,252,0.576,465,2.4,1.8,1,0,0,0,0,0,0,4,2,8,0,0,248,6,3,1,65,male,standard,2,0
PAT-02404,shortness_of_breath,4,chronic,1_hour,chest,sharp,0,fluctuating,1,1,0,0,0,0,0,0,0,0,131,94,65,21,102.4,92,2,16.6,8.9,187027,134.5,4.0,2.11,98,0.822,832,1.5,1.4,0,0,1,0,1,0,0,4,0,6,0,0,106,7,1,1,84,unknown,standard,2,0
PAT-02405,chest_pain,10,gradual,1_month,unknown,unknown,0,improving,0,0,0,0,0,0,0,0,0,0,118,68,120,26,99.8,89,7,13.9,15.6,230034,145.0,4.1,1.64,95,1.025,692,2.0,2.2,1,1,1,0,0,1,0,2,5,11,0,1,327,7,0,1,77,male,standard,0,0
PAT-02406,abdominal_pain,5,sudden,3_days,head,dull,0,improving,1,0,0,0,0,1,0,0,0,0,160,74,57,15,101.1,96,10,4.0,12.6,164347,134.8,3.8,1.13,228,0.286,535,2.7,3.0,0,1,0,0,0,0,0,3,4,11,0,0,42,1,0,1,59,unknown,standard,2,0
PAT-02407,fever,7,sudden,1_month,arm,aching,0,fluctuating,0,0,0,0,0,0,0,0,1,0,126,67,69,22,97.8,89,10,11.9,12.1,161755,135.8,5.4,2.33,155,0.65,416,3.8,1.4,1,1,0,0,0,0,0,2,6,7,1,0,229,3,3,1,70,female,standard,1,0
PAT-02408,injury,2,gradual,1_week,leg,sharp,1,worsening,0,0,0,0,0,0,0,0,0,0,107,70,113,27,102.1,93,4,10.5,15.5,310805,130.7,4.9,0.87,221,1.037,71,2.1,2.5,0,0,0,0,0,0,0,4,5,1,0,0,148,0,1,1,44,unknown,standard,0,0
PAT-02409,injury,2,chronic,1_hour,chest,sharp,0,improving,0,0,0,0,0,0,0,1,0,0,124,95,118,17,97.8,99,2,16.0,10.8,217232,134.1,4.0,2.81,269,0.648,697,2.7,1.1,0,0,0,0,0,0,0,2,1,9,0,0,355,4,3,1,39,male,standard,1,0
PAT-02410,other,10,sudden,1_hour,chest,sharp,0,improving,0,0,0,1,0,0,0,0,1,0,99,85,101,19,102.6,95,0,5.3,12.8,221511,134.1,3.5,0.84,279,0.474,321,3.9,2.2,0,1,1,0,0,0,0,1,4,3,0,0,241,7,0,0,60,unknown,standard,2,0
PAT-02411,chest_pain,10,sudden,3_days,chest,pressure,0,improving,0,1,0,0,0,0,0,0,0,0,164,93,56,26,97.9,99,4,12.1,15.5,253575,141.5,3.6,3.42,140,0.446,492,3.6,2.5,0,1,0,0,1,0,0,3,6,8,1,0,157,4,1,1,55,female,standard,1,0
PAT-02412,chest_pain,9,chronic,1_hour,head,sharp,1,improving,0,0,0,0,0,0,0,0,0,0,141,89,84,12,102.8,94,9,8.0,10.9,371935,138.1,3.7,2.76,243,0.464,691,1.3,2.4,0,0,0,0,0,0,0,3,4,6,0,0,338,2,1,1,49,unknown,standard,0,0
PAT-02413,back_pain,8,chronic,1_week,chest,throbbing,0,fluctuating,0,0,0,0,0,1,0,0,1,0,98,74,92,25,99.5,93,9,7.1,14.7,195130,132.6,4.6,3.21,138,0.74,381,1.9,2.6,0,1,1,0,1,0,0,4,5,10,0,0,312,4,0,1,74,unknown,standard,2,0
PAT-02414,injury,3,sudden,1_week,back,burning,1,fluctuating,0,0,0,0,0,0,0,0,0,0,163,55,59,13,101.1,95,10,3.8,12.4,351363,142.7,5.3,1.93,183,0.06,196,3.4,1.9,0,1,0,0,0,0,0,3,6,11,0,0,111,0,3,0,44,male,standard,0,0
PAT-02415,back_pain,3,chronic,1_week,chest,unknown,0,fluctuating,0,0,0,1,0,0,0,0,0,0,96,94,60,26,102.5,92,2,8.3,9.3,275743,139.8,5.2,0.86,235,0.501,550,3.2,2.6,0,1,0,0,0,0,0,4,1,1,0,1,306,4,3,1,40,female,standard,1,0
PAT-02416,back_pain,6,sudden,2_hours,arm,sharp,1,fluctuating,1,0,0,0,0,0,0,0,0,0,119,100,59,22,97.3,97,3,9.2,8.3,301038,134.3,3.4,1.34,106,0.675,612,3.4,2.0,0,1,0,0,0,0,0,1,4,0,0,0,268,0,3,0,81,unknown,standard,1,0
PAT-02417,fever,1,chronic,1_week,unknown,aching,0,worsening,0,0,0,0,0,0,0,0,0,1,109,67,66,17,98.9,96,9,10.0,14.2,276789,133.6,4.8,3.42,180,0.945,529,1.2,1.6,0,0,0,0,0,0,0,4,0,2,0,0,273,5,3,1,32,male,standard,1,0
PAT-02418,back_pain,7,chronic,1_week,unknown,aching,0,fluctuating,1,0,0,0,0,0,0,0,0,1,162,61,58,26,102.9,89,3,14.2,10.2,237257,144.8,3.6,2.43,227,0.638,199,2.3,1.6,0,0,0,0,0,0,0,1,5,11,0,0,338,5,0,1,75,female,standard,2,0
PAT-02419,shortness_of_breath,5,gradual,2_hours,abdomen,sharp,0,fluctuating,0,0,0,0,0,0,0,0,0,0,86,99,78,19,99.6,93,2,9.4,14.9,265335,140.2,3.9,1.34,262,1.112,442,3.1,1.3,0,0,0,0,0,0,0,1,1,5,0,0,275,7,0,1,54,unknown,standard,0,0
PAT-02420,headache,2,chronic,1_month,arm,sharp,1,improving,1,0,0,0,0,0,0,0,1,0,102,76,79,23,101.7,99,5,6.3,9.6,147764,142.9,4.5,2.05,205,0.535,209,2.1,2.6,0,0,0,0,0,0,0,3,2,9,0,0,313,4,2,1,65,female,standard,2,0
PAT-02421,abdominal_pain,8,gradual,1_day,head,throbbing,1,worsening,0,0,0,0,0,0,0,0,0,0,119,61,80,19,98.1,97,5,9.3,12.8,246299,133.6,5.1,1.59,180,0.783,572,2.6,1.3,0,1,0,0,0,0,0,3,3,4,0,0,315,5,2,1,23,female,standard,0,0
PAT-02422,chest_pain,4,chronic,1_hour,chest,sharp,0,improving,0,0,0,0,0,0,1,0,0,0,93,74,109,24,101.5,99,0,4.5,8.8,394655,139.4,3.7,2.07,125,0.026,167,3.3,2.4,0,0,0,0,0,0,0,4,0,0,0,0,265,3,3,1,20,unknown,standard,1,0
PAT-02423,shortness_of_breath,7,sudden,1_week,chest,sharp,0,worsening,0,0,0,0,0,0,0,0,0,0,95,91,100,14,97.7,99,3,17.6,14.3,371103,130.9,5.2,3.04,81,0.29,553,2.4,2.4,1,1,1,1,0,0,0,4,6,2,0,0,299,2,3,1,80,male,standard,0,0
PAT-02424,abdominal_pain,6,sudden,1_hour,back,burning,0,stable,0,0,0,0,0,0,0,0,0,0,174,90,100,15,101.7,98,0,4.5,14.5,327095,139.5,4.9,1.32,187,0.979,768,2.8,1.6,1,0,1,0,0,0,0,3,1,9,0,1,17,0,0,1,62,male,standard,0,0
PAT-02425,injury,7,chronic,3_days,leg,aching,0,worsening,0,0,0,0,0,0,0,0,0,0,151,58,97,21,99.2,94,6,6.4,15.8,127421,133.3,4.8,1.82,263,0.706,690,1.8,2.0,0,0,0,0,0,0,0,4,6,4,0,0,327,3,0,1,53,male,standard,0,0
PAT-02426,injury,6,chronic,1_hour,chest,throbbing,0,worsening,0,0,0,0,0,0,0,0,0,0,153,60,114,15,100.1,96,6,9.7,12.8,135678,140.7,3.5,1.95,99,1.136,629,1.9,2.4,0,1,1,0,0,0,0,2,4,11,0,0,101,7,3,1,48,unknown,standard,0,0
PAT-02427,injury,2,sudden,1_month,generalized,aching,0,improving,1,0,0,0,0,0,0,0,1,0,158,100,87,15,98.2,92,5,17.0,8.9,189554,144.9,4.3,2.34,161,0.905,106,1.3,0.9,0,0,0,0,0,0,0,4,5,8,0,1,23,2,2,1,21,female,standard,2,0
PAT-02428,shortness_of_breath,1,chronic,2_hours,arm,throbbing,1,worsening,1,0,0,0,0,0,0,1,0,0,122,57,75,26,101.2,93,10,6.1,15.0,220165,137.3,3.8,0.92,166,0.542,639,4.2,1.5,1,0,0,0,0,0,0,2,2,10,0,0,100,6,3,1,38,male,standard,2,0
PAT-02429,shortness_of_breath,6,gradual,1_hour,head,aching,0,worsening,1,0,0,0,0,0,0,0,1,0,154,57,91,13,99.3,96,1,9.3,10.7,299037,134.9,4.6,1.28,278,0.936,331,2.8,1.8,1,0,1,0,0,0,0,4,6,9,1,0,313,3,1,1,82,male,standard,2,0
PAT-02430,chest_pain,2,gradual,1_hour,unknown,sharp,0,improving,1,0,0,0,0,0,0,0,0,0,159,57,66,24,99.6,97,3,17.8,15.6,417511,132.0,4.7,1.81,82,0.564,294,1.3,3.0,0,1,0,0,0,0,0,2,6,11,0,0,70,4,3,1,32,female,standard,1,0
PAT-02431,headache,2,gradual,1_hour,abdomen,aching,0,stable,0,0,0,0,0,0,0,0,1,0,165,90,75,17,101.3,93,2,12.2,16.3,223183,140.7,3.4,2.97,99,0.4,132,1.2,2.0,0,1,0,1,0,0,0,1,3,9,0,0,125,0,0,1,37,unknown,standard,1,0
PAT-02432,other,1,gradual,1_day,chest,aching,1,stable,1,0,0,0,0,0,0,0,0,0,143,63,67,19,98.3,98,10,12.4,9.1,400315,139.3,4.7,1.22,265,0.061,341,1.4,2.1,0,0,0,0,0,0,0,0,1,4,1,0,212,1,0,1,59,unknown,standard,1,0
PAT-02433,back_pain,3,gradual,1_day,abdomen,throbbing,0,stable,1,0,0,1,0,0,0,0,0,0,150,70,87,20,102.6,99,7,17.6,8.7,218441,138.7,4.3,3.17,234,1.039,313,3.2,2.4,0,1,0,0,1,0,0,4,6,11,0,0,265,3,0,1,23,unknown,standard,2,0
PAT-02434,injury,7,chronic,3_days,chest,unknown,0,worsening,0,0,0,1,0,0,0,0,0,0,125,70,124,24,101.9,88,1,10.8,15.6,220360,145.0,5.1,1.65,234,0.506,570,2.4,1.9,1,0,0,0,0,0,0,4,5,9,1,0,362,1,0,1,68,unknown,standard,1,0
PAT-02435,fever,0,chronic,2_hours,head,dull,1,improving,0,0,0,0,0,0,0,0,0,0,108,66,115,12,100.8,91,9,3.5,15.6,374520,145.7,5.0,1.41,127,0.824,760,2.5,1.9,1,0,1,0,0,0,0,1,0,0,0,0,53,7,1,1,54,male,standard,0,0
PAT-02436,headache,0,gradual,1_hour,leg,throbbing,1,stable,1,0,0,0,0,0,0,0,0,0,134,92,84,12,98.0,91,1,3.9,13.0,347629,141.5,4.1,1.85,99,0.188,559,3.1,3.1,0,1,0,0,0,0,0,3,0,8,0,0,62,7,0,0,20,male,standard,1,0
PAT-02437,fever,4,chronic,1_hour,arm,throbbing,0,stable,0,0,0,0,1,0,1,0,0,0,89,74,91,20,101.5,90,0,13.4,15.5,206646,133.1,5.4,2.25,100,0.996,542,3.2,2.8,1,0,1,0,0,0,0,3,2,2,0,0,109,7,0,1,20,female,standard,2,0
PAT-02438,chest_pain,10,chronic,1_hour,unknown,throbbing,0,stable,0,1,0,0,0,0,1,0,0,0,105,85,70,22,97.3,95,8,6.6,15.9,256966,145.1,4.5,2.76,82,0.99,765,3.3,2.5,0,1,1,0,0,0,0,3,0,7,1,0,258,0,2,1,49,female,standard,2,0
PAT-02439,chest_pain,4,gradual,1_hour,head,pressure,1,stable,0,1,0,0,0,0,0,0,0,0,90,84,99,27,102.3,93,2,10.4,12.7,272063,135.5,5.4,2.04,271,0.581,112,0.9,2.0,1,1,1,0,0,0,0,1,1,0,0,0,298,4,2,1,53,female,standard,1,0
PAT-02440,chest_pain,10,chronic,1_day,abdomen,unknown,0,improving,0,0,0,0,0,0,0,0,0,0,88,75,55,24,99.1,94,7,11.5,13.8,263279,131.3,4.9,2.99,204,0.808,552,3.6,1.7,1,0,0,0,0,0,0,0,2,8,0,1,310,7,1,1,19,male,standard,0,0
PAT-02441,abdominal_pain,0,chronic,1_month,chest,pressure,0,stable,1,0,0,0,0,0,0,1,0,0,93,57,107,15,97.9,96,6,13.2,13.2,127678,133.9,4.1,2.99,221,0.628,688,1.2,2.3,0,0,0,0,0,0,0,3,6,2,0,0,309,6,2,0,52,unknown,standard,2,0
PAT-02442,fever,5,chronic,1_month,abdomen,pressure,0,worsening,0,0,0,0,0,0,0,0,0,0,153,75,82,26,98.2,95,0,4.7,9.5,370230,143.3,3.7,0.7,269,0.665,624,2.9,1.9,0,0,0,0,0,0,0,3,3,6,0,0,60,6,0,1,58,male,standard,0,0
PAT-02443,headache,0,gradual,3_days,arm,throbbing,0,worsening,0,0,0,1,0,0,0,0,0,1,152,82,107,22,103.3,90,10,14.5,11.7,171047,133.3,4.3,2.92,278,1.067,573,1.4,2.0,1,0,0,1,0,0,0,4,5,11,0,0,165,7,2,1,42,unknown,standard,2,0
PAT-02444,other,4,chronic,1_week,generalized,dull,1,improving,0,1,0,1,0,0,0,0,0,0,93,82,98,18,102.1,91,5,16.8,13.8,406923,136.3,5.4,1.94,272,1.16,671,3.6,1.4,1,0,0,0,1,1,0,1,1,6,0,0,6,5,3,1,57,unknown,standard,2,0
PAT-02445,headache,8,sudden,2_hours,unknown,throbbing,0,fluctuating,0,0,0,0,0,0,0,0,0,1,102,59,121,13,98.7,88,7,7.2,13.2,268112,134.4,3.5,3.41,82,0.444,21,3.4,2.7,1,1,1,0,1,0,0,1,0,5,0,0,164,4,3,1,75,female,standard,1,0
PAT-02446,shortness_of_breath,4,sudden,1_month,head,sharp,0,stable,0,0,0,0,0,0,0,0,0,0,143,61,93,21,103.3,91,5,9.0,9.8,401990,130.8,4.3,3.0,261,0.401,59,1.2,2.7,0,0,0,0,0,0,0,2,3,1,0,0,16,5,3,1,54,female,standard,0,0
PAT-02447,shortness_of_breath,5,gradual,1_hour,abdomen,dull,1,stable,0,0,0,0,0,0,0,0,0,0,127,59,64,12,98.1,99,8,14.3,15.7,216402,139.0,4.0,1.78,207,0.368,121,2.6,1.6,0,1,1,1,0,0,0,4,6,11,0,0,43,1,0,1,34,unknown,standard,0,0
PAT-02448,injury,7,sudden,1_month,abdomen,pressure,0,worsening,1,0,0,0,0,0,0,0,0,0,164,63,105,22,101.8,96,9,7.1,14.7,135446,140.1,5.2,2.48,151,0.926,338,3.2,1.6,0,1,0,0,0,0,0,2,3,9,0,0,55,6,0,0,74,male,standard,1,0
PAT-02449,other,10,gradual,3_days,arm,aching,0,improving,0,0,0,0,0,0,1,0,0,0,150,101,68,25,101.3,92,2,11.4,8.6,353119,142.7,5.0,1.24,233,0.869,692,1.2,1.5,0,1,1,1,1,0,0,2,5,0,0,0,138,2,3,0,72,male,standard,1,0
PAT-02450,shortness_of_breath,0,sudden,1_week,generalized,aching,1,fluctuating,0,0,0,0,0,0,0,0,0,0,113,75,60,18,102.4,90,5,13.1,10.9,376921,136.6,4.5,1.51,215,0.057,797,1.1,1.3,0,1,0,0,0,0,0,0,2,2,1,0,19,1,0,0,63,female,standard,0,0
PAT-02451,chest_pain,1,sudden,1_month,chest,unknown,0,worsening,1,0,0,1,0,0,0,0,0,0,132,74,93,17,99.6,89,9,16.2,16.5,136455,132.3,4.2,1.27,192,0.111,508,2.0,2.9,0,0,0,0,0,0,0,3,0,6,0,0,228,1,0,1,65,female,standard,2,0
PAT-02452,headache,8,sudden,3_days,generalized,burning,0,fluctuating,0,0,0,0,0,0,0,0,0,0,135,92,102,14,99.7,93,3,8.5,11.3,191189,140.4,4.8,2.8,203,0.777,35,3.9,1.5,0,0,1,1,0,1,0,1,4,7,0,0,307,1,1,0,24,unknown,standard,0,0
PAT-02453,fever,2,gradual,1_day,abdomen,unknown,0,improving,0,0,0,0,0,0,0,0,0,0,126,94,79,21,101.1,91,9,10.6,13.6,219256,144.2,5.4,0.72,120,0.334,283,0.8,2.5,1,0,0,0,0,0,0,2,3,11,0,0,305,6,0,1,39,unknown,standard,0,0
PAT-02454,chest_pain,5,gradual,1_week,arm,dull,0,improving,0,0,0,0,0,0,0,0,0,0,120,91,87,15,99.7,93,2,6.2,8.9,322887,131.9,3.4,1.84,206,0.114,66,1.9,1.1,0,1,0,0,0,0,0,4,6,9,0,0,305,1,0,0,80,unknown,standard,0,0
PAT-02455,abdominal_pain,4,chronic,3_days,chest,pressure,1,improving,0,0,0,0,0,0,0,0,0,0,160,71,121,24,97.5,90,7,8.0,10.6,288452,132.9,5.3,3.05,192,0.499,705,3.5,2.6,0,1,0,0,0,0,0,1,3,4,0,0,275,6,2,1,62,female,standard,0,0
PAT-02456,shortness_of_breath,10,gradual,1_month,generalized,dull,0,worsening,0,0,0,0,0,1,0,0,0,0,129,96,119,24,101.8,90,6,4.9,15.5,222426,135.3,3.9,2.69,222,1.054,279,1.8,1.2,0,1,0,0,1,0,0,3,1,9,0,0,270,0,1,1,50,unknown,standard,1,0
PAT-02457,chest_pain,1,sudden,1_day,unknown,dull,0,improving,1,0,0,0,0,0,0,0,0,0,119,82,94,27,101.2,88,6,6.4,12.3,140563,140.4,3.2,1.88,167,0.443,447,0.8,1.3,1,0,0,0,0,0,0,1,2,2,0,0,339,0,1,1,58,unknown,standard,1,0
PAT-02458,chest_pain,6,sudden,3_days,generalized,aching,0,worsening,0,0,0,0,0,0,1,0,0,0,90,85,79,12,99.9,96,4,8.5,15.0,388170,138.4,4.9,2.47,106,0.836,623,2.9,2.8,0,1,1,1,0,0,0,0,4,11,0,0,107,1,1,1,74,unknown,standard,1,0
PAT-02459,abdominal_pain,3,gradual,3_days,unknown,throbbing,0,worsening,0,0,0,0,0,0,0,0,0,0,121,87,111,18,99.1,94,0,9.7,8.1,278243,141.4,5.0,1.91,171,1.081,548,4.0,1.6,0,0,0,0,0,0,1,3,0,2,1,0,359,1,3,1,79,male,standard,0,0
PAT-02460,back_pain,0,gradual,1_month,generalized,sharp,1,stable,0,1,0,0,0,0,0,0,0,0,120,86,86,20,99.2,96,5,13.7,13.7,321779,130.5,3.9,3.06,202,0.207,357,2.7,1.3,0,0,1,0,0,0,0,3,6,11,0,0,272,6,3,0,25,unknown,standard,1,0
PAT-02461,headache,3,gradual,1_week,leg,burning,1,worsening,0,0,0,0,0,1,0,0,0,0,168,86,100,12,101.9,98,5,10.1,10.5,218377,143.0,5.0,2.3,152,0.734,264,3.5,2.1,0,0,0,0,0,0,0,1,6,2,0,0,295,4,1,1,23,female,standard,1,0
PAT-02462,fever,5,chronic,1_day,chest,pressure,1,worsening,0,1,0,0,0,0,0,0,0,1,100,102,58,13,101.8,88,2,4.2,15.3,362153,145.8,5.0,2.47,157,1.09,536,0.7,1.1,0,0,0,1,0,0,0,4,0,3,0,0,264,3,3,1,24,unknown,standard,2,0
PAT-02463,injury,6,sudden,1_hour,generalized,dull,0,stable,0,0,0,1,1,0,0,0,0,0,156,77,77,13,102.4,95,4,14.5,16.0,393862,130.7,4.8,3.47,189,0.236,91,3.0,2.5,0,1,0,0,0,0,0,2,1,6,0,0,142,0,0,1,63,male,standard,2,0
PAT-02464,back_pain,6,chronic,2_hours,leg,burning,0,fluctuating,0,0,0,0,0,0,0,0,0,0,106,75,76,27,102.0,89,8,11.2,13.8,358927,137.9,3.3,2.86,205,1.187,145,1.1,2.8,0,1,0,0,0,0,0,2,4,6,0,0,344,5,2,0,28,unknown,standard,0,0
PAT-02465,shortness_of_breath,6,chronic,1_week,head,dull,0,stable,1,0,0,0,0,1,0,0,0,0,153,79,87,17,102.0,90,6,17.1,9.2,170429,141.8,4.7,1.5,126,0.441,200,3.1,1.5,1,0,0,0,0,0,0,2,0,8,1,0,175,6,0,1,43,female,standard,2,0
PAT-02466,chest_pain,2,sudden,1_day,arm,aching,1,stable,1,0,0,0,0,0,0,0,0,0,153,87,95,27,98.8,88,7,12.7,12.0,282463,137.6,5.3,2.86,85,0.265,536,2.7,2.5,0,1,1,0,0,0,0,1,3,11,1,0,163,2,2,1,75,female,standard,1,0
PAT-02467,other,5,sudden,3_days,generalized,sharp,0,improving,0,0,0,0,0,0,0,0,0,1,147,57,116,16,97.8,94,8,11.2,11.9,182271,139.5,4.6,3.3,83,1.006,54,1.4,1.0,1,0,0,0,0,0,0,4,5,0,1,1,333,5,1,1,26,unknown,standard,1,0
PAT-02468,abdominal_pain,7,gradual,1_day,unknown,aching,0,improving,0,0,0,0,0,0,0,0,0,0,159,60,92,25,102.0,99,5,7.8,15.1,235815,144.7,4.0,1.53,259,0.564,42,2.7,2.0,0,0,0,0,0,0,1,1,3,4,0,0,319,2,0,1,18,female,standard,0,0
PAT-02469,abdominal_pain,3,gradual,2_hours,chest,burning,0,stable,0,0,0,0,0,0,0,0,0,1,103,103,110,17,97.8,98,4,6.9,11.9,317210,138.6,4.5,2.99,264,0.806,681,3.0,3.1,0,0,0,0,0,0,0,2,6,6,0,0,156,7,3,1,79,male,standard,1,0
PAT-02470,other,7,chronic,1_month,unknown,pressure,0,improving,0,0,0,0,0,0,0,0,0,0,165,82,117,12,103.4,92,9,6.8,10.8,339450,133.8,5.5,1.37,258,0.59,387,3.8,2.1,0,1,1,1,0,0,0,2,1,3,0,0,249,2,3,1,77,female,standard,0,0
PAT-02471,headache,1,gradual,2_hours,leg,dull,0,stable,0,0,0,1,0,0,0,0,0,0,102,56,109,17,102.7,98,4,9.4,13.2,280536,141.8,4.3,1.92,200,0.774,136,3.8,1.8,0,1,0,0,0,0,0,2,0,9,0,0,93,3,3,1,46,female,standard,1,0
PAT-02472,back_pain,9,gradual,1_hour,leg,sharp,1,improving,0,0,0,0,0,0,0,0,0,0,157,86,105,22,100.6,90,4,6.0,13.5,195623,136.0,5.1,2.63,125,0.047,695,4.0,0.9,1,0,0,1,0,0,0,4,1,3,1,0,255,5,2,1,59,unknown,standard,0,0
PAT-02473,injury,8,sudden,1_hour,head,aching,0,worsening,0,0,0,0,0,0,0,0,0,0,101,80,119,17,99.4,91,3,15.7,14.9,312579,134.6,3.5,1.38,76,0.423,598,3.6,1.5,1,1,1,0,0,0,0,0,6,3,0,0,319,5,0,1,52,female,standard,0,0
PAT-02474,headache,8,sudden,2_hours,unknown,burning,0,improving,0,0,0,0,0,0,0,0,0,0,125,59,111,18,100.5,99,1,15.2,15.7,268980,134.0,3.3,1.22,151,0.79,47,2.5,1.9,1,0,0,0,0,0,0,2,5,4,0,0,77,7,1,1,36,female,standard,0,0
PAT-02475,other,7,gradual,1_week,back,aching,0,improving,0,0,0,0,1,0,0,0,0,0,117,65,81,23,101.8,99,6,14.1,15.6,285006,131.3,4.1,2.0,181,0.424,255,3.7,1.8,0,0,0,0,0,0,0,2,1,1,0,0,161,5,1,1,32,male,standard,1,0
PAT-02476,chest_pain,9,sudden,1_week,arm,dull,1,worsening,0,1,0,0,0,0,0,0,0,0,168,64,111,13,102.0,97,6,4.2,13.3,302156,144.9,3.5,2.89,217,0.932,476,3.2,1.9,0,0,0,0,0,0,0,4,2,0,0,0,334,4,1,1,72,male,standard,1,0
PAT-02477,other,9,gradual,3_days,unknown,dull,0,stable,0,0,0,0,0,0,0,0,0,0,139,69,109,17,97.7,93,7,4.5,12.5,129952,139.0,4.0,2.37,143,1.153,426,3.3,1.0,0,0,0,0,0,0,0,1,0,5,0,0,90,7,3,0,48,unknown,standard,0,0
PAT-02478,headache,0,sudden,1_hour,back,pressure,0,improving,0,0,0,0,0,0,0,0,0,0,166,72,58,26,102.3,93,7,12.7,14.8,320900,145.3,4.8,2.66,113,0.05,672,1.2,2.1,0,1,0,0,0,0,0,3,0,11,0,0,122,3,3,1,57,unknown,standard,0,0
PAT-02479,fever,1,sudden,3_days,chest,sharp,0,improving,0,0,0,0,0,0,0,0,0,0,108,103,119,20,101.2,89,10,14.4,10.6,150405,143.8,4.2,2.63,108,1.027,513,1.2,1.5,0,1,0,0,0,0,0,3,1,11,1,0,268,1,2,1,70,unknown,standard,0,0
PAT-02480,abdominal_pain,5,sudden,1_hour,arm,throbbing,0,worsening,0,0,0,0,0,1,0,0,0,0,161,68,110,27,97.5,94,7,3.9,14.4,184684,130.5,3.9,2.22,245,0.207,220,1.2,1.8,1,0,0,0,0,0,0,4,1,1,1,0,286,7,2,1,65,male,standard,1,0
PAT-02481,abdominal_pain,9,sudden,2_hours,unknown,aching,0,worsening,0,0,0,0,0,0,0,0,0,0,124,82,107,27,99.2,99,8,7.7,12.3,210776,134.0,5.3,1.58,140,1.101,600,1.4,2.9,0,0,0,0,0,0,0,0,5,6,1,1,280,4,0,1,40,male,standard,0,0
PAT-02482,shortness_of_breath,4,gradual,1_week,head,dull,0,worsening,1,0,0,0,0,0,0,0,0,0,112,84,98,26,100.4,89,5,5.5,9.1,167625,135.0,3.2,1.88,247,1.136,251,2.1,2.8,0,1,0,0,0,0,0,1,3,9,0,0,341,4,2,1,43,male,standard,1,0
PAT-02483,shortness_of_breath,8,chronic,1_week,chest,burning,0,fluctuating,0,0,0,0,0,0,0,0,0,0,151,67,70,20,98.4,96,3,6.9,14.4,208253,137.8,5.1,1.77,171,0.685,817,1.7,1.8,0,0,0,0,0,0,0,2,2,7,0,0,54,7,1,1,47,female,standard,0,0
PAT-02484,other,4,sudden,2_hours,arm,aching,0,worsening,0,0,0,0,0,0,0,0,0,0,159,74,77,13,98.2,89,1,11.0,13.5,350338,141.5,4.6,0.92,201,0.577,591,0.8,1.0,0,0,0,0,0,1,0,1,1,9,0,1,164,1,1,1,61,female,standard,0,0
PAT-02485,injury,1,gradual,3_days,unknown,pressure,0,stable,0,0,0,0,1,0,0,0,0,0,123,56,85,16,97.3,92,4,5.1,8.7,325852,140.9,3.3,3.22,101,0.911,628,3.2,2.9,1,1,0,0,0,0,1,0,0,2,0,0,138,2,3,1,71,female,standard,1,0
PAT-02486,chest_pain,9,gradual,3_days,unknown,pressure,0,improving,1,1,0,0,0,0,0,0,0,0,105,79,82,24,102.9,95,5,6.8,11.8,290538,145.8,3.3,2.5,141,1.102,61,2.1,1.8,0,0,0,0,0,0,0,2,2,8,1,0,164,2,2,0,81,male,standard,2,0
PAT-02487,fever,3,sudden,1_day,arm,dull,0,improving,0,0,0,0,0,0,0,0,0,0,121,98,104,18,97.6,95,6,11.7,12.1,403479,144.8,3.6,3.1,264,0.283,124,0.9,2.0,0,1,0,0,0,0,0,4,0,6,0,0,36,0,2,0,45,female,standard,0,0
PAT-02488,back_pain,8,chronic,1_hour,back,dull,0,fluctuating,0,0,0,0,0,0,0,0,1,0,86,97,70,16,99.5,98,5,10.9,13.6,259736,133.0,5.4,2.87,138,0.462,835,3.4,1.1,0,1,0,0,0,0,0,4,6,4,0,0,292,2,0,1,58,unknown,standard,1,0
PAT-02489,headache,0,sudden,3_days,chest,dull,0,improving,0,0,0,0,0,0,0,0,0,0,90,66,95,24,98.5,91,3,15.9,13.8,296238,143.8,3.4,0.89,204,0.504,735,0.7,2.5,0,1,0,0,1,0,0,2,2,3,0,0,133,3,2,1,39,male,standard,0,0
PAT-02490,injury,10,gradual,2_hours,head,unknown,0,improving,0,0,0,0,0,0,0,0,0,0,136,79,63,14,101.9,94,3,5.7,9.6,134192,143.5,4.9,1.31,230,1.016,169,2.6,2.5,0,0,0,0,0,1,0,2,3,6,0,0,109,4,2,0,54,female,standard,0,0
PAT-02491,chest_pain,0,chronic,3_days,head,throbbing,0,stable,1,1,0,0,0,0,0,0,0,0,89,58,56,12,101.7,95,6,8.9,8.3,122878,139.2,4.1,3.36,192,0.169,530,3.3,1.8,0,0,0,0,0,0,0,4,5,5,1,0,15,5,2,1,82,unknown,standard,2,0
PAT-02492,shortness_of_breath,6,gradual,1_week,chest,dull,1,improving,0,0,0,0,0,0,0,0,0,0,131,96,97,24,102.3,95,0,16.9,14.7,244949,135.4,3.7,1.99,243,0.75,779,1.9,2.9,1,1,0,0,0,0,0,0,5,5,0,0,16,0,1,1,59,unknown,standard,0,0
PAT-02493,other,10,sudden,1_hour,chest,aching,0,stable,0,0,0,0,0,0,0,0,0,1,127,66,120,27,101.1,92,2,15.0,16.3,126131,133.3,4.5,2.97,188,0.424,348,2.7,1.0,0,0,0,1,0,0,0,0,5,1,0,0,25,0,3,1,81,male,standard,1,0
PAT-02494,headache,2,chronic,1_month,leg,aching,0,fluctuating,0,0,0,0,0,0,0,0,0,0,124,61,103,18,100.9,97,9,12.2,16.0,140360,133.4,4.0,2.31,161,1.063,114,0.8,1.6,0,1,0,0,0,0,0,4,5,3,0,0,281,2,3,1,82,female,standard,0,0
PAT-02495,shortness_of_breath,9,gradual,1_day,abdomen,unknown,1,stable,0,0,1,0,0,0,0,0,0,0,95,92,75,26,99.8,89,1,14.7,12.3,178865,135.4,3.9,3.01,171,0.411,69,1.5,1.4,0,0,1,0,0,0,0,1,5,7,1,0,142,0,0,0,34,male,standard,1,0
PAT-02496,other,1,gradual,1_hour,unknown,unknown,0,worsening,1,0,0,0,0,0,0,0,0,0,165,94,73,26,101.2,89,1,10.0,12.5,185861,138.1,3.8,2.76,254,1.174,722,3.0,2.5,0,0,1,0,0,0,0,0,4,11,0,0,141,7,3,1,22,unknown,standard,1,0
PAT-02497,headache,8,gradual,1_week,back,sharp,1,worsening,1,0,0,0,0,0,0,0,0,1,98,86,111,24,97.9,92,6,16.7,15.9,243481,139.3,4.3,1.48,88,0.024,707,3.4,1.4,0,0,0,0,1,0,0,0,4,6,0,0,292,6,0,1,46,unknown,standard,2,0
PAT-02498,back_pain,2,sudden,1_week,chest,burning,0,fluctuating,0,0,0,0,0,0,1,0,0,0,86,97,114,19,101.5,91,4,12.2,12.6,362015,135.2,3.6,3.48,135,0.291,458,1.0,2.5,0,1,1,1,0,0,0,0,1,2,0,0,217,0,0,1,44,unknown,standard,1,0
PAT-02499,chest_pain,1,chronic,1_week,chest,dull,0,improving,0,0,0,1,0,1,0,0,0,0,123,60,73,27,97.9,91,2,13.6,10.4,259667,135.7,5.2,2.07,124,0.551,567,4.1,2.7,0,0,1,0,0,0,0,3,4,3,0,0,22,1,1,0,64,unknown,standard,2,0
PAT-02500,headache,7,sudden,1_week,abdomen,aching,0,stable,0,0,1,0,0,0,0,0,0,0,147,81,118,17,102.6,90,8,13.0,13.8,404514,130.2,4.6,2.34,87,0.311,816,2.0,2.7,1,1,0,0,0,0,0,3,5,2,1,0,310,5,1,1,57,unknown,standard,1,0
